Title,Title_URL,Image,Price,instock,btn
A Light in the ...,https://books.toscrape.com/catalogue/a-light-in-the-attic_1000/index.html,https://books.toscrape.com/media/cache/2c/da/2cdad67c44b002e7ead0cc35693c0e8b.jpg,£51.77,"
    
    
        In stock
    
",Add to basket
Tipping the Velvet,https://books.toscrape.com/catalogue/tipping-the-velvet_999/index.html,https://books.toscrape.com/media/cache/26/0c/260c6ae16bce31c8f8c95daddd9f4a1c.jpg,£53.74,"
    
    
        In stock
    
",Add to basket
Soumission,https://books.toscrape.com/catalogue/soumission_998/index.html,https://books.toscrape.com/media/cache/3e/ef/3eef99c9d9adef34639f510662022830.jpg,£50.10,"
    
    
        In stock
    
",Add to basket
Sharp Objects,https://books.toscrape.com/catalogue/sharp-objects_997/index.html,https://books.toscrape.com/media/cache/32/51/3251cf3a3412f53f339e42cac2134093.jpg,£47.82,"
    
    
        In stock
    
",Add to basket
Sapiens: A Brief History ...,https://books.toscrape.com/catalogue/sapiens-a-brief-history-of-humankind_996/index.html,https://books.toscrape.com/media/cache/be/a5/bea5697f2534a2f86a3ef27b5a8c12a6.jpg,£54.23,"
    
    
        In stock
    
",Add to basket
The Requiem Red,https://books.toscrape.com/catalogue/the-requiem-red_995/index.html,https://books.toscrape.com/media/cache/68/33/68339b4c9bc034267e1da611ab3b34f8.jpg,£22.65,"
    
    
        In stock
    
",Add to basket
The Dirty Little Secrets ...,https://books.toscrape.com/catalogue/the-dirty-little-secrets-of-getting-your-dream-job_994/index.html,https://books.toscrape.com/media/cache/92/27/92274a95b7c251fea59a2b8a78275ab4.jpg,£33.34,"
    
    
        In stock
    
",Add to basket
The Coming Woman: A ...,https://books.toscrape.com/catalogue/the-coming-woman-a-novel-based-on-the-life-of-the-infamous-feminist-victoria-woodhull_993/index.html,https://books.toscrape.com/media/cache/3d/54/3d54940e57e662c4dd1f3ff00c78cc64.jpg,£17.93,"
    
    
        In stock
    
",Add to basket
The Boys in the ...,https://books.toscrape.com/catalogue/the-boys-in-the-boat-nine-americans-and-their-epic-quest-for-gold-at-the-1936-berlin-olympics_992/index.html,https://books.toscrape.com/media/cache/66/88/66883b91f6804b2323c8369331cb7dd1.jpg,£22.60,"
    
    
        In stock
    
",Add to basket
The Black Maria,https://books.toscrape.com/catalogue/the-black-maria_991/index.html,https://books.toscrape.com/media/cache/58/46/5846057e28022268153beff6d352b06c.jpg,£52.15,"
    
    
        In stock
    
",Add to basket
Starving Hearts (Triangular Trade ...,https://books.toscrape.com/catalogue/starving-hearts-triangular-trade-trilogy-1_990/index.html,https://books.toscrape.com/media/cache/be/f4/bef44da28c98f905a3ebec0b87be8530.jpg,£13.99,"
    
    
        In stock
    
",Add to basket
Shakespeare's Sonnets,https://books.toscrape.com/catalogue/shakespeares-sonnets_989/index.html,https://books.toscrape.com/media/cache/10/48/1048f63d3b5061cd2f424d20b3f9b666.jpg,£20.66,"
    
    
        In stock
    
",Add to basket
Set Me Free,https://books.toscrape.com/catalogue/set-me-free_988/index.html,https://books.toscrape.com/media/cache/5b/88/5b88c52633f53cacf162c15f4f823153.jpg,£17.46,"
    
    
        In stock
    
",Add to basket
Scott Pilgrim's Precious Little ...,https://books.toscrape.com/catalogue/scott-pilgrims-precious-little-life-scott-pilgrim-1_987/index.html,https://books.toscrape.com/media/cache/94/b1/94b1b8b244bce9677c2f29ccc890d4d2.jpg,£52.29,"
    
    
        In stock
    
",Add to basket
Rip it Up and ...,https://books.toscrape.com/catalogue/rip-it-up-and-start-again_986/index.html,https://books.toscrape.com/media/cache/81/c4/81c4a973364e17d01f217e1188253d5e.jpg,£35.02,"
    
    
        In stock
    
",Add to basket
Our Band Could Be ...,https://books.toscrape.com/catalogue/our-band-could-be-your-life-scenes-from-the-american-indie-underground-1981-1991_985/index.html,https://books.toscrape.com/media/cache/54/60/54607fe8945897cdcced0044103b10b6.jpg,£57.25,"
    
    
        In stock
    
",Add to basket
Olio,https://books.toscrape.com/catalogue/olio_984/index.html,https://books.toscrape.com/media/cache/55/33/553310a7162dfbc2c6d19a84da0df9e1.jpg,£23.88,"
    
    
        In stock
    
",Add to basket
Mesaerion: The Best Science ...,https://books.toscrape.com/catalogue/mesaerion-the-best-science-fiction-stories-1800-1849_983/index.html,https://books.toscrape.com/media/cache/09/a3/09a3aef48557576e1a85ba7efea8ecb7.jpg,£37.59,"
    
    
        In stock
    
",Add to basket
Libertarianism for Beginners,https://books.toscrape.com/catalogue/libertarianism-for-beginners_982/index.html,https://books.toscrape.com/media/cache/0b/bc/0bbcd0a6f4bcd81ccb1049a52736406e.jpg,£51.33,"
    
    
        In stock
    
",Add to basket
It's Only the Himalayas,https://books.toscrape.com/catalogue/its-only-the-himalayas_981/index.html,https://books.toscrape.com/media/cache/27/a5/27a53d0bb95bdd88288eaf66c9230d7e.jpg,£45.17,"
    
    
        In stock
    
",Add to basket
In Her Wake,https://books.toscrape.com/catalogue/in-her-wake_980/index.html,https://books.toscrape.com/media/cache/5d/72/5d72709c6a7a9584a4d1cf07648bfce1.jpg,£12.84,"
    
    
        In stock
    
",Add to basket
How Music Works,https://books.toscrape.com/catalogue/how-music-works_979/index.html,https://books.toscrape.com/media/cache/5c/c8/5cc8e107246cb478960d4f0aba1e1c8e.jpg,£37.32,"
    
    
        In stock
    
",Add to basket
Foolproof Preserving: A Guide ...,https://books.toscrape.com/catalogue/foolproof-preserving-a-guide-to-small-batch-jams-jellies-pickles-condiments-and-more-a-foolproof-guide-to-making-small-batch-jams-jellies-pickles-condiments-and-more_978/index.html,https://books.toscrape.com/media/cache/9f/59/9f59f01fa916a7bb8f0b28a4012179a4.jpg,£30.52,"
    
    
        In stock
    
",Add to basket
Chase Me (Paris Nights ...,https://books.toscrape.com/catalogue/chase-me-paris-nights-2_977/index.html,https://books.toscrape.com/media/cache/9c/2e/9c2e0eb8866b8e3f3b768994fd3d1c1a.jpg,£25.27,"
    
    
        In stock
    
",Add to basket
Black Dust,https://books.toscrape.com/catalogue/black-dust_976/index.html,https://books.toscrape.com/media/cache/44/cc/44ccc99c8f82c33d4f9d2afa4ef25787.jpg,£34.53,"
    
    
        In stock
    
",Add to basket
Birdsong: A Story in ...,https://books.toscrape.com/catalogue/birdsong-a-story-in-pictures_975/index.html,https://books.toscrape.com/media/cache/af/6e/af6e796160fe63e0cf19d44395c7ddf2.jpg,£54.64,"
    
    
        In stock
    
",Add to basket
America's Cradle of Quarterbacks: ...,https://books.toscrape.com/catalogue/americas-cradle-of-quarterbacks-western-pennsylvanias-football-factory-from-johnny-unitas-to-joe-montana_974/index.html,https://books.toscrape.com/media/cache/ef/0b/ef0bed08de4e083dba5e20fdb98d9c36.jpg,£22.50,"
    
    
        In stock
    
",Add to basket
Aladdin and His Wonderful ...,https://books.toscrape.com/catalogue/aladdin-and-his-wonderful-lamp_973/index.html,https://books.toscrape.com/media/cache/d6/da/d6da0371958068bbaf39ea9c174275cd.jpg,£53.13,"
    
    
        In stock
    
",Add to basket
Worlds Elsewhere: Journeys Around ...,https://books.toscrape.com/catalogue/worlds-elsewhere-journeys-around-shakespeares-globe_972/index.html,https://books.toscrape.com/media/cache/2e/98/2e98c332bf8563b584784971541c4445.jpg,£40.30,"
    
    
        In stock
    
",Add to basket
Wall and Piece,https://books.toscrape.com/catalogue/wall-and-piece_971/index.html,https://books.toscrape.com/media/cache/a5/41/a5416b9646aaa7287baa287ec2590270.jpg,£44.18,"
    
    
        In stock
    
",Add to basket
The Four Agreements: A ...,https://books.toscrape.com/catalogue/the-four-agreements-a-practical-guide-to-personal-freedom_970/index.html,https://books.toscrape.com/media/cache/0f/7e/0f7ee69495c0df1d35723f012624a9f8.jpg,£17.66,"
    
    
        In stock
    
",Add to basket
The Five Love Languages: ...,https://books.toscrape.com/catalogue/the-five-love-languages-how-to-express-heartfelt-commitment-to-your-mate_969/index.html,https://books.toscrape.com/media/cache/38/c5/38c56fba316c07305643a8065269594e.jpg,£31.05,"
    
    
        In stock
    
",Add to basket
The Elephant Tree,https://books.toscrape.com/catalogue/the-elephant-tree_968/index.html,https://books.toscrape.com/media/cache/5d/7e/5d7ecde8e81513eba8a64c9fe000744b.jpg,£23.82,"
    
    
        In stock
    
",Add to basket
The Bear and the ...,https://books.toscrape.com/catalogue/the-bear-and-the-piano_967/index.html,https://books.toscrape.com/media/cache/cf/bb/cfbb5e62715c6d888fd07794c9bab5d6.jpg,£36.89,"
    
    
        In stock
    
",Add to basket
Sophie's World,https://books.toscrape.com/catalogue/sophies-world_966/index.html,https://books.toscrape.com/media/cache/65/71/6571919836ec51ed54f0050c31d8a0cd.jpg,£15.94,"
    
    
        In stock
    
",Add to basket
Penny Maybe,https://books.toscrape.com/catalogue/penny-maybe_965/index.html,https://books.toscrape.com/media/cache/12/53/1253c21c5ef3c6d075c5fa3f5fecee6a.jpg,£33.29,"
    
    
        In stock
    
",Add to basket
Maude (1883-1993):She Grew Up ...,https://books.toscrape.com/catalogue/maude-1883-1993she-grew-up-with-the-country_964/index.html,https://books.toscrape.com/media/cache/f5/88/f5889d038f5d8e949b494d147c2dcf54.jpg,£18.02,"
    
    
        In stock
    
",Add to basket
"In a Dark, Dark ...",https://books.toscrape.com/catalogue/in-a-dark-dark-wood_963/index.html,https://books.toscrape.com/media/cache/23/85/238570a1c284e730dbc737a7e631ae2b.jpg,£19.63,"
    
    
        In stock
    
",Add to basket
Behind Closed Doors,https://books.toscrape.com/catalogue/behind-closed-doors_962/index.html,https://books.toscrape.com/media/cache/e1/5c/e15c289ba58cea38519e1281e859f0c1.jpg,£52.22,"
    
    
        In stock
    
",Add to basket
You can't bury them ...,https://books.toscrape.com/catalogue/you-cant-bury-them-all-poems_961/index.html,https://books.toscrape.com/media/cache/e9/20/e9203b733126c4a0832a1c7885dc27cf.jpg,£33.63,"
    
    
        In stock
    
",Add to basket
Slow States of Collapse: ...,https://books.toscrape.com/catalogue/slow-states-of-collapse-poems_960/index.html,https://books.toscrape.com/media/cache/72/41/72417db983862010ef0c1a25de98c7d7.jpg,£57.31,"
    
    
        In stock
    
",Add to basket
Reasons to Stay Alive,https://books.toscrape.com/catalogue/reasons-to-stay-alive_959/index.html,https://books.toscrape.com/media/cache/cb/bd/cbbdb0222ee8a0f6ab61657412a15794.jpg,£26.41,"
    
    
        In stock
    
",Add to basket
Private Paris (Private #10),https://books.toscrape.com/catalogue/private-paris-private-10_958/index.html,https://books.toscrape.com/media/cache/9d/05/9d0533bae1578846d728a82913b95c26.jpg,£47.61,"
    
    
        In stock
    
",Add to basket
#HigherSelfie: Wake Up Your ...,https://books.toscrape.com/catalogue/higherselfie-wake-up-your-life-free-your-soul-find-your-tribe_957/index.html,https://books.toscrape.com/media/cache/9c/46/9c463c7631c82401160fd3b554b8f0e1.jpg,£23.11,"
    
    
        In stock
    
",Add to basket
Without Borders (Wanderlove #1),https://books.toscrape.com/catalogue/without-borders-wanderlove-1_956/index.html,https://books.toscrape.com/media/cache/24/e2/24e2f5c9d325c4004d8190c054da86dd.jpg,£45.07,"
    
    
        In stock
    
",Add to basket
When We Collided,https://books.toscrape.com/catalogue/when-we-collided_955/index.html,https://books.toscrape.com/media/cache/08/04/08044269fc197645268a6197c57e6173.jpg,£31.77,"
    
    
        In stock
    
",Add to basket
"We Love You, Charlie ...",https://books.toscrape.com/catalogue/we-love-you-charlie-freeman_954/index.html,https://books.toscrape.com/media/cache/5f/15/5f152afdbc42356ecba02f61058a7e5b.jpg,£50.27,"
    
    
        In stock
    
",Add to basket
Untitled Collection: Sabbath Poems ...,https://books.toscrape.com/catalogue/untitled-collection-sabbath-poems-2014_953/index.html,https://books.toscrape.com/media/cache/f9/3b/f93b4a650f03a5d21f2436d7813f42c2.jpg,£14.27,"
    
    
        In stock
    
",Add to basket
Unseen City: The Majesty ...,https://books.toscrape.com/catalogue/unseen-city-the-majesty-of-pigeons-the-discreet-charm-of-snails-other-wonders-of-the-urban-wilderness_952/index.html,https://books.toscrape.com/media/cache/41/a2/41a20f35adf0caea24f208dc01ad7681.jpg,£44.18,"
    
    
        In stock
    
",Add to basket
Unicorn Tracks,https://books.toscrape.com/catalogue/unicorn-tracks_951/index.html,https://books.toscrape.com/media/cache/76/8e/768ea5924ac1ef6297c2be9959c796c2.jpg,£18.78,"
    
    
        In stock
    
",Add to basket
Unbound: How Eight Technologies ...,https://books.toscrape.com/catalogue/unbound-how-eight-technologies-made-us-human-transformed-society-and-brought-our-world-to-the-brink_950/index.html,https://books.toscrape.com/media/cache/4a/3b/4a3b055f9e378a95fedbef55e7bab7ce.jpg,£25.52,"
    
    
        In stock
    
",Add to basket
Tsubasa: WoRLD CHRoNiCLE 2 ...,https://books.toscrape.com/catalogue/tsubasa-world-chronicle-2-tsubasa-world-chronicle-2_949/index.html,https://books.toscrape.com/media/cache/36/df/36df4caaf1420b1183a8235355d39e69.jpg,£16.28,"
    
    
        In stock
    
",Add to basket
Throwing Rocks at the ...,https://books.toscrape.com/catalogue/throwing-rocks-at-the-google-bus-how-growth-became-the-enemy-of-prosperity_948/index.html,https://books.toscrape.com/media/cache/03/86/038650c9e7517b4baf2a423cd8eed38f.jpg,£31.12,"
    
    
        In stock
    
",Add to basket
This One Summer,https://books.toscrape.com/catalogue/this-one-summer_947/index.html,https://books.toscrape.com/media/cache/c4/dd/c4ddd9ced89966b0602ec85e00cd5b61.jpg,£19.49,"
    
    
        In stock
    
",Add to basket
Thirst,https://books.toscrape.com/catalogue/thirst_946/index.html,https://books.toscrape.com/media/cache/c4/0a/c40a64f59e7487b1a80a049f6ceb2ba5.jpg,£17.27,"
    
    
        In stock
    
",Add to basket
The Torch Is Passed: ...,https://books.toscrape.com/catalogue/the-torch-is-passed-a-harding-family-story_945/index.html,https://books.toscrape.com/media/cache/33/e5/33e507172541628acfd421503196b578.jpg,£19.09,"
    
    
        In stock
    
",Add to basket
The Secret of Dreadwillow ...,https://books.toscrape.com/catalogue/the-secret-of-dreadwillow-carse_944/index.html,https://books.toscrape.com/media/cache/c4/a2/c4a2a1a026c67bcceb5a411c724d7d0c.jpg,£56.13,"
    
    
        In stock
    
",Add to basket
The Pioneer Woman Cooks: ...,https://books.toscrape.com/catalogue/the-pioneer-woman-cooks-dinnertime-comfort-classics-freezer-food-16-minute-meals-and-other-delicious-ways-to-solve-supper_943/index.html,https://books.toscrape.com/media/cache/b7/f4/b7f4843dbe062d44be1ffcfa16b2faa4.jpg,£56.41,"
    
    
        In stock
    
",Add to basket
The Past Never Ends,https://books.toscrape.com/catalogue/the-past-never-ends_942/index.html,https://books.toscrape.com/media/cache/89/b8/89b850edb01851a91f64ba114b96acb6.jpg,£56.50,"
    
    
        In stock
    
",Add to basket
The Natural History of ...,https://books.toscrape.com/catalogue/the-natural-history-of-us-the-fine-art-of-pretending-2_941/index.html,https://books.toscrape.com/media/cache/5d/7f/5d7f496cdf5e5962a73ecdcc1505c1d5.jpg,£45.22,"
    
    
        In stock
    
",Add to basket
The Nameless City (The ...,https://books.toscrape.com/catalogue/the-nameless-city-the-nameless-city-1_940/index.html,https://books.toscrape.com/media/cache/f4/79/f479de5f305c2ac0512702cf7155bb74.jpg,£38.16,"
    
    
        In stock
    
",Add to basket
The Murder That Never ...,https://books.toscrape.com/catalogue/the-murder-that-never-was-forensic-instincts-5_939/index.html,https://books.toscrape.com/media/cache/dc/44/dc44f8e2aebac48ca8553814d9b021a8.jpg,£54.11,"
    
    
        In stock
    
",Add to basket
The Most Perfect Thing: ...,https://books.toscrape.com/catalogue/the-most-perfect-thing-inside-and-outside-a-birds-egg_938/index.html,https://books.toscrape.com/media/cache/d4/8d/d48d5122a15347e9fe2b15ad354d69bf.jpg,£42.96,"
    
    
        In stock
    
",Add to basket
The Mindfulness and Acceptance ...,https://books.toscrape.com/catalogue/the-mindfulness-and-acceptance-workbook-for-anxiety-a-guide-to-breaking-free-from-anxiety-phobias-and-worry-using-acceptance-and-commitment-therapy_937/index.html,https://books.toscrape.com/media/cache/f8/6d/f86d08178e3788563ac17be5aefd29f0.jpg,£23.89,"
    
    
        In stock
    
",Add to basket
The Life-Changing Magic of ...,https://books.toscrape.com/catalogue/the-life-changing-magic-of-tidying-up-the-japanese-art-of-decluttering-and-organizing_936/index.html,https://books.toscrape.com/media/cache/95/64/95647d6a526bf54120b9445e124794e1.jpg,£16.77,"
    
    
        In stock
    
",Add to basket
The Inefficiency Assassin: Time ...,https://books.toscrape.com/catalogue/the-inefficiency-assassin-time-management-tactics-for-working-smarter-not-longer_935/index.html,https://books.toscrape.com/media/cache/75/dc/75dce2f5949b407161f37f0af249b018.jpg,£20.59,"
    
    
        In stock
    
",Add to basket
The Gutsy Girl: Escapades ...,https://books.toscrape.com/catalogue/the-gutsy-girl-escapades-for-your-life-of-epic-adventure_934/index.html,https://books.toscrape.com/media/cache/64/15/641570cd7e7aded53c7d33d78a9629f1.jpg,£37.13,"
    
    
        In stock
    
",Add to basket
The Electric Pencil: Drawings ...,https://books.toscrape.com/catalogue/the-electric-pencil-drawings-from-inside-state-hospital-no-3_933/index.html,https://books.toscrape.com/media/cache/2e/23/2e236e23ad52aa74505f224f6552eda8.jpg,£56.06,"
    
    
        In stock
    
",Add to basket
The Death of Humanity: ...,https://books.toscrape.com/catalogue/the-death-of-humanity-and-the-case-for-life_932/index.html,https://books.toscrape.com/media/cache/71/df/71df730cf38c232ee58a2e407135f055.jpg,£58.11,"
    
    
        In stock
    
",Add to basket
The Bulletproof Diet: Lose ...,https://books.toscrape.com/catalogue/the-bulletproof-diet-lose-up-to-a-pound-a-day-reclaim-energy-and-focus-upgrade-your-life_931/index.html,https://books.toscrape.com/media/cache/ee/3e/ee3e219d23e73ba71c79b700f183aaed.jpg,£49.05,"
    
    
        In stock
    
",Add to basket
The Art Forger,https://books.toscrape.com/catalogue/the-art-forger_930/index.html,https://books.toscrape.com/media/cache/70/fa/70fa6c0437d9c97dbeada6bd32bf9d2c.jpg,£40.76,"
    
    
        In stock
    
",Add to basket
The Age of Genius: ...,https://books.toscrape.com/catalogue/the-age-of-genius-the-seventeenth-century-and-the-birth-of-the-modern-mind_929/index.html,https://books.toscrape.com/media/cache/2d/4e/2d4e358712e6c9f1d3bdd78d1a16e5a8.jpg,£19.73,"
    
    
        In stock
    
",Add to basket
The Activist's Tao Te ...,https://books.toscrape.com/catalogue/the-activists-tao-te-ching-ancient-advice-for-a-modern-revolution_928/index.html,https://books.toscrape.com/media/cache/96/db/96db61bb53930c560fb4c1c62b583816.jpg,£32.24,"
    
    
        In stock
    
",Add to basket
Spark Joy: An Illustrated ...,https://books.toscrape.com/catalogue/spark-joy-an-illustrated-master-class-on-the-art-of-organizing-and-tidying-up_927/index.html,https://books.toscrape.com/media/cache/f3/4f/f34ffb24cc21c9f9f52dad4fd8f3ac21.jpg,£41.83,"
    
    
        In stock
    
",Add to basket
Soul Reader,https://books.toscrape.com/catalogue/soul-reader_926/index.html,https://books.toscrape.com/media/cache/69/85/69852567cf97264a1442cbc882c84903.jpg,£39.58,"
    
    
        In stock
    
",Add to basket
Security,https://books.toscrape.com/catalogue/security_925/index.html,https://books.toscrape.com/media/cache/da/df/dadfac66a89774b46b10225362724c83.jpg,£39.25,"
    
    
        In stock
    
",Add to basket
"Saga, Volume 6 (Saga ...",https://books.toscrape.com/catalogue/saga-volume-6-saga-collected-editions-6_924/index.html,https://books.toscrape.com/media/cache/43/ae/43aee83ebb31e2122a7215e413770e5c.jpg,£25.02,"
    
    
        In stock
    
",Add to basket
"Saga, Volume 5 (Saga ...",https://books.toscrape.com/catalogue/saga-volume-5-saga-collected-editions-5_923/index.html,https://books.toscrape.com/media/cache/e1/ea/e1ea6cb36e62ae6dc7b805f68ab9a700.jpg,£51.04,"
    
    
        In stock
    
",Add to basket
Reskilling America: Learning to ...,https://books.toscrape.com/catalogue/reskilling-america-learning-to-labor-in-the-twenty-first-century_922/index.html,https://books.toscrape.com/media/cache/97/f8/97f8debeeaaece9603267653076e760f.jpg,£19.83,"
    
    
        In stock
    
",Add to basket
"Rat Queens, Vol. 3: ...",https://books.toscrape.com/catalogue/rat-queens-vol-3-demons-rat-queens-collected-editions-11-15_921/index.html,https://books.toscrape.com/media/cache/f3/ef/f3efd43ae0fa85d9b325d5e8783e7af5.jpg,£50.40,"
    
    
        In stock
    
",Add to basket
"Princess Jellyfish 2-in-1 Omnibus, ...",https://books.toscrape.com/catalogue/princess-jellyfish-2-in-1-omnibus-vol-01-princess-jellyfish-2-in-1-omnibus-1_920/index.html,https://books.toscrape.com/media/cache/78/0b/780b2c28122750c2c383846155815bf7.jpg,£13.61,"
    
    
        In stock
    
",Add to basket
Princess Between Worlds (Wide-Awake ...,https://books.toscrape.com/catalogue/princess-between-worlds-wide-awake-princess-5_919/index.html,https://books.toscrape.com/media/cache/b7/e8/b7e84b78be3d9bb79b71156a5e5d4e42.jpg,£13.34,"
    
    
        In stock
    
",Add to basket
"Pop Gun War, Volume ...",https://books.toscrape.com/catalogue/pop-gun-war-volume-1-gift_918/index.html,https://books.toscrape.com/media/cache/c8/2f/c82f629a31b3f47bdb17ac14aa51076d.jpg,£18.97,"
    
    
        In stock
    
",Add to basket
"Political Suicide: Missteps, Peccadilloes, ...",https://books.toscrape.com/catalogue/political-suicide-missteps-peccadilloes-bad-calls-backroom-hijinx-sordid-pasts-rotten-breaks-and-just-plain-dumb-mistakes-in-the-annals-of-american-politics_917/index.html,https://books.toscrape.com/media/cache/64/44/6444dacdcb9edaadbbd691524622aeb8.jpg,£36.28,"
    
    
        In stock
    
",Add to basket
Patience,https://books.toscrape.com/catalogue/patience_916/index.html,https://books.toscrape.com/media/cache/01/72/01726c619a05114dca75bd840095016d.jpg,£10.16,"
    
    
        In stock
    
",Add to basket
"Outcast, Vol. 1: A ...",https://books.toscrape.com/catalogue/outcast-vol-1-a-darkness-surrounds-him-outcast-1_915/index.html,https://books.toscrape.com/media/cache/cb/00/cb004189f548d75ad430d3ed19e6daa9.jpg,£15.44,"
    
    
        In stock
    
",Add to basket
orange: The Complete Collection ...,https://books.toscrape.com/catalogue/orange-the-complete-collection-1-orange-the-complete-collection-1_914/index.html,https://books.toscrape.com/media/cache/03/88/03886a8502ca54dbce0d91c2568ab69d.jpg,£48.41,"
    
    
        In stock
    
",Add to basket
Online Marketing for Busy ...,https://books.toscrape.com/catalogue/online-marketing-for-busy-authors-a-step-by-step-guide_913/index.html,https://books.toscrape.com/media/cache/ea/9b/ea9b2cb8abbb317402e618445bade1e1.jpg,£46.35,"
    
    
        In stock
    
",Add to basket
On a Midnight Clear,https://books.toscrape.com/catalogue/on-a-midnight-clear_912/index.html,https://books.toscrape.com/media/cache/a1/14/a114d70e7babf110ba42a389078e9a45.jpg,£14.07,"
    
    
        In stock
    
",Add to basket
Obsidian (Lux #1),https://books.toscrape.com/catalogue/obsidian-lux-1_911/index.html,https://books.toscrape.com/media/cache/fc/72/fc72f158554b4b4164701e1dfa1153c7.jpg,£14.86,"
    
    
        In stock
    
",Add to basket
My Paris Kitchen: Recipes ...,https://books.toscrape.com/catalogue/my-paris-kitchen-recipes-and-stories_910/index.html,https://books.toscrape.com/media/cache/f5/65/f565af3d9dd20a1ad72a1e7c4157387d.jpg,£33.37,"
    
    
        In stock
    
",Add to basket
Masks and Shadows,https://books.toscrape.com/catalogue/masks-and-shadows_909/index.html,https://books.toscrape.com/media/cache/ff/e8/ffe81bf98f8386ef29e193abfb6f9c1e.jpg,£56.40,"
    
    
        In stock
    
",Add to basket
Mama Tried: Traditional Italian ...,https://books.toscrape.com/catalogue/mama-tried-traditional-italian-cooking-for-the-screwed-crude-vegan-and-tattooed_908/index.html,https://books.toscrape.com/media/cache/10/c6/10c61093002db1fec4089d8076678624.jpg,£14.02,"
    
    
        In stock
    
",Add to basket
"Lumberjanes, Vol. 2: Friendship ...",https://books.toscrape.com/catalogue/lumberjanes-vol-2-friendship-to-the-max-lumberjanes-5-8_907/index.html,https://books.toscrape.com/media/cache/d3/15/d3158e8d3546fb90cced3c1d44a92a34.jpg,£46.91,"
    
    
        In stock
    
",Add to basket
"Lumberjanes, Vol. 1: Beware ...",https://books.toscrape.com/catalogue/lumberjanes-vol-1-beware-the-kitten-holy-lumberjanes-1-4_906/index.html,https://books.toscrape.com/media/cache/7e/a0/7ea062007ef00107e3c16d336b41fab2.jpg,£45.61,"
    
    
        In stock
    
",Add to basket
Lumberjanes Vol. 3: A ...,https://books.toscrape.com/catalogue/lumberjanes-vol-3-a-terrible-plan-lumberjanes-9-12_905/index.html,https://books.toscrape.com/media/cache/5f/b1/5fb1bf88dcfda795606745ce35be5975.jpg,£19.92,"
    
    
        In stock
    
",Add to basket
"Layered: Baking, Building, and ...",https://books.toscrape.com/catalogue/layered-baking-building-and-styling-spectacular-cakes_904/index.html,https://books.toscrape.com/media/cache/98/d1/98d1c979c4bac9e147a6718946578b0f.jpg,£40.11,"
    
    
        In stock
    
",Add to basket
Judo: Seven Steps to ...,https://books.toscrape.com/catalogue/judo-seven-steps-to-black-belt-an-introductory-guide-for-beginners_903/index.html,https://books.toscrape.com/media/cache/5f/52/5f52b1bc6d45daab2e330c744feb0359.jpg,£53.90,"
    
    
        In stock
    
",Add to basket
Join,https://books.toscrape.com/catalogue/join_902/index.html,https://books.toscrape.com/media/cache/93/63/9363f0065fbad5689f44fcf6e203eef3.jpg,£35.67,"
    
    
        In stock
    
",Add to basket
In the Country We ...,https://books.toscrape.com/catalogue/in-the-country-we-love-my-family-divided_901/index.html,https://books.toscrape.com/media/cache/fe/ea/feeafd2ad7b3077f8e74cbb1da9e3c7d.jpg,£22.00,"
    
    
        In stock
    
",Add to basket
Immunity: How Elie Metchnikoff ...,https://books.toscrape.com/catalogue/immunity-how-elie-metchnikoff-changed-the-course-of-modern-medicine_900/index.html,https://books.toscrape.com/media/cache/26/1c/261c4eaf957ae4aacf2229b482e76dbe.jpg,£57.36,"
    
    
        In stock
    
",Add to basket
"I Hate Fairyland, Vol. ...",https://books.toscrape.com/catalogue/i-hate-fairyland-vol-1-madly-ever-after-i-hate-fairyland-compilations-1-5_899/index.html,https://books.toscrape.com/media/cache/aa/74/aa74004807e97a79aa084b5db329a99b.jpg,£29.17,"
    
    
        In stock
    
",Add to basket
I am a Hero ...,https://books.toscrape.com/catalogue/i-am-a-hero-omnibus-volume-1_898/index.html,https://books.toscrape.com/media/cache/16/d4/16d443437126bf6d536a89312c1995a5.jpg,£54.63,"
    
    
        In stock
    
",Add to basket
How to Be Miserable: ...,https://books.toscrape.com/catalogue/how-to-be-miserable-40-strategies-you-already-use_897/index.html,https://books.toscrape.com/media/cache/da/8b/da8bc9b824dd3f446ef63e438ddbfc85.jpg,£46.03,"
    
    
        In stock
    
",Add to basket
Her Backup Boyfriend (The ...,https://books.toscrape.com/catalogue/her-backup-boyfriend-the-sorensen-family-1_896/index.html,https://books.toscrape.com/media/cache/1e/bb/1ebbbc3e2d3249b111033cfc40763b0b.jpg,£33.97,"
    
    
        In stock
    
",Add to basket
"Giant Days, Vol. 2 ...",https://books.toscrape.com/catalogue/giant-days-vol-2-giant-days-5-8_895/index.html,https://books.toscrape.com/media/cache/90/6f/906f0168b0e155a7077625499b1737b5.jpg,£22.11,"
    
    
        In stock
    
",Add to basket
Forever and Forever: The ...,https://books.toscrape.com/catalogue/forever-and-forever-the-courtship-of-henry-longfellow-and-fanny-appleton_894/index.html,https://books.toscrape.com/media/cache/d6/58/d658a1485b130ff26ca5fb0d5975ed2e.jpg,£29.69,"
    
    
        In stock
    
",Add to basket
First and First (Five ...,https://books.toscrape.com/catalogue/first-and-first-five-boroughs-3_893/index.html,https://books.toscrape.com/media/cache/c4/d1/c4d1517cc9370e292366b6132ca9ca36.jpg,£15.97,"
    
    
        In stock
    
",Add to basket
Fifty Shades Darker (Fifty ...,https://books.toscrape.com/catalogue/fifty-shades-darker-fifty-shades-2_892/index.html,https://books.toscrape.com/media/cache/cc/bd/ccbdae9e29b3594301528fa2c876ec29.jpg,£21.96,"
    
    
        In stock
    
",Add to basket
Everydata: The Misinformation Hidden ...,https://books.toscrape.com/catalogue/everydata-the-misinformation-hidden-in-the-little-data-you-consume-every-day_891/index.html,https://books.toscrape.com/media/cache/64/94/6494bf61176ca73b61255909230030be.jpg,£54.35,"
    
    
        In stock
    
",Add to basket
Don't Be a Jerk: ...,https://books.toscrape.com/catalogue/dont-be-a-jerk-and-other-practical-advice-from-dogen-japans-greatest-zen-master_890/index.html,https://books.toscrape.com/media/cache/95/30/953013d044aa313cc162dec414f3969a.jpg,£37.97,"
    
    
        In stock
    
",Add to basket
Danganronpa Volume 1,https://books.toscrape.com/catalogue/danganronpa-volume-1_889/index.html,https://books.toscrape.com/media/cache/78/97/7897eea91c4a85aca58d925861d4afec.jpg,£51.99,"
    
    
        In stock
    
",Add to basket
Crown of Midnight (Throne ...,https://books.toscrape.com/catalogue/crown-of-midnight-throne-of-glass-2_888/index.html,https://books.toscrape.com/media/cache/66/25/6625e3bbb050de3e42a0c302c0d69f1f.jpg,£43.29,"
    
    
        In stock
    
",Add to basket
"Codename Baboushka, Volume 1: ...",https://books.toscrape.com/catalogue/codename-baboushka-volume-1-the-conclave-of-death_887/index.html,https://books.toscrape.com/media/cache/f6/88/f688a9d6a89fdf38e4e88439ee9eda69.jpg,£36.72,"
    
    
        In stock
    
",Add to basket
Camp Midnight,https://books.toscrape.com/catalogue/camp-midnight_886/index.html,https://books.toscrape.com/media/cache/dd/c9/ddc95df6754df8e71bf969c088056188.jpg,£17.08,"
    
    
        In stock
    
",Add to basket
Call the Nurse: True ...,https://books.toscrape.com/catalogue/call-the-nurse-true-stories-of-a-country-nurse-on-a-scottish-isle_885/index.html,https://books.toscrape.com/media/cache/88/9e/889e0bac4c7c0e7178f0165b8d3b4617.jpg,£29.14,"
    
    
        In stock
    
",Add to basket
Burning,https://books.toscrape.com/catalogue/burning_884/index.html,https://books.toscrape.com/media/cache/26/95/269507c7bb35d2cec9b61a03d1c28e67.jpg,£28.81,"
    
    
        In stock
    
",Add to basket
Bossypants,https://books.toscrape.com/catalogue/bossypants_883/index.html,https://books.toscrape.com/media/cache/27/d2/27d20361745ec2f7be668b18a4da29da.jpg,£49.46,"
    
    
        In stock
    
",Add to basket
"Bitch Planet, Vol. 1: ...",https://books.toscrape.com/catalogue/bitch-planet-vol-1-extraordinary-machine-bitch-planet-collected-editions_882/index.html,https://books.toscrape.com/media/cache/e4/1d/e41d34204a1fffbf825d8beb3dbf4cbc.jpg,£37.92,"
    
    
        In stock
    
",Add to basket
Avatar: The Last Airbender: ...,https://books.toscrape.com/catalogue/avatar-the-last-airbender-smoke-and-shadow-part-3-smoke-and-shadow-3_881/index.html,https://books.toscrape.com/media/cache/06/18/061811c5845d0e13bc04b2a755f0830f.jpg,£28.09,"
    
    
        In stock
    
",Add to basket
Algorithms to Live By: ...,https://books.toscrape.com/catalogue/algorithms-to-live-by-the-computer-science-of-human-decisions_880/index.html,https://books.toscrape.com/media/cache/23/b4/23b42e094c02d52b14b11a960d49610e.jpg,£30.81,"
    
    
        In stock
    
",Add to basket
A World of Flavor: ...,https://books.toscrape.com/catalogue/a-world-of-flavor-your-gluten-free-passport_879/index.html,https://books.toscrape.com/media/cache/78/2e/782e315667ec50759b8603527ee33dec.jpg,£42.95,"
    
    
        In stock
    
",Add to basket
"A Piece of Sky, ...",https://books.toscrape.com/catalogue/a-piece-of-sky-a-grain-of-rice-a-memoir-in-four-meditations_878/index.html,https://books.toscrape.com/media/cache/08/89/088995e862aac86c88c608d763f6390e.jpg,£56.76,"
    
    
        In stock
    
",Add to basket
A Murder in Time,https://books.toscrape.com/catalogue/a-murder-in-time_877/index.html,https://books.toscrape.com/media/cache/11/aa/11aaad48b5f15e262456ca65294084da.jpg,£16.64,"
    
    
        In stock
    
",Add to basket
A Flight of Arrows ...,https://books.toscrape.com/catalogue/a-flight-of-arrows-the-pathfinders-2_876/index.html,https://books.toscrape.com/media/cache/82/96/8296f92b70fb1dafefecda92c1d51941.jpg,£55.53,"
    
    
        In stock
    
",Add to basket
A Fierce and Subtle ...,https://books.toscrape.com/catalogue/a-fierce-and-subtle-poison_875/index.html,https://books.toscrape.com/media/cache/12/f1/12f1963957f27fa83d51f76b183ef490.jpg,£28.13,"
    
    
        In stock
    
",Add to basket
A Court of Thorns ...,https://books.toscrape.com/catalogue/a-court-of-thorns-and-roses-a-court-of-thorns-and-roses-1_874/index.html,https://books.toscrape.com/media/cache/c0/88/c08816960890396213a423941af65b8f.jpg,£52.37,"
    
    
        In stock
    
",Add to basket
(Un)Qualified: How God Uses ...,https://books.toscrape.com/catalogue/unqualified-how-god-uses-broken-people-to-do-big-things_873/index.html,https://books.toscrape.com/media/cache/cd/db/cddb3eb483ef11a088d519205b7098fb.jpg,£54.00,"
    
    
        In stock
    
",Add to basket
You Are What You ...,https://books.toscrape.com/catalogue/you-are-what-you-love-the-spiritual-power-of-habit_872/index.html,https://books.toscrape.com/media/cache/6b/70/6b70f2cdb17d9ab7551240a88b9211fe.jpg,£21.87,"
    
    
        In stock
    
",Add to basket
William Shakespeare's Star Wars: ...,https://books.toscrape.com/catalogue/william-shakespeares-star-wars-verily-a-new-hope-william-shakespeares-star-wars-4_871/index.html,https://books.toscrape.com/media/cache/02/37/0237b445efc18c5562355a5a2c40889c.jpg,£43.30,"
    
    
        In stock
    
",Add to basket
Tuesday Nights in 1980,https://books.toscrape.com/catalogue/tuesday-nights-in-1980_870/index.html,https://books.toscrape.com/media/cache/6b/da/6bdae061cb92c32b0b83cda8dd10275d.jpg,£21.04,"
    
    
        In stock
    
",Add to basket
Tracing Numbers on a ...,https://books.toscrape.com/catalogue/tracing-numbers-on-a-train_869/index.html,https://books.toscrape.com/media/cache/06/a6/06a6cfcf89afd1601cbba1a16cda57fb.jpg,£41.60,"
    
    
        In stock
    
",Add to basket
Throne of Glass (Throne ...,https://books.toscrape.com/catalogue/throne-of-glass-throne-of-glass-1_868/index.html,https://books.toscrape.com/media/cache/32/d6/32d6aa560e8ddf2a4da1526b95d4c7ab.jpg,£35.07,"
    
    
        In stock
    
",Add to basket
Thomas Jefferson and the ...,https://books.toscrape.com/catalogue/thomas-jefferson-and-the-tripoli-pirates-the-forgotten-war-that-changed-american-history_867/index.html,https://books.toscrape.com/media/cache/97/47/974709d437b08e74649b5744471bf472.jpg,£59.64,"
    
    
        In stock
    
",Add to basket
Thirteen Reasons Why,https://books.toscrape.com/catalogue/thirteen-reasons-why_866/index.html,https://books.toscrape.com/media/cache/8a/83/8a83b6ce350f01bab21f85e6ba539316.jpg,£52.72,"
    
    
        In stock
    
",Add to basket
The White Cat and ...,https://books.toscrape.com/catalogue/the-white-cat-and-the-monk-a-retelling-of-the-poem-pangur-ban_865/index.html,https://books.toscrape.com/media/cache/26/32/2632a1e12f2c085fabbe022ae4cd6933.jpg,£58.08,"
    
    
        In stock
    
",Add to basket
The Wedding Dress,https://books.toscrape.com/catalogue/the-wedding-dress_864/index.html,https://books.toscrape.com/media/cache/28/99/28992d89f4abf54fba183fc8d074adf3.jpg,£24.12,"
    
    
        In stock
    
",Add to basket
The Vacationers,https://books.toscrape.com/catalogue/the-vacationers_863/index.html,https://books.toscrape.com/media/cache/37/25/372578cc073efae80cf284b56040a488.jpg,£42.15,"
    
    
        In stock
    
",Add to basket
The Third Wave: An ...,https://books.toscrape.com/catalogue/the-third-wave-an-entrepreneurs-vision-of-the-future_862/index.html,https://books.toscrape.com/media/cache/d0/77/d077a30042df6b916bfc8d257345c69e.jpg,£12.61,"
    
    
        In stock
    
",Add to basket
The Stranger,https://books.toscrape.com/catalogue/the-stranger_861/index.html,https://books.toscrape.com/media/cache/ea/04/ea0476a6f4c318ceccf5e2f2b39f2b15.jpg,£17.44,"
    
    
        In stock
    
",Add to basket
The Shadow Hero (The ...,https://books.toscrape.com/catalogue/the-shadow-hero-the-shadow-hero_860/index.html,https://books.toscrape.com/media/cache/1f/62/1f621dda1b302fc16d83d94b0b5ac31c.jpg,£33.14,"
    
    
        In stock
    
",Add to basket
The Secret (The Secret ...,https://books.toscrape.com/catalogue/the-secret-the-secret-1_859/index.html,https://books.toscrape.com/media/cache/4e/0f/4e0f05ae01d8fb6bd0d3901edd06de16.jpg,£27.37,"
    
    
        In stock
    
",Add to basket
The Regional Office Is ...,https://books.toscrape.com/catalogue/the-regional-office-is-under-attack_858/index.html,https://books.toscrape.com/media/cache/f8/31/f8314c7fdaa79fb7191a583e9a852db8.jpg,£51.36,"
    
    
        In stock
    
",Add to basket
The Psychopath Test: A ...,https://books.toscrape.com/catalogue/the-psychopath-test-a-journey-through-the-madness-industry_857/index.html,https://books.toscrape.com/media/cache/34/f5/34f5f8e513c5f048241f5695e61b2483.jpg,£36.00,"
    
    
        In stock
    
",Add to basket
The Project,https://books.toscrape.com/catalogue/the-project_856/index.html,https://books.toscrape.com/media/cache/10/6e/106e2fc7160712edf8e2ff996dc8cd6c.jpg,£10.65,"
    
    
        In stock
    
",Add to basket
The Power of Now: ...,https://books.toscrape.com/catalogue/the-power-of-now-a-guide-to-spiritual-enlightenment_855/index.html,https://books.toscrape.com/media/cache/03/38/0338682e76bad3216cd4c6c28b2b625a.jpg,£43.54,"
    
    
        In stock
    
",Add to basket
The Omnivore's Dilemma: A ...,https://books.toscrape.com/catalogue/the-omnivores-dilemma-a-natural-history-of-four-meals_854/index.html,https://books.toscrape.com/media/cache/14/f3/14f3d525e2a114cd71e27201a16af188.jpg,£38.21,"
    
    
        In stock
    
",Add to basket
The Nerdy Nummies Cookbook: ...,https://books.toscrape.com/catalogue/the-nerdy-nummies-cookbook-sweet-treats-for-the-geek-in-all-of-us_853/index.html,https://books.toscrape.com/media/cache/61/bd/61bdfe3950643c47d70c37c4123530f3.jpg,£37.34,"
    
    
        In stock
    
",Add to basket
The Murder of Roger ...,https://books.toscrape.com/catalogue/the-murder-of-roger-ackroyd-hercule-poirot-4_852/index.html,https://books.toscrape.com/media/cache/29/fe/29fe70b1b2e5a9ba61d4bd331255e19e.jpg,£44.10,"
    
    
        In stock
    
",Add to basket
The Mistake (Off-Campus #2),https://books.toscrape.com/catalogue/the-mistake-off-campus-2_851/index.html,https://books.toscrape.com/media/cache/a5/43/a543b100a8c1861c1bf5374ca6b576fe.jpg,£43.29,"
    
    
        In stock
    
",Add to basket
The Matchmaker's Playbook (Wingmen ...,https://books.toscrape.com/catalogue/the-matchmakers-playbook-wingmen-inc-1_850/index.html,https://books.toscrape.com/media/cache/84/ac/84acb0606c96e55dc729a9d6572a08fb.jpg,£55.85,"
    
    
        In stock
    
",Add to basket
The Love and Lemons ...,https://books.toscrape.com/catalogue/the-love-and-lemons-cookbook-an-apple-to-zucchini-celebration-of-impromptu-cooking_849/index.html,https://books.toscrape.com/media/cache/0d/1f/0d1f3f934460f5a50aaa8c366641234c.jpg,£37.60,"
    
    
        In stock
    
",Add to basket
The Long Shadow of ...,https://books.toscrape.com/catalogue/the-long-shadow-of-small-ghosts-murder-and-memory-in-an-american-city_848/index.html,https://books.toscrape.com/media/cache/f2/e5/f2e51dd2b26600459f8eaeb6b9eecaa7.jpg,£10.97,"
    
    
        In stock
    
",Add to basket
The Kite Runner,https://books.toscrape.com/catalogue/the-kite-runner_847/index.html,https://books.toscrape.com/media/cache/58/9d/589d73503d9a23d224de836134fae553.jpg,£41.82,"
    
    
        In stock
    
",Add to basket
The House by the ...,https://books.toscrape.com/catalogue/the-house-by-the-lake_846/index.html,https://books.toscrape.com/media/cache/0d/cb/0dcb33d60b0e79adf8ab9842e697ea2e.jpg,£36.95,"
    
    
        In stock
    
",Add to basket
The Glittering Court (The ...,https://books.toscrape.com/catalogue/the-glittering-court-the-glittering-court-1_845/index.html,https://books.toscrape.com/media/cache/3e/0b/3e0b16851bec08b6cbf78d5f64af9114.jpg,£44.28,"
    
    
        In stock
    
",Add to basket
The Girl on the ...,https://books.toscrape.com/catalogue/the-girl-on-the-train_844/index.html,https://books.toscrape.com/media/cache/25/6c/256c946dd0962095f66c6de3b15ab300.jpg,£55.02,"
    
    
        In stock
    
",Add to basket
The Genius of Birds,https://books.toscrape.com/catalogue/the-genius-of-birds_843/index.html,https://books.toscrape.com/media/cache/13/57/1357c6aa40c9e63d2f931927fbf81f3f.jpg,£17.24,"
    
    
        In stock
    
",Add to basket
The Emerald Mystery,https://books.toscrape.com/catalogue/the-emerald-mystery_842/index.html,https://books.toscrape.com/media/cache/81/58/81586cd0bf8743e1f5ed80b6a0e1fabe.jpg,£23.15,"
    
    
        In stock
    
",Add to basket
The Cookies & Cups ...,https://books.toscrape.com/catalogue/the-cookies-cups-cookbook-125-sweet-savory-recipes-reminding-you-to-always-eat-dessert-first_841/index.html,https://books.toscrape.com/media/cache/54/89/54899b4584e941ceced511d81092c88a.jpg,£41.25,"
    
    
        In stock
    
",Add to basket
The Bridge to Consciousness: ...,https://books.toscrape.com/catalogue/the-bridge-to-consciousness-im-writing-the-bridge-between-science-and-our-old-and-new-beliefs_840/index.html,https://books.toscrape.com/media/cache/fe/b7/feb764b2afa54991cfdbbffdf501b333.jpg,£32.00,"
    
    
        In stock
    
",Add to basket
The Artist's Way: A ...,https://books.toscrape.com/catalogue/the-artists-way-a-spiritual-path-to-higher-creativity_839/index.html,https://books.toscrape.com/media/cache/0e/6d/0e6dc2484322c5b9e7854ced66fdf62d.jpg,£38.49,"
    
    
        In stock
    
",Add to basket
The Art of War,https://books.toscrape.com/catalogue/the-art-of-war_838/index.html,https://books.toscrape.com/media/cache/6d/71/6d71e36c8b1b9c885e1bb6c72cd8bcf8.jpg,£33.34,"
    
    
        In stock
    
",Add to basket
The Argonauts,https://books.toscrape.com/catalogue/the-argonauts_837/index.html,https://books.toscrape.com/media/cache/0a/15/0a1567cd04a6582d333db71337b4e2a6.jpg,£10.93,"
    
    
        In stock
    
",Add to basket
The 10% Entrepreneur: Live ...,https://books.toscrape.com/catalogue/the-10-entrepreneur-live-your-startup-dream-without-quitting-your-day-job_836/index.html,https://books.toscrape.com/media/cache/82/93/82939ca78da0b724f16ec814849514fd.jpg,£27.55,"
    
    
        In stock
    
",Add to basket
Suddenly in Love (Lake ...,https://books.toscrape.com/catalogue/suddenly-in-love-lake-haven-1_835/index.html,https://books.toscrape.com/media/cache/e9/f4/e9f4bc8cf5ffaea1504623c936e90a48.jpg,£55.99,"
    
    
        In stock
    
",Add to basket
Something More Than This,https://books.toscrape.com/catalogue/something-more-than-this_834/index.html,https://books.toscrape.com/media/cache/59/10/5910fbd8a95e8e9de9c660b71e0694e2.jpg,£16.24,"
    
    
        In stock
    
",Add to basket
Soft Apocalypse,https://books.toscrape.com/catalogue/soft-apocalypse_833/index.html,https://books.toscrape.com/media/cache/f0/06/f0060c756556b855184fa32f66280961.jpg,£26.12,"
    
    
        In stock
    
",Add to basket
So You've Been Publicly ...,https://books.toscrape.com/catalogue/so-youve-been-publicly-shamed_832/index.html,https://books.toscrape.com/media/cache/6e/d4/6ed4991d97f60db29ec7b421e61a2cf3.jpg,£12.23,"
    
    
        In stock
    
",Add to basket
Shoe Dog: A Memoir ...,https://books.toscrape.com/catalogue/shoe-dog-a-memoir-by-the-creator-of-nike_831/index.html,https://books.toscrape.com/media/cache/19/aa/19aa1184a3565b1dae6092146018e109.jpg,£23.99,"
    
    
        In stock
    
",Add to basket
"Shobu Samurai, Project Aryoku ...",https://books.toscrape.com/catalogue/shobu-samurai-project-aryoku-3_830/index.html,https://books.toscrape.com/media/cache/ae/0c/ae0ccc307568b6d7699786411f3cbcc4.jpg,£29.06,"
    
    
        In stock
    
",Add to basket
Secrets and Lace (Fatal ...,https://books.toscrape.com/catalogue/secrets-and-lace-fatal-hearts-1_829/index.html,https://books.toscrape.com/media/cache/84/7c/847c06b541e2a3b2228b96d97a5fe7a6.jpg,£20.27,"
    
    
        In stock
    
",Add to basket
Scarlett Epstein Hates It ...,https://books.toscrape.com/catalogue/scarlett-epstein-hates-it-here_828/index.html,https://books.toscrape.com/media/cache/0f/d3/0fd306891f8fd3196653022fd67d6c87.jpg,£43.55,"
    
    
        In stock
    
",Add to basket
Romero and Juliet: A ...,https://books.toscrape.com/catalogue/romero-and-juliet-a-tragic-tale-of-love-and-zombies_827/index.html,https://books.toscrape.com/media/cache/12/f8/12f8002e5aab6d783e29b31aad36b5ba.jpg,£36.94,"
    
    
        In stock
    
",Add to basket
Redeeming Love,https://books.toscrape.com/catalogue/redeeming-love_826/index.html,https://books.toscrape.com/media/cache/21/21/2121ba78e26194d92c334fde3850f840.jpg,£20.47,"
    
    
        In stock
    
",Add to basket
Poses for Artists Volume ...,https://books.toscrape.com/catalogue/poses-for-artists-volume-1-dynamic-and-sitting-poses-an-essential-reference-for-figure-drawing-and-the-human-form_825/index.html,https://books.toscrape.com/media/cache/5a/89/5a89e2dd7866dda6660fe508bc4b5249.jpg,£41.06,"
    
    
        In stock
    
",Add to basket
Poems That Make Grown ...,https://books.toscrape.com/catalogue/poems-that-make-grown-women-cry_824/index.html,https://books.toscrape.com/media/cache/38/64/386468a8c3e6b880664bf7885bf6f726.jpg,£14.19,"
    
    
        In stock
    
",Add to basket
"Nightingale, Sing",https://books.toscrape.com/catalogue/nightingale-sing_823/index.html,https://books.toscrape.com/media/cache/18/08/18086e581ad354aa65f945c2b5c51350.jpg,£38.28,"
    
    
        In stock
    
",Add to basket
Night Sky with Exit ...,https://books.toscrape.com/catalogue/night-sky-with-exit-wounds_822/index.html,https://books.toscrape.com/media/cache/25/54/2554431c797ec725eea50b3f8a83758c.jpg,£41.05,"
    
    
        In stock
    
",Add to basket
Mrs. Houdini,https://books.toscrape.com/catalogue/mrs-houdini_821/index.html,https://books.toscrape.com/media/cache/0e/fe/0efe86960cdff718aed01a5c3f65b1c3.jpg,£30.25,"
    
    
        In stock
    
",Add to basket
Modern Romance,https://books.toscrape.com/catalogue/modern-romance_820/index.html,https://books.toscrape.com/media/cache/28/78/2878538a1039d9c4649110499a1393fb.jpg,£28.26,"
    
    
        In stock
    
",Add to basket
Miss Peregrine’s Home for ...,https://books.toscrape.com/catalogue/miss-peregrines-home-for-peculiar-children-miss-peregrines-peculiar-children-1_819/index.html,https://books.toscrape.com/media/cache/01/26/01264865c12ed6d987d6f0858cd1d0ba.jpg,£10.76,"
    
    
        In stock
    
",Add to basket
Louisa: The Extraordinary Life ...,https://books.toscrape.com/catalogue/louisa-the-extraordinary-life-of-mrs-adams_818/index.html,https://books.toscrape.com/media/cache/6f/d9/6fd92e5143cbd5bb8bcf034e5f007dde.jpg,£16.85,"
    
    
        In stock
    
",Add to basket
Little Red,https://books.toscrape.com/catalogue/little-red_817/index.html,https://books.toscrape.com/media/cache/80/25/8025b80a40178f2a6dd4f99ad88e0fba.jpg,£13.47,"
    
    
        In stock
    
",Add to basket
Library of Souls (Miss ...,https://books.toscrape.com/catalogue/library-of-souls-miss-peregrines-peculiar-children-3_816/index.html,https://books.toscrape.com/media/cache/f8/54/f85417465a73e33604624205ba8306cc.jpg,£48.56,"
    
    
        In stock
    
",Add to basket
Large Print Heart of ...,https://books.toscrape.com/catalogue/large-print-heart-of-the-pride_815/index.html,https://books.toscrape.com/media/cache/bd/e9/bde95ab9f776c911a7aa759cad60bb41.jpg,£19.15,"
    
    
        In stock
    
",Add to basket
I Had a Nice ...,https://books.toscrape.com/catalogue/i-had-a-nice-time-and-other-lies-how-to-find-love-sht-like-that_814/index.html,https://books.toscrape.com/media/cache/5f/72/5f72c8a0d5a7292e2929a354ec8a022f.jpg,£57.36,"
    
    
        In stock
    
",Add to basket
Hollow City (Miss Peregrine’s ...,https://books.toscrape.com/catalogue/hollow-city-miss-peregrines-peculiar-children-2_813/index.html,https://books.toscrape.com/media/cache/e2/60/e260b008b7ea7970562295b7bc64b0cb.jpg,£42.98,"
    
    
        In stock
    
",Add to basket
Grumbles,https://books.toscrape.com/catalogue/grumbles_812/index.html,https://books.toscrape.com/media/cache/d6/1b/d61b12ef0e69d49e2645537dd6a8472a.jpg,£22.16,"
    
    
        In stock
    
",Add to basket
Full Moon over Noah’s ...,https://books.toscrape.com/catalogue/full-moon-over-noahs-ark-an-odyssey-to-mount-ararat-and-beyond_811/index.html,https://books.toscrape.com/media/cache/57/77/57770cac1628f4407636635f4b85e88c.jpg,£49.43,"
    
    
        In stock
    
",Add to basket
Frostbite (Vampire Academy #2),https://books.toscrape.com/catalogue/frostbite-vampire-academy-2_810/index.html,https://books.toscrape.com/media/cache/71/76/7176317f1915fa0658bb2fe400441207.jpg,£29.99,"
    
    
        In stock
    
",Add to basket
Follow You Home,https://books.toscrape.com/catalogue/follow-you-home_809/index.html,https://books.toscrape.com/media/cache/a7/4b/a74b35375ce874153fd352e33bc7bac9.jpg,£21.36,"
    
    
        In stock
    
",Add to basket
First Steps for New ...,https://books.toscrape.com/catalogue/first-steps-for-new-christians-print-edition_808/index.html,https://books.toscrape.com/media/cache/f1/73/f1731459b1e2f4becf2c52b8f30b8cd7.jpg,£29.00,"
    
    
        In stock
    
",Add to basket
Finders Keepers (Bill Hodges ...,https://books.toscrape.com/catalogue/finders-keepers-bill-hodges-trilogy-2_807/index.html,https://books.toscrape.com/media/cache/6a/81/6a81103b1c01a3f6c56e5718a838a4c8.jpg,£53.53,"
    
    
        In stock
    
",Add to basket
"Fables, Vol. 1: Legends ...",https://books.toscrape.com/catalogue/fables-vol-1-legends-in-exile-fables-1_806/index.html,https://books.toscrape.com/media/cache/51/8c/518c184a793b751b43045637c8002eb7.jpg,£41.62,"
    
    
        In stock
    
",Add to basket
Eureka Trivia 6.0,https://books.toscrape.com/catalogue/eureka-trivia-60_805/index.html,https://books.toscrape.com/media/cache/96/17/96173470df6fc6fef4d0008e957653ce.jpg,£54.59,"
    
    
        In stock
    
",Add to basket
Drive: The Surprising Truth ...,https://books.toscrape.com/catalogue/drive-the-surprising-truth-about-what-motivates-us_804/index.html,https://books.toscrape.com/media/cache/8a/49/8a490347afdc10abe7c2099e466de32f.jpg,£34.95,"
    
    
        In stock
    
",Add to basket
Done Rubbed Out (Reightman ...,https://books.toscrape.com/catalogue/done-rubbed-out-reightman-bailey-1_803/index.html,https://books.toscrape.com/media/cache/08/4d/084da0199a717cb6c1eda30f98d0ea4c.jpg,£37.72,"
    
    
        In stock
    
",Add to basket
Doing It Over (Most ...,https://books.toscrape.com/catalogue/doing-it-over-most-likely-to-1_802/index.html,https://books.toscrape.com/media/cache/e9/25/e9250495a525eb203652ad9da85ccb8e.jpg,£35.61,"
    
    
        In stock
    
",Add to basket
Deliciously Ella Every Day: ...,https://books.toscrape.com/catalogue/deliciously-ella-every-day-quick-and-easy-recipes-for-gluten-free-snacks-packed-lunches-and-simple-meals_801/index.html,https://books.toscrape.com/media/cache/20/f2/20f28657b49f8cb24ed2ec6448bb6df3.jpg,£42.16,"
    
    
        In stock
    
",Add to basket
Dark Notes,https://books.toscrape.com/catalogue/dark-notes_800/index.html,https://books.toscrape.com/media/cache/6e/4e/6e4e8f4f4abd94356a9be840e4681e65.jpg,£19.19,"
    
    
        In stock
    
",Add to basket
Daring Greatly: How the ...,https://books.toscrape.com/catalogue/daring-greatly-how-the-courage-to-be-vulnerable-transforms-the-way-we-live-love-parent-and-lead_799/index.html,https://books.toscrape.com/media/cache/55/ce/55ced903becc59121d6edb47a4dcfb56.jpg,£19.43,"
    
    
        In stock
    
",Add to basket
Close to You,https://books.toscrape.com/catalogue/close-to-you_798/index.html,https://books.toscrape.com/media/cache/fa/f6/faf6d69a42f477e1da80a71f05a4dc25.jpg,£49.46,"
    
    
        In stock
    
",Add to basket
Chasing Heaven: What Dying ...,https://books.toscrape.com/catalogue/chasing-heaven-what-dying-taught-me-about-living_797/index.html,https://books.toscrape.com/media/cache/b7/6a/b76a73640d26b09c4a6f373b09050bed.jpg,£37.80,"
    
    
        In stock
    
",Add to basket
Big Magic: Creative Living ...,https://books.toscrape.com/catalogue/big-magic-creative-living-beyond-fear_796/index.html,https://books.toscrape.com/media/cache/62/ad/62ad9b4077416ddc0c4908062bca0e5e.jpg,£30.80,"
    
    
        In stock
    
",Add to basket
Becoming Wise: An Inquiry ...,https://books.toscrape.com/catalogue/becoming-wise-an-inquiry-into-the-mystery-and-art-of-living_795/index.html,https://books.toscrape.com/media/cache/ff/69/ff69c96b05affa03f647287e46210bf9.jpg,£27.43,"
    
    
        In stock
    
",Add to basket
Beauty Restored (Riley Family ...,https://books.toscrape.com/catalogue/beauty-restored-riley-family-legacy-novellas-3_794/index.html,https://books.toscrape.com/media/cache/51/6f/516f605a957a1f5592b81f4e06c491bb.jpg,£11.11,"
    
    
        In stock
    
",Add to basket
Batman: The Long Halloween ...,https://books.toscrape.com/catalogue/batman-the-long-halloween-batman_793/index.html,https://books.toscrape.com/media/cache/78/a7/78a7f184a4d6d62412861c68f1c3ad90.jpg,£36.50,"
    
    
        In stock
    
",Add to basket
Batman: The Dark Knight ...,https://books.toscrape.com/catalogue/batman-the-dark-knight-returns-batman_792/index.html,https://books.toscrape.com/media/cache/be/a9/bea95dbd7b2a843519c9a1dcfc433f9b.jpg,£15.38,"
    
    
        In stock
    
",Add to basket
Ayumi's Violin,https://books.toscrape.com/catalogue/ayumis-violin_791/index.html,https://books.toscrape.com/media/cache/fa/18/fa18c44fba20b8191f6a88e2e28092fd.jpg,£15.48,"
    
    
        In stock
    
",Add to basket
Anonymous,https://books.toscrape.com/catalogue/anonymous_790/index.html,https://books.toscrape.com/media/cache/fb/75/fb75a0ce3e0b01fa3852806c6d1f1af6.jpg,£46.82,"
    
    
        In stock
    
",Add to basket
Amy Meets the Saints ...,https://books.toscrape.com/catalogue/amy-meets-the-saints-and-sages_789/index.html,https://books.toscrape.com/media/cache/00/53/0053efa8515b8e2ad9b029c298766e9f.jpg,£18.46,"
    
    
        In stock
    
",Add to basket
Amid the Chaos,https://books.toscrape.com/catalogue/amid-the-chaos_788/index.html,https://books.toscrape.com/media/cache/52/46/524655fade1d9fe1475395a3eaff827a.jpg,£36.58,"
    
    
        In stock
    
",Add to basket
Amatus,https://books.toscrape.com/catalogue/amatus_787/index.html,https://books.toscrape.com/media/cache/8f/92/8f92c3b5dc8f5c1a23324bda7477b19c.jpg,£50.54,"
    
    
        In stock
    
",Add to basket
Agnostic: A Spirited Manifesto,https://books.toscrape.com/catalogue/agnostic-a-spirited-manifesto_786/index.html,https://books.toscrape.com/media/cache/9f/fc/9ffc43826233092d2acb4414f86627eb.jpg,£12.51,"
    
    
        In stock
    
",Add to basket
Zealot: The Life and ...,https://books.toscrape.com/catalogue/zealot-the-life-and-times-of-jesus-of-nazareth_785/index.html,https://books.toscrape.com/media/cache/3d/60/3d6003fc37b842a07c2dbe28e47448e1.jpg,£24.70,"
    
    
        In stock
    
",Add to basket
You (You #1),https://books.toscrape.com/catalogue/you-you-1_784/index.html,https://books.toscrape.com/media/cache/d6/97/d697268540fa982f4dce39f61ed3a342.jpg,£43.61,"
    
    
        In stock
    
",Add to basket
"Wonder Woman: Earth One, ...",https://books.toscrape.com/catalogue/wonder-woman-earth-one-volume-one-wonder-woman-earth-one-1_783/index.html,https://books.toscrape.com/media/cache/19/39/19396172462f4cc0504d4e6e8b0e1647.jpg,£37.34,"
    
    
        In stock
    
",Add to basket
Wild Swans,https://books.toscrape.com/catalogue/wild-swans_782/index.html,https://books.toscrape.com/media/cache/bb/72/bb723ad463531c602ad8bcb244253bf3.jpg,£14.36,"
    
    
        In stock
    
",Add to basket
Why the Right Went ...,https://books.toscrape.com/catalogue/why-the-right-went-wrong-conservatism-from-goldwater-to-the-tea-party-and-beyond_781/index.html,https://books.toscrape.com/media/cache/db/1b/db1babd3c09b84da800b0e9897fe0097.jpg,£52.65,"
    
    
        In stock
    
",Add to basket
Whole Lotta Creativity Going ...,https://books.toscrape.com/catalogue/whole-lotta-creativity-going-on-60-fun-and-unusual-exercises-to-awaken-and-strengthen-your-creativity_780/index.html,https://books.toscrape.com/media/cache/ba/36/ba368dfb2b6ae9979ff59d049c626167.jpg,£38.20,"
    
    
        In stock
    
",Add to basket
What's It Like in ...,https://books.toscrape.com/catalogue/whats-it-like-in-space-stories-from-astronauts-whove-been-there_779/index.html,https://books.toscrape.com/media/cache/43/b7/43b70859e93901b019791cef86539ffc.jpg,£19.60,"
    
    
        In stock
    
",Add to basket
"We Are Robin, Vol. ...",https://books.toscrape.com/catalogue/we-are-robin-vol-1-the-vigilante-business-we-are-robin-1_778/index.html,https://books.toscrape.com/media/cache/66/d6/66d6d2b4c0acfa8f40ad0285186ed2d8.jpg,£53.90,"
    
    
        In stock
    
",Add to basket
Walt Disney's Alice in ...,https://books.toscrape.com/catalogue/walt-disneys-alice-in-wonderland_777/index.html,https://books.toscrape.com/media/cache/28/50/2850439c2ba103fb69dba9cd2dd9f0c2.jpg,£12.96,"
    
    
        In stock
    
",Add to basket
V for Vendetta (V ...,https://books.toscrape.com/catalogue/v-for-vendetta-v-for-vendetta-complete_776/index.html,https://books.toscrape.com/media/cache/cc/8f/cc8fb914bfee31a7903a5cabaae64796.jpg,£37.10,"
    
    
        In stock
    
",Add to basket
Until Friday Night (The ...,https://books.toscrape.com/catalogue/until-friday-night-the-field-party-1_775/index.html,https://books.toscrape.com/media/cache/19/cf/19cf50aea5bf0e8f4bc016f3745b3dfe.jpg,£46.31,"
    
    
        In stock
    
",Add to basket
Unbroken: A World War ...,https://books.toscrape.com/catalogue/unbroken-a-world-war-ii-story-of-survival-resilience-and-redemption_774/index.html,https://books.toscrape.com/media/cache/74/cd/74cd3f345b50452c3be6631669f13aa8.jpg,£45.95,"
    
    
        In stock
    
",Add to basket
Twenty Yawns,https://books.toscrape.com/catalogue/twenty-yawns_773/index.html,https://books.toscrape.com/media/cache/2b/38/2b380f77723c797c0389f978afa6db58.jpg,£22.08,"
    
    
        In stock
    
",Add to basket
Through the Woods,https://books.toscrape.com/catalogue/through-the-woods_772/index.html,https://books.toscrape.com/media/cache/4c/af/4caf8f2a5ee8828d408cc8faadd3419c.jpg,£25.38,"
    
    
        In stock
    
",Add to basket
This Is Where It ...,https://books.toscrape.com/catalogue/this-is-where-it-ends_771/index.html,https://books.toscrape.com/media/cache/18/0b/180bfe1902cb3c0eb77d7c712efa2a96.jpg,£27.12,"
    
    
        In stock
    
",Add to basket
The Year of Magical ...,https://books.toscrape.com/catalogue/the-year-of-magical-thinking_770/index.html,https://books.toscrape.com/media/cache/bf/e5/bfe526c22c7c08235c27a6474ebb4db9.jpg,£43.04,"
    
    
        In stock
    
",Add to basket
The Wright Brothers,https://books.toscrape.com/catalogue/the-wright-brothers_769/index.html,https://books.toscrape.com/media/cache/02/2e/022e8b81ba1405991401bb46d6330c73.jpg,£56.80,"
    
    
        In stock
    
",Add to basket
The White Queen (The ...,https://books.toscrape.com/catalogue/the-white-queen-the-cousins-war-1_768/index.html,https://books.toscrape.com/media/cache/72/d8/72d861617b6d3aababe6e61e8d3c1056.jpg,£25.91,"
    
    
        In stock
    
",Add to basket
The Wedding Pact (The ...,https://books.toscrape.com/catalogue/the-wedding-pact-the-omalleys-2_767/index.html,https://books.toscrape.com/media/cache/7e/67/7e67addd80caaf8a9f9e9daa9cf66bb2.jpg,£32.61,"
    
    
        In stock
    
",Add to basket
The Time Keeper,https://books.toscrape.com/catalogue/the-time-keeper_766/index.html,https://books.toscrape.com/media/cache/8f/f8/8ff8680dde59ea739d6978a01e4d7fe5.jpg,£27.88,"
    
    
        In stock
    
",Add to basket
The Testament of Mary,https://books.toscrape.com/catalogue/the-testament-of-mary_765/index.html,https://books.toscrape.com/media/cache/83/05/8305154438c91a02cefacf4ec8b53393.jpg,£52.67,"
    
    
        In stock
    
",Add to basket
The Star-Touched Queen,https://books.toscrape.com/catalogue/the-star-touched-queen_764/index.html,https://books.toscrape.com/media/cache/53/5e/535e2be0b423797c2cdc7d98882c820a.jpg,£46.02,"
    
    
        In stock
    
",Add to basket
The Songs of the ...,https://books.toscrape.com/catalogue/the-songs-of-the-gods_763/index.html,https://books.toscrape.com/media/cache/6c/a3/6ca34db7c01e554ad17bd3be74b561e3.jpg,£44.48,"
    
    
        In stock
    
",Add to basket
The Song of Achilles,https://books.toscrape.com/catalogue/the-song-of-achilles_762/index.html,https://books.toscrape.com/media/cache/66/f7/66f79b76d6c6b64fcc8110515c454e09.jpg,£37.40,"
    
    
        In stock
    
",Add to basket
The Rosie Project (Don ...,https://books.toscrape.com/catalogue/the-rosie-project-don-tillman-1_761/index.html,https://books.toscrape.com/media/cache/f0/db/f0db1cf76d45f0522d4c8c3c39aa0dd8.jpg,£54.04,"
    
    
        In stock
    
",Add to basket
The Power of Habit: ...,https://books.toscrape.com/catalogue/the-power-of-habit-why-we-do-what-we-do-in-life-and-business_760/index.html,https://books.toscrape.com/media/cache/52/df/52dfc44f48cf29e7a9e305bcb63e1899.jpg,£16.88,"
    
    
        In stock
    
",Add to basket
The Marriage of Opposites,https://books.toscrape.com/catalogue/the-marriage-of-opposites_759/index.html,https://books.toscrape.com/media/cache/0f/c2/0fc21ec3489cb23116778ee84f425eca.jpg,£28.08,"
    
    
        In stock
    
",Add to basket
The Lucifer Effect: Understanding ...,https://books.toscrape.com/catalogue/the-lucifer-effect-understanding-how-good-people-turn-evil_758/index.html,https://books.toscrape.com/media/cache/a6/c8/a6c8256b123493472591c5855c7de704.jpg,£10.40,"
    
    
        In stock
    
",Add to basket
The Long Haul (Diary ...,https://books.toscrape.com/catalogue/the-long-haul-diary-of-a-wimpy-kid-9_757/index.html,https://books.toscrape.com/media/cache/46/bd/46bdee520b8136972262fd040533772d.jpg,£44.07,"
    
    
        In stock
    
",Add to basket
The Loney,https://books.toscrape.com/catalogue/the-loney_756/index.html,https://books.toscrape.com/media/cache/6d/10/6d10387a0175701d4ff456a0c7eee67b.jpg,£23.40,"
    
    
        In stock
    
",Add to basket
The Literature Book (Big ...,https://books.toscrape.com/catalogue/the-literature-book-big-ideas-simply-explained_755/index.html,https://books.toscrape.com/media/cache/9e/ea/9eea51ac4a15d18aa976be459da30c47.jpg,£17.43,"
    
    
        In stock
    
",Add to basket
The Last Mile (Amos ...,https://books.toscrape.com/catalogue/the-last-mile-amos-decker-2_754/index.html,https://books.toscrape.com/media/cache/37/f1/37f118b4a56d866e1e8b563759d6966c.jpg,£54.21,"
    
    
        In stock
    
",Add to basket
The Immortal Life of ...,https://books.toscrape.com/catalogue/the-immortal-life-of-henrietta-lacks_753/index.html,https://books.toscrape.com/media/cache/94/ac/94ac87da7b40853013093f08356efa3b.jpg,£40.67,"
    
    
        In stock
    
",Add to basket
The Hidden Oracle (The ...,https://books.toscrape.com/catalogue/the-hidden-oracle-the-trials-of-apollo-1_752/index.html,https://books.toscrape.com/media/cache/b4/67/b467a4f01ca6ae8464b9425a156c7c32.jpg,£52.26,"
    
    
        In stock
    
",Add to basket
The Help Yourself Cookbook ...,https://books.toscrape.com/catalogue/the-help-yourself-cookbook-for-kids-60-easy-plant-based-recipes-kids-can-make-to-stay-healthy-and-save-the-earth_751/index.html,https://books.toscrape.com/media/cache/c4/dc/c4dcec6f513eaca3f0f3c748d834c46d.jpg,£28.77,"
    
    
        In stock
    
",Add to basket
The Guilty (Will Robie ...,https://books.toscrape.com/catalogue/the-guilty-will-robie-4_750/index.html,https://books.toscrape.com/media/cache/76/de/76deee06ffe45e646c0113af01f4f401.jpg,£13.82,"
    
    
        In stock
    
",Add to basket
The First Hostage (J.B. ...,https://books.toscrape.com/catalogue/the-first-hostage-jb-collins-2_749/index.html,https://books.toscrape.com/media/cache/38/34/3834572e651cdc14b18d348fa4875aa9.jpg,£25.85,"
    
    
        In stock
    
",Add to basket
The Dovekeepers,https://books.toscrape.com/catalogue/the-dovekeepers_748/index.html,https://books.toscrape.com/media/cache/8f/3f/8f3f4d67e30a8129577ccc4664998345.jpg,£48.78,"
    
    
        In stock
    
",Add to basket
The Darkest Lie,https://books.toscrape.com/catalogue/the-darkest-lie_747/index.html,https://books.toscrape.com/media/cache/1d/3c/1d3c05b772ab846c111970232360d2c5.jpg,£35.35,"
    
    
        In stock
    
",Add to basket
The Bane Chronicles (The ...,https://books.toscrape.com/catalogue/the-bane-chronicles-the-bane-chronicles-1-11_746/index.html,https://books.toscrape.com/media/cache/9a/33/9a333c4a06ce187c5c9d2f5969ddcac2.jpg,£44.73,"
    
    
        In stock
    
",Add to basket
The Bad-Ass Librarians of ...,https://books.toscrape.com/catalogue/the-bad-ass-librarians-of-timbuktu-and-their-race-to-save-the-worlds-most-precious-manuscripts_745/index.html,https://books.toscrape.com/media/cache/88/90/8890073a9c9e3bb696f6baa84fb4dd95.jpg,£15.77,"
    
    
        In stock
    
",Add to basket
The 14th Colony (Cotton ...,https://books.toscrape.com/catalogue/the-14th-colony-cotton-malone-11_744/index.html,https://books.toscrape.com/media/cache/d9/1a/d91aae72af6c1cb2c63163acabe7895c.jpg,£39.24,"
    
    
        In stock
    
",Add to basket
That Darkness (Gardiner and ...,https://books.toscrape.com/catalogue/that-darkness-gardiner-and-renner-1_743/index.html,https://books.toscrape.com/media/cache/44/9e/449ed681142bc336646abee754e96639.jpg,£13.92,"
    
    
        In stock
    
",Add to basket
Tastes Like Fear (DI ...,https://books.toscrape.com/catalogue/tastes-like-fear-di-marnie-rome-3_742/index.html,https://books.toscrape.com/media/cache/3c/91/3c91d97266bd6dda322089695fb46daf.jpg,£10.69,"
    
    
        In stock
    
",Add to basket
Take Me with You,https://books.toscrape.com/catalogue/take-me-with-you_741/index.html,https://books.toscrape.com/media/cache/d8/a4/d8a44eda7cbe7bd1207f868e9adc06f3.jpg,£45.21,"
    
    
        In stock
    
",Add to basket
Swell: A Year of ...,https://books.toscrape.com/catalogue/swell-a-year-of-waves_740/index.html,https://books.toscrape.com/media/cache/10/28/1028b2cf417e49dc1c14609e437a98e0.jpg,£45.58,"
    
    
        In stock
    
",Add to basket
Superman Vol. 1: Before ...,https://books.toscrape.com/catalogue/superman-vol-1-before-truth-superman-by-gene-luen-yang-1_739/index.html,https://books.toscrape.com/media/cache/7e/c0/7ec0e9ca6153a23b2024b7df7407ee84.jpg,£11.89,"
    
    
        In stock
    
",Add to basket
Still Life with Bread ...,https://books.toscrape.com/catalogue/still-life-with-bread-crumbs_738/index.html,https://books.toscrape.com/media/cache/8e/c7/8ec7f310b74ddd7ec3c859e9b0da7389.jpg,£26.41,"
    
    
        In stock
    
",Add to basket
Steve Jobs,https://books.toscrape.com/catalogue/steve-jobs_737/index.html,https://books.toscrape.com/media/cache/86/31/86313c225719ac946894d780c4ff0839.jpg,£39.50,"
    
    
        In stock
    
",Add to basket
Sorting the Beef from ...,https://books.toscrape.com/catalogue/sorting-the-beef-from-the-bull-the-science-of-food-fraud-forensics_736/index.html,https://books.toscrape.com/media/cache/68/ca/68caaf9ac41964d5167a3eb67c638393.jpg,£44.74,"
    
    
        In stock
    
",Add to basket
Someone Like You (The ...,https://books.toscrape.com/catalogue/someone-like-you-the-harrisons-2_735/index.html,https://books.toscrape.com/media/cache/e3/d0/e3d05227f3fc24f0e0c84ccebe108fb0.jpg,£52.79,"
    
    
        In stock
    
",Add to basket
"So Cute It Hurts!!, ...",https://books.toscrape.com/catalogue/so-cute-it-hurts-vol-6-so-cute-it-hurts-6_734/index.html,https://books.toscrape.com/media/cache/b2/48/b2484d13793ff1c4271a3d4023d4d24e.jpg,£35.43,"
    
    
        In stock
    
",Add to basket
Shtum,https://books.toscrape.com/catalogue/shtum_733/index.html,https://books.toscrape.com/media/cache/03/16/0316bb6f4785ac69c0643109201bad5d.jpg,£55.84,"
    
    
        In stock
    
",Add to basket
See America: A Celebration ...,https://books.toscrape.com/catalogue/see-america-a-celebration-of-our-national-parks-treasured-sites_732/index.html,https://books.toscrape.com/media/cache/9a/7e/9a7e63f12829df4b43b31d110bf3dc2e.jpg,£48.87,"
    
    
        In stock
    
",Add to basket
salt.,https://books.toscrape.com/catalogue/salt_731/index.html,https://books.toscrape.com/media/cache/3f/41/3f4160ada0b16e3c64cd2d0dffe781c8.jpg,£46.78,"
    
    
        In stock
    
",Add to basket
Robin War,https://books.toscrape.com/catalogue/robin-war_730/index.html,https://books.toscrape.com/media/cache/45/1d/451d3543022242b8b245793e6b5c26bb.jpg,£47.82,"
    
    
        In stock
    
",Add to basket
"Red Hood/Arsenal, Vol. 1: ...",https://books.toscrape.com/catalogue/red-hoodarsenal-vol-1-open-for-business-red-hoodarsenal-1_729/index.html,https://books.toscrape.com/media/cache/da/78/da78757466c3b0a2c89f0ddf6b5e642f.jpg,£25.48,"
    
    
        In stock
    
",Add to basket
Rain Fish,https://books.toscrape.com/catalogue/rain-fish_728/index.html,https://books.toscrape.com/media/cache/bb/e2/bbe26db72b8a32117bfe4981b7cc8147.jpg,£23.57,"
    
    
        In stock
    
",Add to basket
Quarter Life Poetry: Poems ...,https://books.toscrape.com/catalogue/quarter-life-poetry-poems-for-the-young-broke-and-hangry_727/index.html,https://books.toscrape.com/media/cache/c8/f2/c8f297fab080ddd02b3ed5c17b83af85.jpg,£50.89,"
    
    
        In stock
    
",Add to basket
Pet Sematary,https://books.toscrape.com/catalogue/pet-sematary_726/index.html,https://books.toscrape.com/media/cache/7a/72/7a72465b21dbf998323e37b31f9a3f4a.jpg,£10.56,"
    
    
        In stock
    
",Add to basket
"Overload: How to Unplug, ...",https://books.toscrape.com/catalogue/overload-how-to-unplug-unwind-and-unleash-yourself-from-the-pressure-of-stress_725/index.html,https://books.toscrape.com/media/cache/9c/da/9cda4893c7fce0c1c8eaa34fb092aa04.jpg,£52.15,"
    
    
        In stock
    
",Add to basket
Once Was a Time,https://books.toscrape.com/catalogue/once-was-a-time_724/index.html,https://books.toscrape.com/media/cache/97/12/971212afa8e4ff49d92f678bc889d8b7.jpg,£18.28,"
    
    
        In stock
    
",Add to basket
Old School (Diary of ...,https://books.toscrape.com/catalogue/old-school-diary-of-a-wimpy-kid-10_723/index.html,https://books.toscrape.com/media/cache/df/5d/df5d172abe87deda6d533e3e908d27d8.jpg,£11.83,"
    
    
        In stock
    
",Add to basket
No Dream Is Too ...,https://books.toscrape.com/catalogue/no-dream-is-too-high-life-lessons-from-a-man-who-walked-on-the-moon_722/index.html,https://books.toscrape.com/media/cache/b5/6f/b56ff04effb66fe701a22abd4a7f1667.jpg,£21.95,"
    
    
        In stock
    
",Add to basket
"Naruto (3-in-1 Edition), Vol. ...",https://books.toscrape.com/catalogue/naruto-3-in-1-edition-vol-14-includes-vols-40-41-42-naruto-omnibus-14_721/index.html,https://books.toscrape.com/media/cache/c8/22/c822360ce0f91c40f7a0491c22287646.jpg,£38.39,"
    
    
        In stock
    
",Add to basket
My Name Is Lucy ...,https://books.toscrape.com/catalogue/my-name-is-lucy-barton_720/index.html,https://books.toscrape.com/media/cache/ca/b1/cab150e556b5fab663a9fec00ed97943.jpg,£41.56,"
    
    
        In stock
    
",Add to basket
My Mrs. Brown,https://books.toscrape.com/catalogue/my-mrs-brown_719/index.html,https://books.toscrape.com/media/cache/e0/79/e07906c1e507055da9a2260a74f58273.jpg,£24.48,"
    
    
        In stock
    
",Add to basket
My Kind of Crazy,https://books.toscrape.com/catalogue/my-kind-of-crazy_718/index.html,https://books.toscrape.com/media/cache/46/6e/466e9636819aad1126ac6cefb5313ba8.jpg,£40.36,"
    
    
        In stock
    
",Add to basket
Mr. Mercedes (Bill Hodges ...,https://books.toscrape.com/catalogue/mr-mercedes-bill-hodges-trilogy-1_717/index.html,https://books.toscrape.com/media/cache/a7/f0/a7f092a7b79f848df0226f808fed489b.jpg,£28.90,"
    
    
        In stock
    
",Add to basket
More Than Music (Chasing ...,https://books.toscrape.com/catalogue/more-than-music-chasing-the-dream-1_716/index.html,https://books.toscrape.com/media/cache/3f/e7/3fe7073a5caac81929524d2d9488f928.jpg,£37.61,"
    
    
        In stock
    
",Add to basket
Made to Stick: Why ...,https://books.toscrape.com/catalogue/made-to-stick-why-some-ideas-survive-and-others-die_715/index.html,https://books.toscrape.com/media/cache/e2/2e/e22e4a82d97f9f0689d5295a98f5dcff.jpg,£38.85,"
    
    
        In stock
    
",Add to basket
Luis Paints the World,https://books.toscrape.com/catalogue/luis-paints-the-world_714/index.html,https://books.toscrape.com/media/cache/85/e7/85e75d5a9309da5807c82decf3d90263.jpg,£53.95,"
    
    
        In stock
    
",Add to basket
Luckiest Girl Alive,https://books.toscrape.com/catalogue/luckiest-girl-alive_713/index.html,https://books.toscrape.com/media/cache/81/c0/81c0a1ce03db82568e2496db945a8227.jpg,£49.83,"
    
    
        In stock
    
",Add to basket
Lowriders to the Center ...,https://books.toscrape.com/catalogue/lowriders-to-the-center-of-the-earth-lowriders-in-space-2_712/index.html,https://books.toscrape.com/media/cache/b2/97/b2978e96069dd91785e5ab0bc99c022e.jpg,£51.51,"
    
    
        In stock
    
",Add to basket
Love Is a Mix ...,https://books.toscrape.com/catalogue/love-is-a-mix-tape-music-1_711/index.html,https://books.toscrape.com/media/cache/a2/6d/a26d8449abb3381e09126eda5f4e8151.jpg,£18.03,"
    
    
        In stock
    
",Add to basket
Looking for Lovely: Collecting ...,https://books.toscrape.com/catalogue/looking-for-lovely-collecting-the-moments-that-matter_710/index.html,https://books.toscrape.com/media/cache/61/1e/611e1804ad968e309a5f788d4ebc1cb4.jpg,£29.14,"
    
    
        In stock
    
",Add to basket
Living Leadership by Insight: ...,https://books.toscrape.com/catalogue/living-leadership-by-insight-a-good-leader-achieves-a-great-leader-builds-monuments_709/index.html,https://books.toscrape.com/media/cache/e9/5e/e95e82f09681709bb0f927341dda274e.jpg,£46.91,"
    
    
        In stock
    
",Add to basket
Let It Out: A ...,https://books.toscrape.com/catalogue/let-it-out-a-journey-through-journaling_708/index.html,https://books.toscrape.com/media/cache/51/fc/51fcd3e9384894e6a53a753d2ab856ee.jpg,£26.79,"
    
    
        In stock
    
",Add to basket
Lady Midnight (The Dark ...,https://books.toscrape.com/catalogue/lady-midnight-the-dark-artifices-1_707/index.html,https://books.toscrape.com/media/cache/89/a6/89a61d48e93bc92537c0a2cb2c0094bb.jpg,£16.28,"
    
    
        In stock
    
",Add to basket
"It's All Easy: Healthy, ...",https://books.toscrape.com/catalogue/its-all-easy-healthy-delicious-weeknight-meals-in-under-30-minutes_706/index.html,https://books.toscrape.com/media/cache/fe/67/fe67c381d6a0c4c00a7c191d16939554.jpg,£19.55,"
    
    
        In stock
    
",Add to basket
Island of Dragons (Unwanteds ...,https://books.toscrape.com/catalogue/island-of-dragons-unwanteds-7_705/index.html,https://books.toscrape.com/media/cache/75/b9/75b99691594fde72ccb1831624cfeff6.jpg,£29.65,"
    
    
        In stock
    
",Add to basket
I Know What I'm ...,https://books.toscrape.com/catalogue/i-know-what-im-doing-and-other-lies-i-tell-myself-dispatches-from-a-life-under-construction_704/index.html,https://books.toscrape.com/media/cache/ea/7b/ea7bcac4b27a5bf6d4f8125bb7af3361.jpg,£25.98,"
    
    
        In stock
    
",Add to basket
I Am Pilgrim (Pilgrim ...,https://books.toscrape.com/catalogue/i-am-pilgrim-pilgrim-1_703/index.html,https://books.toscrape.com/media/cache/ed/07/ed07c9e7c53d4f33a6eb7d41eb0e6d4a.jpg,£10.60,"
    
    
        In stock
    
",Add to basket
Hyperbole and a Half: ...,https://books.toscrape.com/catalogue/hyperbole-and-a-half-unfortunate-situations-flawed-coping-mechanisms-mayhem-and-other-things-that-happened_702/index.html,https://books.toscrape.com/media/cache/b5/a9/b5a90d1c36a96513942f006345ace3d2.jpg,£14.75,"
    
    
        In stock
    
",Add to basket
"Hush, Hush (Hush, Hush ...",https://books.toscrape.com/catalogue/hush-hush-hush-hush-1_701/index.html,https://books.toscrape.com/media/cache/2a/b9/2ab91479fe480e964f319fa8ac6991b2.jpg,£47.02,"
    
    
        In stock
    
",Add to basket
Hold Your Breath (Search ...,https://books.toscrape.com/catalogue/hold-your-breath-search-and-rescue-1_700/index.html,https://books.toscrape.com/media/cache/0b/89/0b89c3b317d0f89da48356a0b5959c1e.jpg,£28.82,"
    
    
        In stock
    
",Add to basket
Hamilton: The Revolution,https://books.toscrape.com/catalogue/hamilton-the-revolution_699/index.html,https://books.toscrape.com/media/cache/34/ef/34ef0844cb1fbca6ab73444087fcf0e6.jpg,£58.79,"
    
    
        In stock
    
",Add to basket
Greek Mythic History,https://books.toscrape.com/catalogue/greek-mythic-history_698/index.html,https://books.toscrape.com/media/cache/36/cf/36cf56c7bdf35aadbcc6f05a8e8d8fcb.jpg,£10.23,"
    
    
        In stock
    
",Add to basket
God: The Most Unpleasant ...,https://books.toscrape.com/catalogue/god-the-most-unpleasant-character-in-all-fiction_697/index.html,https://books.toscrape.com/media/cache/1f/db/1fdb125bcb8cee71f3404b4dc293348c.jpg,£30.03,"
    
    
        In stock
    
",Add to basket
Glory over Everything: Beyond ...,https://books.toscrape.com/catalogue/glory-over-everything-beyond-the-kitchen-house_696/index.html,https://books.toscrape.com/media/cache/96/41/964194a317f8ce5ed031bf4c9ceb43ab.jpg,£45.84,"
    
    
        In stock
    
",Add to basket
Feathers: Displays of Brilliant ...,https://books.toscrape.com/catalogue/feathers-displays-of-brilliant-plumage_695/index.html,https://books.toscrape.com/media/cache/f2/ee/f2ee668cf593ff13a9560c2801e9c2a2.jpg,£49.05,"
    
    
        In stock
    
",Add to basket
Far & Away: Places ...,https://books.toscrape.com/catalogue/far-away-places-on-the-brink-of-change-seven-continents-twenty-five-years_694/index.html,https://books.toscrape.com/media/cache/11/e2/11e227bdb5fe8b43dcc2366a157a47c2.jpg,£15.06,"
    
    
        In stock
    
",Add to basket
Every Last Word,https://books.toscrape.com/catalogue/every-last-word_693/index.html,https://books.toscrape.com/media/cache/92/e7/92e7f0a8ca38964fea93e911aefbf6c9.jpg,£46.47,"
    
    
        In stock
    
",Add to basket
Eligible (The Austen Project ...,https://books.toscrape.com/catalogue/eligible-the-austen-project-4_692/index.html,https://books.toscrape.com/media/cache/26/3b/263bf5d128bf18553ea8da8bb19e9a0c.jpg,£27.09,"
    
    
        In stock
    
",Add to basket
El Deafo,https://books.toscrape.com/catalogue/el-deafo_691/index.html,https://books.toscrape.com/media/cache/34/eb/34eb0f1b570d4f1f6ad106652f1ac6ff.jpg,£57.62,"
    
    
        In stock
    
",Add to basket
Eight Hundred Grapes,https://books.toscrape.com/catalogue/eight-hundred-grapes_690/index.html,https://books.toscrape.com/media/cache/8c/01/8c011092f05791961d25ec3cfcf0a832.jpg,£14.39,"
    
    
        In stock
    
",Add to basket
Eaternity: More than 150 ...,https://books.toscrape.com/catalogue/eaternity-more-than-150-deliciously-easy-vegan-recipes-for-a-long-healthy-satisfied-joyful-life_689/index.html,https://books.toscrape.com/media/cache/b1/e1/b1e15eef42c0d71596f9f9ad4e9f48b0.jpg,£51.75,"
    
    
        In stock
    
",Add to basket
"Eat Fat, Get Thin",https://books.toscrape.com/catalogue/eat-fat-get-thin_688/index.html,https://books.toscrape.com/media/cache/62/3f/623f8e7f7432ce744f4318aae8166ce4.jpg,£54.07,"
    
    
        In stock
    
",Add to basket
Don't Get Caught,https://books.toscrape.com/catalogue/dont-get-caught_687/index.html,https://books.toscrape.com/media/cache/b2/df/b2df2ea409c5cf28538b67aff424b11f.jpg,£55.35,"
    
    
        In stock
    
",Add to basket
Doctor Sleep (The Shining ...,https://books.toscrape.com/catalogue/doctor-sleep-the-shining-2_686/index.html,https://books.toscrape.com/media/cache/55/bf/55bfc858c1cb19867e41415532ae43c6.jpg,£40.12,"
    
    
        In stock
    
",Add to basket
Demigods & Magicians: Percy ...,https://books.toscrape.com/catalogue/demigods-magicians-percy-and-annabeth-meet-the-kanes-percy-jackson-kane-chronicles-crossover-1-3_685/index.html,https://books.toscrape.com/media/cache/8f/80/8f8074d9f035c2a0ef8595ad89f7bcc8.jpg,£37.51,"
    
    
        In stock
    
",Add to basket
Dear Mr. Knightley,https://books.toscrape.com/catalogue/dear-mr-knightley_684/index.html,https://books.toscrape.com/media/cache/78/87/78873811f8c1d75a0c26d8cc8e6a9dbc.jpg,£11.21,"
    
    
        In stock
    
",Add to basket
Daily Fantasy Sports,https://books.toscrape.com/catalogue/daily-fantasy-sports_683/index.html,https://books.toscrape.com/media/cache/44/ff/44ff81a2ea37d3946605e205ddd538eb.jpg,£36.58,"
    
    
        In stock
    
",Add to basket
Crazy Love: Overwhelmed by ...,https://books.toscrape.com/catalogue/crazy-love-overwhelmed-by-a-relentless-god_682/index.html,https://books.toscrape.com/media/cache/03/f1/03f1e337afadba35687672b5625a9757.jpg,£47.72,"
    
    
        In stock
    
",Add to basket
Cometh the Hour (The ...,https://books.toscrape.com/catalogue/cometh-the-hour-the-clifton-chronicles-6_681/index.html,https://books.toscrape.com/media/cache/55/11/5511a4296fbd484dcaa89c8a2d25965d.jpg,£25.01,"
    
    
        In stock
    
",Add to basket
Code Name Verity (Code ...,https://books.toscrape.com/catalogue/code-name-verity-code-name-verity-1_680/index.html,https://books.toscrape.com/media/cache/f5/58/f55886d1bf600529a35e1bd932c78ca0.jpg,£22.13,"
    
    
        In stock
    
",Add to basket
Clockwork Angel (The Infernal ...,https://books.toscrape.com/catalogue/clockwork-angel-the-infernal-devices-1_679/index.html,https://books.toscrape.com/media/cache/ff/0e/ff0ee0002f510112b6d7a88f53366e1d.jpg,£44.14,"
    
    
        In stock
    
",Add to basket
City of Glass (The ...,https://books.toscrape.com/catalogue/city-of-glass-the-mortal-instruments-3_678/index.html,https://books.toscrape.com/media/cache/00/08/0008e65aa431ed3625ad3a4352f8e90d.jpg,£56.02,"
    
    
        In stock
    
",Add to basket
City of Fallen Angels ...,https://books.toscrape.com/catalogue/city-of-fallen-angels-the-mortal-instruments-4_677/index.html,https://books.toscrape.com/media/cache/c9/40/c940b6c329ecc39aaed2ab0140592a4b.jpg,£11.23,"
    
    
        In stock
    
",Add to basket
City of Bones (The ...,https://books.toscrape.com/catalogue/city-of-bones-the-mortal-instruments-1_676/index.html,https://books.toscrape.com/media/cache/96/af/96af4aaf25ab49b057c10b5b7eb7652c.jpg,£43.28,"
    
    
        In stock
    
",Add to basket
City of Ashes (The ...,https://books.toscrape.com/catalogue/city-of-ashes-the-mortal-instruments-2_675/index.html,https://books.toscrape.com/media/cache/68/da/68dab382d535305ca6025be9921df0d1.jpg,£47.27,"
    
    
        In stock
    
",Add to basket
Cell,https://books.toscrape.com/catalogue/cell_674/index.html,https://books.toscrape.com/media/cache/0b/97/0b97282ed82b771ed328e05386a84adb.jpg,£20.29,"
    
    
        In stock
    
",Add to basket
Catching Jordan (Hundred Oaks),https://books.toscrape.com/catalogue/catching-jordan-hundred-oaks_673/index.html,https://books.toscrape.com/media/cache/ad/ac/adac97366586d261feab30bf5220756e.jpg,£50.83,"
    
    
        In stock
    
",Add to basket
"Carry On, Warrior: Thoughts ...",https://books.toscrape.com/catalogue/carry-on-warrior-thoughts-on-life-unarmed_672/index.html,https://books.toscrape.com/media/cache/dd/f5/ddf5da673bb34a74a81faf7271c7ca13.jpg,£31.85,"
    
    
        In stock
    
",Add to basket
Carrie,https://books.toscrape.com/catalogue/carrie_671/index.html,https://books.toscrape.com/media/cache/c5/6f/c56f37eb53888765eb55f86fb7381c2f.jpg,£46.23,"
    
    
        In stock
    
",Add to basket
Buying In: The Secret ...,https://books.toscrape.com/catalogue/buying-in-the-secret-dialogue-between-what-we-buy-and-who-we-are_670/index.html,https://books.toscrape.com/media/cache/f2/fa/f2faa289117546efa0b4068a07778ab0.jpg,£37.80,"
    
    
        In stock
    
",Add to basket
Brain on Fire: My ...,https://books.toscrape.com/catalogue/brain-on-fire-my-month-of-madness_669/index.html,https://books.toscrape.com/media/cache/88/aa/88aad1204951e0900906173b086e6695.jpg,£49.32,"
    
    
        In stock
    
",Add to basket
Batman: Europa,https://books.toscrape.com/catalogue/batman-europa_668/index.html,https://books.toscrape.com/media/cache/f1/fe/f1fecf0ce9b5771e4d2c9619e8550988.jpg,£32.01,"
    
    
        In stock
    
",Add to basket
Barefoot Contessa Back to ...,https://books.toscrape.com/catalogue/barefoot-contessa-back-to-basics_667/index.html,https://books.toscrape.com/media/cache/b8/38/b838b65e0e1ac3a9b498dfb1bf004420.jpg,£28.01,"
    
    
        In stock
    
",Add to basket
Barefoot Contessa at Home: ...,https://books.toscrape.com/catalogue/barefoot-contessa-at-home-everyday-recipes-youll-make-over-and-over-again_666/index.html,https://books.toscrape.com/media/cache/74/aa/74aa29b1ba4147eaf5b46671bf235861.jpg,£50.62,"
    
    
        In stock
    
",Add to basket
Balloon Animals,https://books.toscrape.com/catalogue/balloon-animals_665/index.html,https://books.toscrape.com/media/cache/6e/23/6e2324cae6335e8e98c8b46597afc9a3.jpg,£17.03,"
    
    
        In stock
    
",Add to basket
Art Ops Vol. 1,https://books.toscrape.com/catalogue/art-ops-vol-1_664/index.html,https://books.toscrape.com/media/cache/0b/b4/0bb4c64f1522c033368df5567a349472.jpg,£48.80,"
    
    
        In stock
    
",Add to basket
Aristotle and Dante Discover ...,https://books.toscrape.com/catalogue/aristotle-and-dante-discover-the-secrets-of-the-universe-aristotle-and-dante-discover-the-secrets-of-the-universe-1_663/index.html,https://books.toscrape.com/media/cache/61/1a/611aba0ef5b859ba1977ef30677b0194.jpg,£58.14,"
    
    
        In stock
    
",Add to basket
Angels Walking (Angels Walking ...,https://books.toscrape.com/catalogue/angels-walking-angels-walking-1_662/index.html,https://books.toscrape.com/media/cache/50/0e/500eeb810e940424827580574e46852c.jpg,£34.20,"
    
    
        In stock
    
",Add to basket
Angels & Demons (Robert ...,https://books.toscrape.com/catalogue/angels-demons-robert-langdon-1_661/index.html,https://books.toscrape.com/media/cache/b4/2a/b42a187c37de904f776070c57f51c756.jpg,£51.48,"
    
    
        In stock
    
",Add to basket
All the Light We ...,https://books.toscrape.com/catalogue/all-the-light-we-cannot-see_660/index.html,https://books.toscrape.com/media/cache/41/c3/41c37f7f0e03ee1144dd6fa89483b5d9.jpg,£29.87,"
    
    
        In stock
    
",Add to basket
Adulthood Is a Myth: ...,https://books.toscrape.com/catalogue/adulthood-is-a-myth-a-sarahs-scribbles-collection_659/index.html,https://books.toscrape.com/media/cache/a2/b9/a2b974e5a66e7502c77d2e4632abe033.jpg,£10.90,"
    
    
        In stock
    
",Add to basket
Abstract City,https://books.toscrape.com/catalogue/abstract-city_658/index.html,https://books.toscrape.com/media/cache/e7/70/e77019ebd71bcf6badb085bddf47c413.jpg,£56.37,"
    
    
        In stock
    
",Add to basket
A Time of Torment ...,https://books.toscrape.com/catalogue/a-time-of-torment-charlie-parker-14_657/index.html,https://books.toscrape.com/media/cache/e8/c0/e8c0ba15066bab950ae161fd60949b9a.jpg,£48.35,"
    
    
        In stock
    
",Add to basket
A Study in Scarlet ...,https://books.toscrape.com/catalogue/a-study-in-scarlet-sherlock-holmes-1_656/index.html,https://books.toscrape.com/media/cache/8f/a4/8fa41d6caa10e427356b8a590eb4d96b.jpg,£16.73,"
    
    
        In stock
    
",Add to basket
A Series of Catastrophes ...,https://books.toscrape.com/catalogue/a-series-of-catastrophes-and-miracles-a-true-story-of-love-science-and-cancer_655/index.html,https://books.toscrape.com/media/cache/9b/20/9b2076ce7414103a093ce2459d089969.jpg,£56.48,"
    
    
        In stock
    
",Add to basket
A People's History of ...,https://books.toscrape.com/catalogue/a-peoples-history-of-the-united-states_654/index.html,https://books.toscrape.com/media/cache/75/20/75200336c141156746000f7055df344a.jpg,£40.79,"
    
    
        In stock
    
",Add to basket
A Man Called Ove,https://books.toscrape.com/catalogue/a-man-called-ove_653/index.html,https://books.toscrape.com/media/cache/9c/f1/9cf1f4a47b8d08909fc092e6ae598d83.jpg,£39.72,"
    
    
        In stock
    
",Add to basket
A Distant Mirror: The ...,https://books.toscrape.com/catalogue/a-distant-mirror-the-calamitous-14th-century_652/index.html,https://books.toscrape.com/media/cache/41/d5/41d5fa6a81cdbcbe6b0b15757a4c9144.jpg,£14.58,"
    
    
        In stock
    
",Add to basket
A Brush of Wings ...,https://books.toscrape.com/catalogue/a-brush-of-wings-angels-walking-3_651/index.html,https://books.toscrape.com/media/cache/4d/16/4d163d43cb4aa624e599330a39abace5.jpg,£55.51,"
    
    
        In stock
    
",Add to basket
1491: New Revelations of ...,https://books.toscrape.com/catalogue/1491-new-revelations-of-the-americas-before-columbus_650/index.html,https://books.toscrape.com/media/cache/88/75/8875f384ce9103281b7f6e86a2b8204d.jpg,£21.80,"
    
    
        In stock
    
",Add to basket
"The Three Searches, Meaning, ...",https://books.toscrape.com/catalogue/the-three-searches-meaning-and-the-story_649/index.html,https://books.toscrape.com/media/cache/83/35/8335b71599b5a257a56cfabdd79080a4.jpg,£13.33,"
    
    
        In stock
    
",Add to basket
Searching for Meaning in ...,https://books.toscrape.com/catalogue/searching-for-meaning-in-gailana_648/index.html,https://books.toscrape.com/media/cache/3b/04/3b045fe0394dc192950a0ec9e3812fe4.jpg,£38.73,"
    
    
        In stock
    
",Add to basket
Rook,https://books.toscrape.com/catalogue/rook_647/index.html,https://books.toscrape.com/media/cache/55/33/5533595a623c3bb947c4a5171fc2df08.jpg,£37.86,"
    
    
        In stock
    
",Add to basket
My Kitchen Year: 136 ...,https://books.toscrape.com/catalogue/my-kitchen-year-136-recipes-that-saved-my-life_646/index.html,https://books.toscrape.com/media/cache/76/a1/76a1516c8d9c3e620626f30840013a85.jpg,£11.53,"
    
    
        In stock
    
",Add to basket
13 Hours: The Inside ...,https://books.toscrape.com/catalogue/13-hours-the-inside-account-of-what-really-happened-in-benghazi_645/index.html,https://books.toscrape.com/media/cache/15/f7/15f78e0b04feb9b94e88865803cb5e9e.jpg,£27.06,"
    
    
        In stock
    
",Add to basket
Will You Won't You ...,https://books.toscrape.com/catalogue/will-you-wont-you-want-me_644/index.html,https://books.toscrape.com/media/cache/16/e3/16e3ca741956485119251e7442a67e2e.jpg,£13.86,"
    
    
        In stock
    
",Add to basket
Tipping Point for Planet ...,https://books.toscrape.com/catalogue/tipping-point-for-planet-earth-how-close-are-we-to-the-edge_643/index.html,https://books.toscrape.com/media/cache/56/97/5697f2f8f628129df01c5790985ffd9b.jpg,£37.55,"
    
    
        In stock
    
",Add to basket
The Star-Touched Queen,https://books.toscrape.com/catalogue/the-star-touched-queen_642/index.html,https://books.toscrape.com/media/cache/d3/0d/d30dd8b6be6f9fcfd17178e8083238b6.jpg,£32.30,"
    
    
        In stock
    
",Add to basket
The Silent Sister (Riley ...,https://books.toscrape.com/catalogue/the-silent-sister-riley-macpherson-1_641/index.html,https://books.toscrape.com/media/cache/30/2c/302cd9c84442e139145ec0993880d7e0.jpg,£46.29,"
    
    
        In stock
    
",Add to basket
The Midnight Watch: A ...,https://books.toscrape.com/catalogue/the-midnight-watch-a-novel-of-the-titanic-and-the-californian_640/index.html,https://books.toscrape.com/media/cache/97/3a/973a2c3462a18fc90d3b9662d959df37.jpg,£26.20,"
    
    
        In stock
    
",Add to basket
The Lonely City: Adventures ...,https://books.toscrape.com/catalogue/the-lonely-city-adventures-in-the-art-of-being-alone_639/index.html,https://books.toscrape.com/media/cache/5c/5e/5c5e527fea6b17199773bb175b515aee.jpg,£33.26,"
    
    
        In stock
    
",Add to basket
The Gray Rhino: How ...,https://books.toscrape.com/catalogue/the-gray-rhino-how-to-recognize-and-act-on-the-obvious-dangers-we-ignore_638/index.html,https://books.toscrape.com/media/cache/9f/25/9f255826f354776dda9afbd5576a7add.jpg,£59.15,"
    
    
        In stock
    
",Add to basket
The Golden Condom: And ...,https://books.toscrape.com/catalogue/the-golden-condom-and-other-essays-on-love-lost-and-found_637/index.html,https://books.toscrape.com/media/cache/dc/4d/dc4d070e33813a07a4e02f069e6d482f.jpg,£39.43,"
    
    
        In stock
    
",Add to basket
The Epidemic (The Program ...,https://books.toscrape.com/catalogue/the-epidemic-the-program-06_636/index.html,https://books.toscrape.com/media/cache/87/cd/87cd652c35e2a78535c83becae33cff2.jpg,£14.44,"
    
    
        In stock
    
",Add to basket
The Dinner Party,https://books.toscrape.com/catalogue/the-dinner-party_635/index.html,https://books.toscrape.com/media/cache/ba/76/ba761d23c5c0e5a0638e04739c69c5d0.jpg,£56.54,"
    
    
        In stock
    
",Add to basket
The Diary of a ...,https://books.toscrape.com/catalogue/the-diary-of-a-young-girl_634/index.html,https://books.toscrape.com/media/cache/83/d5/83d5526864a108d27fd4b03dd31ec18b.jpg,£59.90,"
    
    
        In stock
    
",Add to basket
The Children,https://books.toscrape.com/catalogue/the-children_633/index.html,https://books.toscrape.com/media/cache/d8/03/d803ab341d3020a3bb280d6135e4ae65.jpg,£11.88,"
    
    
        In stock
    
",Add to basket
Stars Above (The Lunar ...,https://books.toscrape.com/catalogue/stars-above-the-lunar-chronicles-45_632/index.html,https://books.toscrape.com/media/cache/fd/5b/fd5b14399052ab552e240ed18ab03c6d.jpg,£48.05,"
    
    
        In stock
    
",Add to basket
Snatched: How A Drug ...,https://books.toscrape.com/catalogue/snatched-how-a-drug-queen-went-undercover-for-the-dea-and-was-kidnapped-by-colombian-guerillas_631/index.html,https://books.toscrape.com/media/cache/2a/f3/2af39796852729270fb23e05a662a42c.jpg,£21.21,"
    
    
        In stock
    
",Add to basket
Raspberry Pi Electronics Projects ...,https://books.toscrape.com/catalogue/raspberry-pi-electronics-projects-for-the-evil-genius_630/index.html,https://books.toscrape.com/media/cache/a2/da/a2da8957b9cb8265d7f1dfeb0651f1c7.jpg,£49.67,"
    
    
        In stock
    
",Add to basket
Quench Your Own Thirst: ...,https://books.toscrape.com/catalogue/quench-your-own-thirst-business-lessons-learned-over-a-beer-or-two_629/index.html,https://books.toscrape.com/media/cache/2d/fd/2dfdc52bcdbd82dee50372bc46c83e15.jpg,£43.14,"
    
    
        In stock
    
",Add to basket
Psycho: Sanitarium (Psycho #1.5),https://books.toscrape.com/catalogue/psycho-sanitarium-psycho-15_628/index.html,https://books.toscrape.com/media/cache/02/5c/025c30a378e2a4190e84f1429e81b803.jpg,£36.97,"
    
    
        In stock
    
",Add to basket
Poisonous (Max Revere Novels ...,https://books.toscrape.com/catalogue/poisonous-max-revere-novels-3_627/index.html,https://books.toscrape.com/media/cache/23/52/2352718971d5e166fa9541a5a7d716fa.jpg,£26.80,"
    
    
        In stock
    
",Add to basket
One with You (Crossfire ...,https://books.toscrape.com/catalogue/one-with-you-crossfire-5_626/index.html,https://books.toscrape.com/media/cache/b8/29/b829181ae95c8f020c1ad3273192de30.jpg,£15.71,"
    
    
        In stock
    
",Add to basket
No Love Allowed (Dodge ...,https://books.toscrape.com/catalogue/no-love-allowed-dodge-cove-1_625/index.html,https://books.toscrape.com/media/cache/70/3e/703e053877204a396ec6e7beac863118.jpg,£54.65,"
    
    
        In stock
    
",Add to basket
Murder at the 42nd ...,https://books.toscrape.com/catalogue/murder-at-the-42nd-street-library-raymond-ambler-1_624/index.html,https://books.toscrape.com/media/cache/c3/8d/c38d65cd155b67ca025f0655bd1bb095.jpg,£54.36,"
    
    
        In stock
    
",Add to basket
Most Wanted,https://books.toscrape.com/catalogue/most-wanted_623/index.html,https://books.toscrape.com/media/cache/8b/bc/8bbc5ab4c3784b4d9b93eb0fd1fb6fd6.jpg,£35.28,"
    
    
        In stock
    
",Add to basket
"Love, Lies and Spies",https://books.toscrape.com/catalogue/love-lies-and-spies_622/index.html,https://books.toscrape.com/media/cache/7a/22/7a224a6e174af91950e9b124afe54e0e.jpg,£20.55,"
    
    
        In stock
    
",Add to basket
How to Speak Golf: ...,https://books.toscrape.com/catalogue/how-to-speak-golf-an-illustrated-guide-to-links-lingo_621/index.html,https://books.toscrape.com/media/cache/d2/64/d264ad1af882ce391005dc7215ac90e7.jpg,£58.32,"
    
    
        In stock
    
",Add to basket
Hide Away (Eve Duncan ...,https://books.toscrape.com/catalogue/hide-away-eve-duncan-20_620/index.html,https://books.toscrape.com/media/cache/57/07/5707c3d5d4fd44d943d51730ba7d429a.jpg,£11.84,"
    
    
        In stock
    
",Add to basket
Furiously Happy: A Funny ...,https://books.toscrape.com/catalogue/furiously-happy-a-funny-book-about-horrible-things_619/index.html,https://books.toscrape.com/media/cache/ab/2a/ab2ae4f02aa46271b4bfc77494039fc6.jpg,£41.46,"
    
    
        In stock
    
",Add to basket
Everyday Italian: 125 Simple ...,https://books.toscrape.com/catalogue/everyday-italian-125-simple-and-delicious-recipes_618/index.html,https://books.toscrape.com/media/cache/5a/64/5a6499d41ccaad4c4f7eeaa90e16345a.jpg,£20.10,"
    
    
        In stock
    
",Add to basket
Equal Is Unfair: America's ...,https://books.toscrape.com/catalogue/equal-is-unfair-americas-misguided-fight-against-income-inequality_617/index.html,https://books.toscrape.com/media/cache/00/11/001153d2a22d889837efac1703e10a5e.jpg,£56.86,"
    
    
        In stock
    
",Add to basket
Eleanor & Park,https://books.toscrape.com/catalogue/eleanor-park_616/index.html,https://books.toscrape.com/media/cache/ed/d7/edd781d3c9d63a395f80f241445e88fa.jpg,£56.51,"
    
    
        In stock
    
",Add to basket
Dirty (Dive Bar #1),https://books.toscrape.com/catalogue/dirty-dive-bar-1_615/index.html,https://books.toscrape.com/media/cache/ae/90/ae903f6f6d059954be4e85497dd76bf5.jpg,£40.83,"
    
    
        In stock
    
",Add to basket
Can You Keep a ...,https://books.toscrape.com/catalogue/can-you-keep-a-secret-fear-street-relaunch-4_614/index.html,https://books.toscrape.com/media/cache/0b/2f/0b2f432cc27132f688fcdf29618521e0.jpg,£48.64,"
    
    
        In stock
    
",Add to basket
Boar Island (Anna Pigeon ...,https://books.toscrape.com/catalogue/boar-island-anna-pigeon-19_613/index.html,https://books.toscrape.com/media/cache/d5/81/d58157866ea8f015a8e4c55b23b8c96f.jpg,£59.48,"
    
    
        In stock
    
",Add to basket
A Paris Apartment,https://books.toscrape.com/catalogue/a-paris-apartment_612/index.html,https://books.toscrape.com/media/cache/16/57/16575316618bd7e922d5b0e0f87de2ca.jpg,£39.01,"
    
    
        In stock
    
",Add to basket
A la Mode: 120 ...,https://books.toscrape.com/catalogue/a-la-mode-120-recipes-in-60-pairings-pies-tarts-cakes-crisps-and-more-topped-with-ice-cream-gelato-frozen-custard-and-more_611/index.html,https://books.toscrape.com/media/cache/98/19/9819ff3a8290dc6ab8797d00de5ec554.jpg,£38.77,"
    
    
        In stock
    
",Add to basket
Troublemaker: Surviving Hollywood and ...,https://books.toscrape.com/catalogue/troublemaker-surviving-hollywood-and-scientology_610/index.html,https://books.toscrape.com/media/cache/77/82/778285b3c87d6d5d98003aa0f2f65933.jpg,£48.39,"
    
    
        In stock
    
",Add to basket
The Widow,https://books.toscrape.com/catalogue/the-widow_609/index.html,https://books.toscrape.com/media/cache/fd/71/fd71fb07247bf911505a351c0670c6dc.jpg,£27.26,"
    
    
        In stock
    
",Add to basket
The Sleep Revolution: Transforming ...,https://books.toscrape.com/catalogue/the-sleep-revolution-transforming-your-life-one-night-at-a-time_608/index.html,https://books.toscrape.com/media/cache/3d/c5/3dc5455313710cf7055c060114e25bf0.jpg,£11.68,"
    
    
        In stock
    
",Add to basket
The Improbability of Love,https://books.toscrape.com/catalogue/the-improbability-of-love_607/index.html,https://books.toscrape.com/media/cache/06/49/06493269f6893cfd24b650f66df51882.jpg,£59.45,"
    
    
        In stock
    
",Add to basket
The Art of Startup ...,https://books.toscrape.com/catalogue/the-art-of-startup-fundraising_606/index.html,https://books.toscrape.com/media/cache/b3/7b/b37be83183f1dcb759d92bda8f8998a4.jpg,£21.00,"
    
    
        In stock
    
",Add to basket
Take Me Home Tonight ...,https://books.toscrape.com/catalogue/take-me-home-tonight-rock-star-romance-3_605/index.html,https://books.toscrape.com/media/cache/a6/4b/a64b3c559f59748bfdbbe75be3e16075.jpg,£53.98,"
    
    
        In stock
    
",Add to basket
Sleeping Giants (Themis Files ...,https://books.toscrape.com/catalogue/sleeping-giants-themis-files-1_604/index.html,https://books.toscrape.com/media/cache/c0/72/c072c1ef144d571abd25fe9cc18cceba.jpg,£48.74,"
    
    
        In stock
    
",Add to basket
Setting the World on ...,https://books.toscrape.com/catalogue/setting-the-world-on-fire-the-brief-astonishing-life-of-st-catherine-of-siena_603/index.html,https://books.toscrape.com/media/cache/8b/c4/8bc43a6b42d0283ab4bf611f1b497126.jpg,£21.15,"
    
    
        In stock
    
",Add to basket
Playing with Fire,https://books.toscrape.com/catalogue/playing-with-fire_602/index.html,https://books.toscrape.com/media/cache/90/0b/900bd2e60d56b6480a4e8eb2dddb46d6.jpg,£13.71,"
    
    
        In stock
    
",Add to basket
Off the Hook (Fishing ...,https://books.toscrape.com/catalogue/off-the-hook-fishing-for-trouble-1_601/index.html,https://books.toscrape.com/media/cache/1d/78/1d78fe226e1adb9cb591fa21f8a9bf68.jpg,£47.67,"
    
    
        In stock
    
",Add to basket
Mothering Sunday,https://books.toscrape.com/catalogue/mothering-sunday_600/index.html,https://books.toscrape.com/media/cache/a8/84/a8843a3fe1a40d5c7df60bbb8cd76ecd.jpg,£13.34,"
    
    
        In stock
    
",Add to basket
"Mother, Can You Not?",https://books.toscrape.com/catalogue/mother-can-you-not_599/index.html,https://books.toscrape.com/media/cache/ae/03/ae03f5d4d4c2ee038ac4c4ce9b71e592.jpg,£16.89,"
    
    
        In stock
    
",Add to basket
M Train,https://books.toscrape.com/catalogue/m-train_598/index.html,https://books.toscrape.com/media/cache/d6/e8/d6e8258cee98f80727e99f7ac5aa1b88.jpg,£27.18,"
    
    
        In stock
    
",Add to basket
Lilac Girls,https://books.toscrape.com/catalogue/lilac-girls_597/index.html,https://books.toscrape.com/media/cache/6c/2e/6c2e764e3ea89859b52df8de4f12af7a.jpg,£17.28,"
    
    
        In stock
    
",Add to basket
Lies and Other Acts ...,https://books.toscrape.com/catalogue/lies-and-other-acts-of-love_596/index.html,https://books.toscrape.com/media/cache/29/88/2988f5fb3dfd95214dba2ecb2d496c94.jpg,£45.14,"
    
    
        In stock
    
",Add to basket
Lab Girl,https://books.toscrape.com/catalogue/lab-girl_595/index.html,https://books.toscrape.com/media/cache/e9/72/e972f8b4abaaa6f8f449479cd9d87be3.jpg,£40.85,"
    
    
        In stock
    
",Add to basket
Keep Me Posted,https://books.toscrape.com/catalogue/keep-me-posted_594/index.html,https://books.toscrape.com/media/cache/ae/ac/aeac003461b89c7ef826251d940b2afc.jpg,£20.46,"
    
    
        In stock
    
",Add to basket
It Didn't Start with ...,https://books.toscrape.com/catalogue/it-didnt-start-with-you-how-inherited-family-trauma-shapes-who-we-are-and-how-to-end-the-cycle_593/index.html,https://books.toscrape.com/media/cache/ee/a9/eea9e831f8964b4dc0190c84a1f9a1f6.jpg,£56.27,"
    
    
        In stock
    
",Add to basket
Grey (Fifty Shades #4),https://books.toscrape.com/catalogue/grey-fifty-shades-4_592/index.html,https://books.toscrape.com/media/cache/bb/ee/bbeeab4c4ce572c0e9764e3a96c6d4a5.jpg,£48.49,"
    
    
        In stock
    
",Add to basket
"Exit, Pursued by a ...",https://books.toscrape.com/catalogue/exit-pursued-by-a-bear_591/index.html,https://books.toscrape.com/media/cache/ca/99/ca99bafb2a75d4fadb8d64efed26316f.jpg,£51.34,"
    
    
        In stock
    
",Add to basket
Daredevils,https://books.toscrape.com/catalogue/daredevils_590/index.html,https://books.toscrape.com/media/cache/31/71/31715c5e3b53bf1e2f41e394f024a8c4.jpg,£16.34,"
    
    
        In stock
    
",Add to basket
Cravings: Recipes for What ...,https://books.toscrape.com/catalogue/cravings-recipes-for-what-you-want-to-eat_589/index.html,https://books.toscrape.com/media/cache/ae/5c/ae5ca435fb095e374d2c2aa9f7b6f380.jpg,£20.50,"
    
    
        In stock
    
",Add to basket
Born for This: How ...,https://books.toscrape.com/catalogue/born-for-this-how-to-find-the-work-you-were-meant-to-do_588/index.html,https://books.toscrape.com/media/cache/aa/67/aa677a97ecdcbbde7471f1c90ed0cf6f.jpg,£21.59,"
    
    
        In stock
    
",Add to basket
Arena,https://books.toscrape.com/catalogue/arena_587/index.html,https://books.toscrape.com/media/cache/51/88/518810d182843244a404f2a2a614a93b.jpg,£21.36,"
    
    
        In stock
    
",Add to basket
Adultery,https://books.toscrape.com/catalogue/adultery_586/index.html,https://books.toscrape.com/media/cache/79/d9/79d99cfa5557be0643ba00bfcd35256b.jpg,£20.88,"
    
    
        In stock
    
",Add to basket
A Mother's Reckoning: Living ...,https://books.toscrape.com/catalogue/a-mothers-reckoning-living-in-the-aftermath-of-tragedy_585/index.html,https://books.toscrape.com/media/cache/28/58/285861a80930ffa7521dcb8bd19656e9.jpg,£19.53,"
    
    
        In stock
    
",Add to basket
A Gentleman's Position (Society ...,https://books.toscrape.com/catalogue/a-gentlemans-position-society-of-gentlemen-3_584/index.html,https://books.toscrape.com/media/cache/f0/e0/f0e0db3edcb14293a52b51929cc72979.jpg,£14.75,"
    
    
        In stock
    
",Add to basket
11/22/63,https://books.toscrape.com/catalogue/112263_583/index.html,https://books.toscrape.com/media/cache/f6/c5/f6c5d27eacb123238f28a32263694d74.jpg,£48.48,"
    
    
        In stock
    
",Add to basket
10% Happier: How I ...,https://books.toscrape.com/catalogue/10-happier-how-i-tamed-the-voice-in-my-head-reduced-stress-without-losing-my-edge-and-found-self-help-that-actually-works_582/index.html,https://books.toscrape.com/media/cache/40/b2/40b246cf12df5345dc0371c040fddb4b.jpg,£24.57,"
    
    
        In stock
    
",Add to basket
10-Day Green Smoothie Cleanse: ...,https://books.toscrape.com/catalogue/10-day-green-smoothie-cleanse-lose-up-to-15-pounds-in-10-days_581/index.html,https://books.toscrape.com/media/cache/23/c2/23c2108ae81327c7f3fb0721976cba5e.jpg,£49.71,"
    
    
        In stock
    
",Add to basket
Without Shame,https://books.toscrape.com/catalogue/without-shame_580/index.html,https://books.toscrape.com/media/cache/90/86/9086ca3d1d5c4059beb7dcf762926e1e.jpg,£48.27,"
    
    
        In stock
    
",Add to basket
Watchmen,https://books.toscrape.com/catalogue/watchmen_579/index.html,https://books.toscrape.com/media/cache/0b/43/0b43137f35134bf211608d1e7197b086.jpg,£58.05,"
    
    
        In stock
    
",Add to basket
Unlimited Intuition Now,https://books.toscrape.com/catalogue/unlimited-intuition-now_578/index.html,https://books.toscrape.com/media/cache/61/46/6146f9ffb87a4f82301d033aa74cc48b.jpg,£58.87,"
    
    
        In stock
    
",Add to basket
Underlying Notes,https://books.toscrape.com/catalogue/underlying-notes_577/index.html,https://books.toscrape.com/media/cache/ee/59/ee593e57a7fb110d96f1688b0fdd9d59.jpg,£11.82,"
    
    
        In stock
    
",Add to basket
The Shack,https://books.toscrape.com/catalogue/the-shack_576/index.html,https://books.toscrape.com/media/cache/20/8b/208b77faac57115ae239391fe2a64c86.jpg,£28.03,"
    
    
        In stock
    
",Add to basket
The New Brand You: ...,https://books.toscrape.com/catalogue/the-new-brand-you-your-new-image-makes-the-sale-for-you_575/index.html,https://books.toscrape.com/media/cache/9b/33/9b33c7a5431415614f7b788e0c1552c9.jpg,£44.05,"
    
    
        In stock
    
",Add to basket
The Moosewood Cookbook: Recipes ...,https://books.toscrape.com/catalogue/the-moosewood-cookbook-recipes-from-moosewood-restaurant-ithaca-new-york_574/index.html,https://books.toscrape.com/media/cache/d4/53/d453cfb6c08dbf76d200ffa858bc9979.jpg,£12.34,"
    
    
        In stock
    
",Add to basket
The Flowers Lied,https://books.toscrape.com/catalogue/the-flowers-lied_573/index.html,https://books.toscrape.com/media/cache/a9/f0/a9f00f8505431e64db0f91df762a6d73.jpg,£16.68,"
    
    
        In stock
    
",Add to basket
The Fabric of the ...,https://books.toscrape.com/catalogue/the-fabric-of-the-cosmos-space-time-and-the-texture-of-reality_572/index.html,https://books.toscrape.com/media/cache/5e/7f/5e7f7d9913d4c95d33904770c518d537.jpg,£55.91,"
    
    
        In stock
    
",Add to basket
The Book of Mormon,https://books.toscrape.com/catalogue/the-book-of-mormon_571/index.html,https://books.toscrape.com/media/cache/83/db/83dbf86eb0fed1d99de2148eac4eb064.jpg,£24.57,"
    
    
        In stock
    
",Add to basket
The Art and Science ...,https://books.toscrape.com/catalogue/the-art-and-science-of-low-carbohydrate-living_570/index.html,https://books.toscrape.com/media/cache/4b/d4/4bd43108fb070ad8ebba9cdb00b14069.jpg,£52.98,"
    
    
        In stock
    
",Add to basket
The Alien Club,https://books.toscrape.com/catalogue/the-alien-club_569/index.html,https://books.toscrape.com/media/cache/93/d0/93d01bc6bce58e8efbf560e9e3dc3379.jpg,£54.40,"
    
    
        In stock
    
",Add to basket
Suzie Snowflake: One beautiful ...,https://books.toscrape.com/catalogue/suzie-snowflake-one-beautiful-flake-a-self-esteem-story_568/index.html,https://books.toscrape.com/media/cache/db/cc/dbcc9d63b73ce9058d53f36465dbe2b2.jpg,£54.81,"
    
    
        In stock
    
",Add to basket
Nap-a-Roo,https://books.toscrape.com/catalogue/nap-a-roo_567/index.html,https://books.toscrape.com/media/cache/27/1f/271faa1d7561473974d12803feb1f0a1.jpg,£25.08,"
    
    
        In stock
    
",Add to basket
NaNo What Now? Finding ...,https://books.toscrape.com/catalogue/nano-what-now-finding-your-editing-process-revising-your-nanowrimo-book-and-building-a-writing-career-through-publishing-and-beyond_566/index.html,https://books.toscrape.com/media/cache/f3/b9/f3b94d63844537271e86565071e5d716.jpg,£10.41,"
    
    
        In stock
    
",Add to basket
Modern Day Fables,https://books.toscrape.com/catalogue/modern-day-fables_565/index.html,https://books.toscrape.com/media/cache/79/40/79405be1357e2576e7f4b307600be914.jpg,£47.44,"
    
    
        In stock
    
",Add to basket
If I Gave You ...,https://books.toscrape.com/catalogue/if-i-gave-you-gods-phone-number-searching-for-spirituality-in-america_564/index.html,https://books.toscrape.com/media/cache/87/fe/87fe3f7f3f62c1b1b81890578c9cf294.jpg,£20.91,"
    
    
        In stock
    
",Add to basket
"Fruits Basket, Vol. 9 ...",https://books.toscrape.com/catalogue/fruits-basket-vol-9-fruits-basket-9_563/index.html,https://books.toscrape.com/media/cache/7c/ea/7cea6ff4f6f1427739b136db35fbfad4.jpg,£33.95,"
    
    
        In stock
    
",Add to basket
Dress Your Family in ...,https://books.toscrape.com/catalogue/dress-your-family-in-corduroy-and-denim_562/index.html,https://books.toscrape.com/media/cache/df/14/df1418baa09e00b877be35066084c9dc.jpg,£43.68,"
    
    
        In stock
    
",Add to basket
Don't Forget Steven,https://books.toscrape.com/catalogue/dont-forget-steven_561/index.html,https://books.toscrape.com/media/cache/e7/75/e775bf9ea6343b2ee0be5166bb445bd2.jpg,£33.23,"
    
    
        In stock
    
",Add to basket
Chernobyl 01:23:40: The Incredible ...,https://books.toscrape.com/catalogue/chernobyl-012340-the-incredible-true-story-of-the-worlds-worst-nuclear-disaster_560/index.html,https://books.toscrape.com/media/cache/5e/76/5e76a5026bd17a5b484ae2a60eec0542.jpg,£35.92,"
    
    
        In stock
    
",Add to basket
Art and Fear: Observations ...,https://books.toscrape.com/catalogue/art-and-fear-observations-on-the-perils-and-rewards-of-artmaking_559/index.html,https://books.toscrape.com/media/cache/ef/80/ef80e6100214c486562a73ce76444826.jpg,£48.63,"
    
    
        In stock
    
",Add to basket
A Shard of Ice ...,https://books.toscrape.com/catalogue/a-shard-of-ice-the-black-symphony-saga-1_558/index.html,https://books.toscrape.com/media/cache/27/64/27649cb5da52970f4bb2fc5234a48578.jpg,£56.63,"
    
    
        In stock
    
",Add to basket
A Hero's Curse (The ...,https://books.toscrape.com/catalogue/a-heros-curse-the-unseen-chronicles-1_557/index.html,https://books.toscrape.com/media/cache/95/68/95685fabe00befa6dc91277cde703b55.jpg,£50.49,"
    
    
        In stock
    
",Add to basket
23 Degrees South: A ...,https://books.toscrape.com/catalogue/23-degrees-south-a-tropical-tale-of-changing-whether_556/index.html,https://books.toscrape.com/media/cache/29/3e/293e31894cd2c5bf2aff452b8c818b66.jpg,£35.79,"
    
    
        In stock
    
",Add to basket
Zero to One: Notes ...,https://books.toscrape.com/catalogue/zero-to-one-notes-on-startups-or-how-to-build-the-future_555/index.html,https://books.toscrape.com/media/cache/f4/8e/f48ee738bc992a68d08eadcb4338a547.jpg,£34.06,"
    
    
        In stock
    
",Add to basket
Why Not Me?,https://books.toscrape.com/catalogue/why-not-me_554/index.html,https://books.toscrape.com/media/cache/31/a6/31a61c2587add91e55a85fec33e93d15.jpg,£17.76,"
    
    
        In stock
    
",Add to basket
When Breath Becomes Air,https://books.toscrape.com/catalogue/when-breath-becomes-air_553/index.html,https://books.toscrape.com/media/cache/39/a5/39a5f0d3280010ca400eb4f5d262b950.jpg,£39.36,"
    
    
        In stock
    
",Add to basket
Vagabonding: An Uncommon Guide ...,https://books.toscrape.com/catalogue/vagabonding-an-uncommon-guide-to-the-art-of-long-term-world-travel_552/index.html,https://books.toscrape.com/media/cache/d5/bf/d5bf0090470b0b8ea46d9c166f7895aa.jpg,£36.94,"
    
    
        In stock
    
",Add to basket
The Unlikely Pilgrimage of ...,https://books.toscrape.com/catalogue/the-unlikely-pilgrimage-of-harold-fry-harold-fry-1_551/index.html,https://books.toscrape.com/media/cache/06/e2/06e2e125d332e2e09a64816ff915b859.jpg,£43.62,"
    
    
        In stock
    
",Add to basket
The New Drawing on ...,https://books.toscrape.com/catalogue/the-new-drawing-on-the-right-side-of-the-brain_550/index.html,https://books.toscrape.com/media/cache/6a/55/6a55ccd4bc2383f5fe915fbef8bd5a23.jpg,£43.02,"
    
    
        In stock
    
",Add to basket
"The Midnight Assassin: Panic, ...",https://books.toscrape.com/catalogue/the-midnight-assassin-panic-scandal-and-the-hunt-for-americas-first-serial-killer_549/index.html,https://books.toscrape.com/media/cache/82/6c/826c590f552ce717a2972649350c8030.jpg,£28.45,"
    
    
        In stock
    
",Add to basket
The Martian (The Martian ...,https://books.toscrape.com/catalogue/the-martian-the-martian-1_548/index.html,https://books.toscrape.com/media/cache/72/ed/72ed6908c3fcf2bccf79013a65943849.jpg,£41.39,"
    
    
        In stock
    
",Add to basket
The High Mountains of ...,https://books.toscrape.com/catalogue/the-high-mountains-of-portugal_547/index.html,https://books.toscrape.com/media/cache/55/00/550091fc134bbe67f562d95a6d6313f7.jpg,£51.15,"
    
    
        In stock
    
",Add to basket
The Grownup,https://books.toscrape.com/catalogue/the-grownup_546/index.html,https://books.toscrape.com/media/cache/f4/cb/f4cb1f9c7280bf1fd05fe33d2816080f.jpg,£35.88,"
    
    
        In stock
    
",Add to basket
The E-Myth Revisited: Why ...,https://books.toscrape.com/catalogue/the-e-myth-revisited-why-most-small-businesses-dont-work-and-what-to-do-about-it_545/index.html,https://books.toscrape.com/media/cache/11/2c/112c55a6bcd401c3bd603f5ddb2e6b82.jpg,£36.91,"
    
    
        In stock
    
",Add to basket
South of Sunshine,https://books.toscrape.com/catalogue/south-of-sunshine_544/index.html,https://books.toscrape.com/media/cache/09/11/09118b974f3685483f3e4debd1f97c90.jpg,£28.93,"
    
    
        In stock
    
",Add to basket
Smarter Faster Better: The ...,https://books.toscrape.com/catalogue/smarter-faster-better-the-secrets-of-being-productive-in-life-and-business_543/index.html,https://books.toscrape.com/media/cache/21/88/21889b1eddaec853b02a41bdd06eef54.jpg,£38.89,"
    
    
        In stock
    
",Add to basket
Silence in the Dark ...,https://books.toscrape.com/catalogue/silence-in-the-dark-logan-point-4_542/index.html,https://books.toscrape.com/media/cache/bb/1c/bb1c91883579f1f99fe6ebf13b92c1c1.jpg,£58.33,"
    
    
        In stock
    
",Add to basket
Shadows of the Past ...,https://books.toscrape.com/catalogue/shadows-of-the-past-logan-point-1_541/index.html,https://books.toscrape.com/media/cache/93/e0/93e0ec623673a8f83598c9aa7b6c94ec.jpg,£39.67,"
    
    
        In stock
    
",Add to basket
Roller Girl,https://books.toscrape.com/catalogue/roller-girl_540/index.html,https://books.toscrape.com/media/cache/b8/bd/b8bd3e5bc547c7c851689a844c9db429.jpg,£14.10,"
    
    
        In stock
    
",Add to basket
Rising Strong,https://books.toscrape.com/catalogue/rising-strong_539/index.html,https://books.toscrape.com/media/cache/3b/f3/3bf3c719382c03984ab9766803bed964.jpg,£21.82,"
    
    
        In stock
    
",Add to basket
Proofs of God: Classical ...,https://books.toscrape.com/catalogue/proofs-of-god-classical-arguments-from-tertullian-to-barth_538/index.html,https://books.toscrape.com/media/cache/3f/ef/3fef12d9da503693af12997c0ea0897f.jpg,£54.21,"
    
    
        In stock
    
",Add to basket
Please Kill Me: The ...,https://books.toscrape.com/catalogue/please-kill-me-the-uncensored-oral-history-of-punk_537/index.html,https://books.toscrape.com/media/cache/06/f1/06f185c0be2ad6e2fe059464c03f1b47.jpg,£31.19,"
    
    
        In stock
    
",Add to basket
Out of Print: City ...,https://books.toscrape.com/catalogue/out-of-print-city-lights-spotlight-no-14_536/index.html,https://books.toscrape.com/media/cache/93/d5/93d5c64abfad9ed6a0cb2e26f19f1a1e.jpg,£53.64,"
    
    
        In stock
    
",Add to basket
My Life Next Door ...,https://books.toscrape.com/catalogue/my-life-next-door-my-life-next-door_535/index.html,https://books.toscrape.com/media/cache/98/00/98001a78a78ab77027145ff586d64431.jpg,£36.39,"
    
    
        In stock
    
",Add to basket
Miller's Valley,https://books.toscrape.com/catalogue/millers-valley_534/index.html,https://books.toscrape.com/media/cache/dc/1a/dc1a54201eff16a11e7d84eef5ea36c7.jpg,£58.54,"
    
    
        In stock
    
",Add to basket
Man's Search for Meaning,https://books.toscrape.com/catalogue/mans-search-for-meaning_533/index.html,https://books.toscrape.com/media/cache/ed/ff/edffa2eec8d96b8ddcd53d5c2eff8453.jpg,£29.48,"
    
    
        In stock
    
",Add to basket
Love That Boy: What ...,https://books.toscrape.com/catalogue/love-that-boy-what-two-presidents-eight-road-trips-and-my-son-taught-me-about-a-parents-expectations_532/index.html,https://books.toscrape.com/media/cache/6d/1b/6d1b236549b8d5bc9e20786a25b7e7d1.jpg,£25.06,"
    
    
        In stock
    
",Add to basket
Living Forward: A Proven ...,https://books.toscrape.com/catalogue/living-forward-a-proven-plan-to-stop-drifting-and-get-the-life-you-want_531/index.html,https://books.toscrape.com/media/cache/c9/76/c9767187068d80827d0967225ce3925d.jpg,£12.55,"
    
    
        In stock
    
",Add to basket
Les Fleurs du Mal,https://books.toscrape.com/catalogue/les-fleurs-du-mal_530/index.html,https://books.toscrape.com/media/cache/36/5b/365b3ab7ab72a6258873716aef6d5c1a.jpg,£29.04,"
    
    
        In stock
    
",Add to basket
Left Behind (Left Behind ...,https://books.toscrape.com/catalogue/left-behind-left-behind-1_529/index.html,https://books.toscrape.com/media/cache/d7/e2/d7e27f418884548ee1b551c67bcd222c.jpg,£40.72,"
    
    
        In stock
    
",Add to basket
Kill 'Em and Leave: ...,https://books.toscrape.com/catalogue/kill-em-and-leave-searching-for-james-brown-and-the-american-soul_528/index.html,https://books.toscrape.com/media/cache/85/42/8542841f5644a6daf433504f1e106e97.jpg,£45.05,"
    
    
        In stock
    
",Add to basket
Kierkegaard: A Christian Missionary ...,https://books.toscrape.com/catalogue/kierkegaard-a-christian-missionary-to-christians_527/index.html,https://books.toscrape.com/media/cache/05/ce/05ce699eaf78c0fae20308497c4f496a.jpg,£47.13,"
    
    
        In stock
    
",Add to basket
John Vassos: Industrial Design ...,https://books.toscrape.com/catalogue/john-vassos-industrial-design-for-modern-life_526/index.html,https://books.toscrape.com/media/cache/85/a1/85a19d4c20a4801013e8108a166d10af.jpg,£20.22,"
    
    
        In stock
    
",Add to basket
I'll Give You the ...,https://books.toscrape.com/catalogue/ill-give-you-the-sun_525/index.html,https://books.toscrape.com/media/cache/af/93/af933f86038dc55487b5bf1d81ff4bfb.jpg,£56.48,"
    
    
        In stock
    
",Add to basket
I Will Find You,https://books.toscrape.com/catalogue/i-will-find-you_524/index.html,https://books.toscrape.com/media/cache/87/28/8728f8880e95b848021f6a9b3dcd07ca.jpg,£44.21,"
    
    
        In stock
    
",Add to basket
Hystopia: A Novel,https://books.toscrape.com/catalogue/hystopia-a-novel_523/index.html,https://books.toscrape.com/media/cache/2d/7b/2d7b77d8b45b2f8e1bc0ce20aacddad0.jpg,£21.96,"
    
    
        In stock
    
",Add to basket
Howl and Other Poems,https://books.toscrape.com/catalogue/howl-and-other-poems_522/index.html,https://books.toscrape.com/media/cache/b7/29/b7293f602efb0c17e305077f8175888a.jpg,£40.45,"
    
    
        In stock
    
",Add to basket
History of Beauty,https://books.toscrape.com/catalogue/history-of-beauty_521/index.html,https://books.toscrape.com/media/cache/58/a6/58a634c3231b5380544cc330536cb5ea.jpg,£10.29,"
    
    
        In stock
    
",Add to basket
Heaven is for Real: ...,https://books.toscrape.com/catalogue/heaven-is-for-real-a-little-boys-astounding-story-of-his-trip-to-heaven-and-back_520/index.html,https://books.toscrape.com/media/cache/58/6a/586afa8809f59bff51b89b2bc4a16129.jpg,£52.86,"
    
    
        In stock
    
",Add to basket
Future Shock (Future Shock ...,https://books.toscrape.com/catalogue/future-shock-future-shock-1_519/index.html,https://books.toscrape.com/media/cache/89/10/8910c36eec96636288a9cfb61610c9fa.jpg,£55.65,"
    
    
        In stock
    
",Add to basket
Ender's Game (The Ender ...,https://books.toscrape.com/catalogue/enders-game-the-ender-quintet-1_518/index.html,https://books.toscrape.com/media/cache/8a/0d/8a0d251ccece436f956df676c99e70f7.jpg,£43.64,"
    
    
        In stock
    
",Add to basket
Diary of a Citizen ...,https://books.toscrape.com/catalogue/diary-of-a-citizen-scientist-chasing-tiger-beetles-and-other-new-ways-of-engaging-the-world_517/index.html,https://books.toscrape.com/media/cache/33/4f/334fd0ebdf0c0192baf5914d199c53b5.jpg,£28.41,"
    
    
        In stock
    
",Add to basket
Death by Leisure: A ...,https://books.toscrape.com/catalogue/death-by-leisure-a-cautionary-tale_516/index.html,https://books.toscrape.com/media/cache/7d/16/7d16c126f85826628bf9dcccd7a66b32.jpg,£37.51,"
    
    
        In stock
    
",Add to basket
Brilliant Beacons: A History ...,https://books.toscrape.com/catalogue/brilliant-beacons-a-history-of-the-american-lighthouse_515/index.html,https://books.toscrape.com/media/cache/56/cb/56cb66d73fb438d64af14dce8bd8b22b.jpg,£11.45,"
    
    
        In stock
    
",Add to basket
Brazen: The Courage to ...,https://books.toscrape.com/catalogue/brazen-the-courage-to-find-the-you-thats-been-hiding_514/index.html,https://books.toscrape.com/media/cache/3a/4f/3a4fb30cfc5742f4726bc9f807b66cda.jpg,£19.22,"
    
    
        In stock
    
",Add to basket
Between the World and ...,https://books.toscrape.com/catalogue/between-the-world-and-me_513/index.html,https://books.toscrape.com/media/cache/73/45/7345c412c4c821f131d3c159e027c3a0.jpg,£56.91,"
    
    
        In stock
    
",Add to basket
Being Mortal: Medicine and ...,https://books.toscrape.com/catalogue/being-mortal-medicine-and-what-matters-in-the-end_512/index.html,https://books.toscrape.com/media/cache/c7/7f/c77fdad22e40b8b923ec6c5b1f5a740f.jpg,£55.06,"
    
    
        In stock
    
",Add to basket
A Murder Over a ...,https://books.toscrape.com/catalogue/a-murder-over-a-girl-justice-gender-junior-high_511/index.html,https://books.toscrape.com/media/cache/56/31/56313728d302c83f2a8c70fba635ce33.jpg,£13.20,"
    
    
        In stock
    
",Add to basket
32 Yolks,https://books.toscrape.com/catalogue/32-yolks_510/index.html,https://books.toscrape.com/media/cache/1d/1f/1d1fbd89f0290275b9166877663ee9f5.jpg,£53.63,"
    
    
        In stock
    
",Add to basket
"""Most Blessed of the ...",https://books.toscrape.com/catalogue/most-blessed-of-the-patriarchs-thomas-jefferson-and-the-empire-of-the-imagination_509/index.html,https://books.toscrape.com/media/cache/11/af/11af7fbd6aec06a75fe207fae92b17e0.jpg,£44.48,"
    
    
        In stock
    
",Add to basket
You Are a Badass: ...,https://books.toscrape.com/catalogue/you-are-a-badass-how-to-stop-doubting-your-greatness-and-start-living-an-awesome-life_508/index.html,https://books.toscrape.com/media/cache/9e/15/9e15d7add5090ff2a17bd71ac96aa55a.jpg,£12.08,"
    
    
        In stock
    
",Add to basket
Wildlife of New York: ...,https://books.toscrape.com/catalogue/wildlife-of-new-york-a-five-borough-coloring-book_507/index.html,https://books.toscrape.com/media/cache/0c/07/0c07b114195b45c156f7f1e23820c49a.jpg,£22.14,"
    
    
        In stock
    
",Add to basket
What Happened on Beale ...,https://books.toscrape.com/catalogue/what-happened-on-beale-street-secrets-of-the-south-mysteries-2_506/index.html,https://books.toscrape.com/media/cache/c7/ab/c7abb5e32bd37118a87523dcee0a70a6.jpg,£25.37,"
    
    
        In stock
    
",Add to basket
Unreasonable Hope: Finding Faith ...,https://books.toscrape.com/catalogue/unreasonable-hope-finding-faith-in-the-god-who-brings-purpose-to-your-pain_505/index.html,https://books.toscrape.com/media/cache/8b/10/8b102daec94d1ea9c6fc36dd3ec1c1fe.jpg,£46.33,"
    
    
        In stock
    
",Add to basket
Under the Tuscan Sun,https://books.toscrape.com/catalogue/under-the-tuscan-sun_504/index.html,https://books.toscrape.com/media/cache/98/c2/98c2e95c5fd1a4e7cd5f2b63c52826cb.jpg,£37.33,"
    
    
        In stock
    
",Add to basket
Toddlers Are A**holes: It's ...,https://books.toscrape.com/catalogue/toddlers-are-aholes-its-not-your-fault_503/index.html,https://books.toscrape.com/media/cache/4c/30/4c3041def6f29659e009f61e45e492b0.jpg,£25.55,"
    
    
        In stock
    
",Add to basket
The Year of Living ...,https://books.toscrape.com/catalogue/the-year-of-living-biblically-one-mans-humble-quest-to-follow-the-bible-as-literally-as-possible_502/index.html,https://books.toscrape.com/media/cache/8e/43/8e4335b369bdad5ccc1551e5592f89ac.jpg,£34.72,"
    
    
        In stock
    
",Add to basket
The Whale,https://books.toscrape.com/catalogue/the-whale_501/index.html,https://books.toscrape.com/media/cache/6c/18/6c18ea03e294bfcfe07cf531c6c5f5b3.jpg,£35.96,"
    
    
        In stock
    
",Add to basket
The Story of Art,https://books.toscrape.com/catalogue/the-story-of-art_500/index.html,https://books.toscrape.com/media/cache/bb/36/bb364a10868756d1c0877c928b43b533.jpg,£41.14,"
    
    
        In stock
    
",Add to basket
The Origin of Species,https://books.toscrape.com/catalogue/the-origin-of-species_499/index.html,https://books.toscrape.com/media/cache/da/0d/da0d13699a090516502257a4d7da623f.jpg,£10.01,"
    
    
        In stock
    
",Add to basket
The Great Gatsby,https://books.toscrape.com/catalogue/the-great-gatsby_498/index.html,https://books.toscrape.com/media/cache/28/cb/28cb7a5e23c1339a0d6aafd5e7e190d6.jpg,£36.05,"
    
    
        In stock
    
",Add to basket
The Good Girl,https://books.toscrape.com/catalogue/the-good-girl_497/index.html,https://books.toscrape.com/media/cache/e2/71/e2718be90a081b33d2606a386b073998.jpg,£49.03,"
    
    
        In stock
    
",Add to basket
The Glass Castle,https://books.toscrape.com/catalogue/the-glass-castle_496/index.html,https://books.toscrape.com/media/cache/e0/e9/e0e97d416322d9728df7d9e589d6a998.jpg,£16.24,"
    
    
        In stock
    
",Add to basket
The Faith of Christopher ...,https://books.toscrape.com/catalogue/the-faith-of-christopher-hitchens-the-restless-soul-of-the-worlds-most-notorious-atheist_495/index.html,https://books.toscrape.com/media/cache/cc/a4/cca4e6a4cd5c207e7ce7d992ff464c3b.jpg,£39.55,"
    
    
        In stock
    
",Add to basket
The Drowning Girls,https://books.toscrape.com/catalogue/the-drowning-girls_494/index.html,https://books.toscrape.com/media/cache/f5/d9/f5d90537f3bed5ad7c8971190beb0730.jpg,£35.67,"
    
    
        In stock
    
",Add to basket
The Constant Princess (The ...,https://books.toscrape.com/catalogue/the-constant-princess-the-tudor-court-1_493/index.html,https://books.toscrape.com/media/cache/fc/80/fc80b999ff4b8ef24b7071f62d2bf6d1.jpg,£16.62,"
    
    
        In stock
    
",Add to basket
The Bourne Identity (Jason ...,https://books.toscrape.com/catalogue/the-bourne-identity-jason-bourne-1_492/index.html,https://books.toscrape.com/media/cache/40/8d/408d93b27ce8c9cfb3bf66c17e9a54ab.jpg,£42.78,"
    
    
        In stock
    
",Add to basket
The Bachelor Girl's Guide ...,https://books.toscrape.com/catalogue/the-bachelor-girls-guide-to-murder-herringford-and-watts-mysteries-1_491/index.html,https://books.toscrape.com/media/cache/95/d7/95d7541679fcbd579b8a4f2b47231aaf.jpg,£52.30,"
    
    
        In stock
    
",Add to basket
The Art Book,https://books.toscrape.com/catalogue/the-art-book_490/index.html,https://books.toscrape.com/media/cache/99/51/99511f4da1a4a2114e2ed12e6ba17b65.jpg,£32.34,"
    
    
        In stock
    
",Add to basket
The 7 Habits of ...,https://books.toscrape.com/catalogue/the-7-habits-of-highly-effective-people-powerful-lessons-in-personal-change_489/index.html,https://books.toscrape.com/media/cache/c9/c3/c9c3d568ff6ddb98bde01c9d0b1d920a.jpg,£33.17,"
    
    
        In stock
    
",Add to basket
Team of Rivals: The ...,https://books.toscrape.com/catalogue/team-of-rivals-the-political-genius-of-abraham-lincoln_488/index.html,https://books.toscrape.com/media/cache/56/75/567575381760b5c1ec018d10d350fc5f.jpg,£20.12,"
    
    
        In stock
    
",Add to basket
Steal Like an Artist: ...,https://books.toscrape.com/catalogue/steal-like-an-artist-10-things-nobody-told-you-about-being-creative_487/index.html,https://books.toscrape.com/media/cache/5f/17/5f17f0e06d7d67717eff3833d309a233.jpg,£20.90,"
    
    
        In stock
    
",Add to basket
"Sit, Stay, Love",https://books.toscrape.com/catalogue/sit-stay-love_486/index.html,https://books.toscrape.com/media/cache/8e/40/8e408552c2e7ee81cd60c03c79f604af.jpg,£20.90,"
    
    
        In stock
    
",Add to basket
Sister Dear,https://books.toscrape.com/catalogue/sister-dear_485/index.html,https://books.toscrape.com/media/cache/fa/57/fa570b7a0fb42252f61e1e750c79d417.jpg,£40.20,"
    
    
        In stock
    
",Add to basket
"Shrunken Treasures: Literary Classics, ...",https://books.toscrape.com/catalogue/shrunken-treasures-literary-classics-short-sweet-and-silly_484/index.html,https://books.toscrape.com/media/cache/4f/1e/4f1ece2500f8dbacecca42d57befca03.jpg,£52.87,"
    
    
        In stock
    
",Add to basket
"Rich Dad, Poor Dad",https://books.toscrape.com/catalogue/rich-dad-poor-dad_483/index.html,https://books.toscrape.com/media/cache/18/f4/18f45d31e3892fee589e23f15d759ee3.jpg,£51.74,"
    
    
        In stock
    
",Add to basket
Raymie Nightingale,https://books.toscrape.com/catalogue/raymie-nightingale_482/index.html,https://books.toscrape.com/media/cache/8f/66/8f66ec46e671d6fca79649c10c7c8f8a.jpg,£34.41,"
    
    
        In stock
    
",Add to basket
Playing from the Heart,https://books.toscrape.com/catalogue/playing-from-the-heart_481/index.html,https://books.toscrape.com/media/cache/1c/eb/1cebdf525ebe970a1dc3c5a8c50eae6b.jpg,£32.38,"
    
    
        In stock
    
",Add to basket
Nightstruck: A Novel,https://books.toscrape.com/catalogue/nightstruck-a-novel_480/index.html,https://books.toscrape.com/media/cache/c0/df/c0dfd5388bb38b9c24da2e94534e1198.jpg,£50.35,"
    
    
        In stock
    
",Add to basket
Naturally Lean: 125 Nourishing ...,https://books.toscrape.com/catalogue/naturally-lean-125-nourishing-gluten-free-plant-based-recipes-all-under-300-calories_479/index.html,https://books.toscrape.com/media/cache/e6/b6/e6b66353f9325518994dd8b564290fd7.jpg,£11.38,"
    
    
        In stock
    
",Add to basket
Meternity,https://books.toscrape.com/catalogue/meternity_478/index.html,https://books.toscrape.com/media/cache/39/e3/39e33ebef2d7a35dd6899541eba8306d.jpg,£43.58,"
    
    
        In stock
    
",Add to basket
Memoirs of a Geisha,https://books.toscrape.com/catalogue/memoirs-of-a-geisha_477/index.html,https://books.toscrape.com/media/cache/41/80/4180406c788ff3e0f37cd4491a260a5b.jpg,£49.67,"
    
    
        In stock
    
",Add to basket
Like Never Before (Walker ...,https://books.toscrape.com/catalogue/like-never-before-walker-family-2_476/index.html,https://books.toscrape.com/media/cache/17/e2/17e264d978942f73b859fa1c1d2cf827.jpg,£28.77,"
    
    
        In stock
    
",Add to basket
Life of Pi,https://books.toscrape.com/catalogue/life-of-pi_475/index.html,https://books.toscrape.com/media/cache/e7/ae/e7aee104ca78dac961bd906294fe88f1.jpg,£13.22,"
    
    
        In stock
    
",Add to basket
Leave This Song Behind: ...,https://books.toscrape.com/catalogue/leave-this-song-behind-teen-poetry-at-its-best_474/index.html,https://books.toscrape.com/media/cache/31/c7/31c7c5ce7b04d227aa36ecb250b9dad5.jpg,£51.17,"
    
    
        In stock
    
",Add to basket
King's Folly (The Kinsman ...,https://books.toscrape.com/catalogue/kings-folly-the-kinsman-chronicles-1_473/index.html,https://books.toscrape.com/media/cache/3e/2d/3e2d526ee062008ab1cbf54f90a5abb2.jpg,£39.61,"
    
    
        In stock
    
",Add to basket
John Adams,https://books.toscrape.com/catalogue/john-adams_472/index.html,https://books.toscrape.com/media/cache/59/b4/59b4f94b4dc4c7cb844a6f24a5e2a41e.jpg,£57.43,"
    
    
        In stock
    
",Add to basket
How to Cook Everything ...,https://books.toscrape.com/catalogue/how-to-cook-everything-vegetarian-simple-meatless-recipes-for-great-food-how-to-cook-everything_471/index.html,https://books.toscrape.com/media/cache/59/2d/592dc2dee11b798780f5ae613b970a34.jpg,£46.01,"
    
    
        In stock
    
",Add to basket
How to Be a ...,https://books.toscrape.com/catalogue/how-to-be-a-domestic-goddess-baking-and-the-art-of-comfort-cooking_470/index.html,https://books.toscrape.com/media/cache/e2/5c/e25cbc27ebc12e47cdf3f7adc87cccdc.jpg,£28.25,"
    
    
        In stock
    
",Add to basket
Good in Bed (Cannie ...,https://books.toscrape.com/catalogue/good-in-bed-cannie-shapiro-1_469/index.html,https://books.toscrape.com/media/cache/1d/f4/1df443b1bd6d7a1d804b4780a666438f.jpg,£37.05,"
    
    
        In stock
    
",Add to basket
"Fruits Basket, Vol. 7 ...",https://books.toscrape.com/catalogue/fruits-basket-vol-7-fruits-basket-7_468/index.html,https://books.toscrape.com/media/cache/b4/36/b43672509477baa090e57ebeacbb28fb.jpg,£19.57,"
    
    
        In stock
    
",Add to basket
For the Love: Fighting ...,https://books.toscrape.com/catalogue/for-the-love-fighting-for-grace-in-a-world-of-impossible-standards_467/index.html,https://books.toscrape.com/media/cache/a7/d8/a7d8fda2a874567aab8f61b2b141a5e2.jpg,£45.13,"
    
    
        In stock
    
",Add to basket
Finding God in the ...,https://books.toscrape.com/catalogue/finding-god-in-the-ruins-how-god-redeems-pain_466/index.html,https://books.toscrape.com/media/cache/ae/2c/ae2ce9662ed6da3de501ff87551ccb2d.jpg,£46.64,"
    
    
        In stock
    
",Add to basket
Every Heart a Doorway ...,https://books.toscrape.com/catalogue/every-heart-a-doorway-every-heart-a-doorway-1_465/index.html,https://books.toscrape.com/media/cache/50/d4/50d41a24990208deb72c9802a6c1e540.jpg,£12.16,"
    
    
        In stock
    
",Add to basket
Delivering the Truth (Quaker ...,https://books.toscrape.com/catalogue/delivering-the-truth-quaker-midwife-mystery-1_464/index.html,https://books.toscrape.com/media/cache/57/31/5731a5d46c2c1e88977eb5e6d1337a2e.jpg,£20.89,"
    
    
        In stock
    
",Add to basket
Counted With the Stars ...,https://books.toscrape.com/catalogue/counted-with-the-stars-out-from-egypt-1_463/index.html,https://books.toscrape.com/media/cache/32/2c/322c1f6cce6d5a69a7d2321779195a0c.jpg,£17.97,"
    
    
        In stock
    
",Add to basket
"Chronicles, Vol. 1",https://books.toscrape.com/catalogue/chronicles-vol-1_462/index.html,https://books.toscrape.com/media/cache/11/fc/11fc94453c4dc0d68543971d7843afb0.jpg,£52.60,"
    
    
        In stock
    
",Add to basket
Blue Like Jazz: Nonreligious ...,https://books.toscrape.com/catalogue/blue-like-jazz-nonreligious-thoughts-on-christian-spirituality_461/index.html,https://books.toscrape.com/media/cache/a2/f5/a2f5b5fd4421d56d37c73a7fb29f5f40.jpg,£25.77,"
    
    
        In stock
    
",Add to basket
Benjamin Franklin: An American ...,https://books.toscrape.com/catalogue/benjamin-franklin-an-american-life_460/index.html,https://books.toscrape.com/media/cache/25/f8/25f869fa75340fca0fc2a68e8a0412a1.jpg,£48.19,"
    
    
        In stock
    
",Add to basket
At The Existentialist Café: ...,https://books.toscrape.com/catalogue/at-the-existentialist-cafe-freedom-being-and-apricot-cocktails-with-jean-paul-sartre-simone-de-beauvoir-albert-camus-martin-heidegger-edmund-husserl-karl-jaspers-maurice-merleau-ponty-and-others_459/index.html,https://books.toscrape.com/media/cache/de/76/de76d5c473c358bd41c03cf710692bfb.jpg,£29.93,"
    
    
        In stock
    
",Add to basket
A Summer In Europe,https://books.toscrape.com/catalogue/a-summer-in-europe_458/index.html,https://books.toscrape.com/media/cache/4e/15/4e15150388702ebca2c5a523ac270539.jpg,£44.34,"
    
    
        In stock
    
",Add to basket
A Short History of ...,https://books.toscrape.com/catalogue/a-short-history-of-nearly-everything_457/index.html,https://books.toscrape.com/media/cache/3c/f6/3cf646523ff7fb8647c500d6325cfcaf.jpg,£52.40,"
    
    
        In stock
    
",Add to basket
A Gathering of Shadows ...,https://books.toscrape.com/catalogue/a-gathering-of-shadows-shades-of-magic-2_456/index.html,https://books.toscrape.com/media/cache/48/b2/48b20fcc9ab722729de2c4da3d4de26e.jpg,£44.81,"
    
    
        In stock
    
",Add to basket
The Sound Of Love,https://books.toscrape.com/catalogue/the-sound-of-love_455/index.html,https://books.toscrape.com/media/cache/4e/3a/4e3a151bbe2629a55df09fd318fdeb0a.jpg,£57.84,"
    
    
        In stock
    
",Add to basket
The Rise and Fall ...,https://books.toscrape.com/catalogue/the-rise-and-fall-of-the-third-reich-a-history-of-nazi-germany_454/index.html,https://books.toscrape.com/media/cache/e1/02/e102cefae5bb523bc67eb6b49bc18b5d.jpg,£39.67,"
    
    
        In stock
    
",Add to basket
The Perks of Being ...,https://books.toscrape.com/catalogue/the-perks-of-being-a-wallflower_453/index.html,https://books.toscrape.com/media/cache/ca/5b/ca5b33c09daab4667ed37b330de889bd.jpg,£55.02,"
    
    
        In stock
    
",Add to basket
The Mysterious Affair at ...,https://books.toscrape.com/catalogue/the-mysterious-affair-at-styles-hercule-poirot-1_452/index.html,https://books.toscrape.com/media/cache/32/94/3294e5eaf73a37958583483fc9a90f04.jpg,£24.80,"
    
    
        In stock
    
",Add to basket
The Man Who Mistook ...,https://books.toscrape.com/catalogue/the-man-who-mistook-his-wife-for-a-hat-and-other-clinical-tales_451/index.html,https://books.toscrape.com/media/cache/92/fe/92fe1c1823653412fe68be2c525dfc3a.jpg,£59.45,"
    
    
        In stock
    
",Add to basket
The Makings of a ...,https://books.toscrape.com/catalogue/the-makings-of-a-fatherless-child_450/index.html,https://books.toscrape.com/media/cache/6f/6c/6f6c7560e254f8242f86ef048f1ba7b3.jpg,£31.58,"
    
    
        In stock
    
",Add to basket
The Joy of Cooking,https://books.toscrape.com/catalogue/the-joy-of-cooking_449/index.html,https://books.toscrape.com/media/cache/05/8e/058ebff59d12ebe40df1844bedd9366b.jpg,£43.27,"
    
    
        In stock
    
",Add to basket
The Invention of Wings,https://books.toscrape.com/catalogue/the-invention-of-wings_448/index.html,https://books.toscrape.com/media/cache/62/fa/62fa1e72f06f05762db5d9cedf654153.jpg,£37.34,"
    
    
        In stock
    
",Add to basket
The Hobbit (Middle-Earth Universe),https://books.toscrape.com/catalogue/the-hobbit-middle-earth-universe_447/index.html,https://books.toscrape.com/media/cache/8b/d3/8bd38de5367fc675467431f343862569.jpg,£17.80,"
    
    
        In stock
    
",Add to basket
The Great Railway Bazaar,https://books.toscrape.com/catalogue/the-great-railway-bazaar_446/index.html,https://books.toscrape.com/media/cache/76/de/76de41867f323d7f1f4fbe2fdfc1b2ba.jpg,£30.54,"
    
    
        In stock
    
",Add to basket
The Golden Compass (His ...,https://books.toscrape.com/catalogue/the-golden-compass-his-dark-materials-1_445/index.html,https://books.toscrape.com/media/cache/e7/9f/e79f81bfea1cb8b0503db022b64da713.jpg,£18.77,"
    
    
        In stock
    
",Add to basket
The God Delusion,https://books.toscrape.com/catalogue/the-god-delusion_444/index.html,https://books.toscrape.com/media/cache/36/64/36643d44134c8a227988927013805e61.jpg,£46.85,"
    
    
        In stock
    
",Add to basket
The Girl You Left ...,https://books.toscrape.com/catalogue/the-girl-you-left-behind-the-girl-you-left-behind-1_443/index.html,https://books.toscrape.com/media/cache/d0/b6/d0b6d59c0662dcbd15d47add40af1ebd.jpg,£15.79,"
    
    
        In stock
    
",Add to basket
The Fellowship of the ...,https://books.toscrape.com/catalogue/the-fellowship-of-the-ring-the-lord-of-the-rings-1_442/index.html,https://books.toscrape.com/media/cache/ed/75/ed75000b92734d99b76a17954857327c.jpg,£10.27,"
    
    
        In stock
    
",Add to basket
The Collected Poems of ...,https://books.toscrape.com/catalogue/the-collected-poems-of-wb-yeats-the-collected-works-of-wb-yeats-1_441/index.html,https://books.toscrape.com/media/cache/7e/93/7e934132cd03486649fb492fe702f704.jpg,£15.42,"
    
    
        In stock
    
",Add to basket
The Barefoot Contessa Cookbook,https://books.toscrape.com/catalogue/the-barefoot-contessa-cookbook_440/index.html,https://books.toscrape.com/media/cache/dd/07/dd07bd0c443756b9dc260813c1949b4f.jpg,£59.92,"
    
    
        In stock
    
",Add to basket
Tell the Wolves I'm ...,https://books.toscrape.com/catalogue/tell-the-wolves-im-home_439/index.html,https://books.toscrape.com/media/cache/f9/72/f972e744117c9d4b5fefb3410c0e9f7c.jpg,£50.96,"
    
    
        In stock
    
",Add to basket
Ship Leaves Harbor: Essays ...,https://books.toscrape.com/catalogue/ship-leaves-harbor-essays-on-travel-by-a-recovering-journeyman_438/index.html,https://books.toscrape.com/media/cache/31/b0/31b0e0a42826b326e43235beb8ddd783.jpg,£30.60,"
    
    
        In stock
    
",Add to basket
Pride and Prejudice,https://books.toscrape.com/catalogue/pride-and-prejudice_437/index.html,https://books.toscrape.com/media/cache/c8/09/c80991f861675b6e75dc7f2f6a50e5a0.jpg,£19.27,"
    
    
        In stock
    
",Add to basket
Musicophilia: Tales of Music ...,https://books.toscrape.com/catalogue/musicophilia-tales-of-music-and-the-brain_436/index.html,https://books.toscrape.com/media/cache/02/66/02667c5b8f5a5e9e45c0799518f086ca.jpg,£46.58,"
    
    
        In stock
    
",Add to basket
Mere Christianity,https://books.toscrape.com/catalogue/mere-christianity_435/index.html,https://books.toscrape.com/media/cache/d2/90/d29093abd0b9d5258e2e08b731778158.jpg,£48.51,"
    
    
        In stock
    
",Add to basket
Me Before You (Me ...,https://books.toscrape.com/catalogue/me-before-you-me-before-you-1_434/index.html,https://books.toscrape.com/media/cache/a2/cd/a2cd0016b37c0407059147e58e14afe5.jpg,£19.02,"
    
    
        In stock
    
",Add to basket
In the Woods (Dublin ...,https://books.toscrape.com/catalogue/in-the-woods-dublin-murder-squad-1_433/index.html,https://books.toscrape.com/media/cache/24/a1/24a175dac7cb91ff26e2d723cdc6e098.jpg,£38.38,"
    
    
        In stock
    
",Add to basket
In Cold Blood,https://books.toscrape.com/catalogue/in-cold-blood_432/index.html,https://books.toscrape.com/media/cache/eb/4e/eb4ea9c04dccab509451ba31feb6b4e8.jpg,£49.98,"
    
    
        In stock
    
",Add to basket
How to Stop Worrying ...,https://books.toscrape.com/catalogue/how-to-stop-worrying-and-start-living_431/index.html,https://books.toscrape.com/media/cache/4f/08/4f08f7948770912e4e340e10caa604cb.jpg,£46.49,"
    
    
        In stock
    
",Add to basket
Give It Back,https://books.toscrape.com/catalogue/give-it-back_430/index.html,https://books.toscrape.com/media/cache/8b/7c/8b7c73e075cc687b6890dc0dca9fcbcc.jpg,£18.32,"
    
    
        In stock
    
",Add to basket
"Girl, Interrupted",https://books.toscrape.com/catalogue/girl-interrupted_429/index.html,https://books.toscrape.com/media/cache/f9/ec/f9ec97bd8b29cc4e36d6c2b093d04709.jpg,£42.14,"
    
    
        In stock
    
",Add to basket
Fun Home: A Family ...,https://books.toscrape.com/catalogue/fun-home-a-family-tragicomic_428/index.html,https://books.toscrape.com/media/cache/54/ae/54ae8233e8422676c241d1cea0b67f1d.jpg,£56.59,"
    
    
        In stock
    
",Add to basket
"Fruits Basket, Vol. 6 ...",https://books.toscrape.com/catalogue/fruits-basket-vol-6-fruits-basket-6_427/index.html,https://books.toscrape.com/media/cache/94/1a/941a14dec32f0a949c38a325a715c138.jpg,£20.96,"
    
    
        In stock
    
",Add to basket
Deception Point,https://books.toscrape.com/catalogue/deception-point_426/index.html,https://books.toscrape.com/media/cache/fa/2d/fa2d3198b7ba9785e0edd6f41b84d72b.jpg,£40.32,"
    
    
        In stock
    
",Add to basket
"Death Note, Vol. 6: ...",https://books.toscrape.com/catalogue/death-note-vol-6-give-and-take-death-note-6_425/index.html,https://books.toscrape.com/media/cache/07/5c/075c210f5ce43b84d29646a54529d1bd.jpg,£36.39,"
    
    
        In stock
    
",Add to basket
Catherine the Great: Portrait ...,https://books.toscrape.com/catalogue/catherine-the-great-portrait-of-a-woman_424/index.html,https://books.toscrape.com/media/cache/72/f1/72f13b8f069d3a018d2c378be5a1de20.jpg,£58.55,"
    
    
        In stock
    
",Add to basket
Better Homes and Gardens ...,https://books.toscrape.com/catalogue/better-homes-and-gardens-new-cook-book_423/index.html,https://books.toscrape.com/media/cache/75/82/7582e20b84f603358a8d55cd6a0a50f4.jpg,£39.61,"
    
    
        In stock
    
",Add to basket
An Unquiet Mind: A ...,https://books.toscrape.com/catalogue/an-unquiet-mind-a-memoir-of-moods-and-madness_422/index.html,https://books.toscrape.com/media/cache/00/29/002924b764dc367dcaa3486fa4c0aa0b.jpg,£21.30,"
    
    
        In stock
    
",Add to basket
A Year in Provence ...,https://books.toscrape.com/catalogue/a-year-in-provence-provence-1_421/index.html,https://books.toscrape.com/media/cache/db/46/db46159b05faa5d95262112bf9c29ddd.jpg,£56.88,"
    
    
        In stock
    
",Add to basket
World Without End (The ...,https://books.toscrape.com/catalogue/world-without-end-the-pillars-of-the-earth-2_420/index.html,https://books.toscrape.com/media/cache/be/7c/be7ce6fbc9a8e1a5a5b5c32e73cfd78a.jpg,£32.97,"
    
    
        In stock
    
",Add to basket
"Will Grayson, Will Grayson ...",https://books.toscrape.com/catalogue/will-grayson-will-grayson-will-grayson-will-grayson_419/index.html,https://books.toscrape.com/media/cache/de/a1/dea174c8a8dbfd98e5e05c9e479a52b2.jpg,£47.31,"
    
    
        In stock
    
",Add to basket
Why Save the Bankers?: ...,https://books.toscrape.com/catalogue/why-save-the-bankers-and-other-essays-on-our-economic-and-political-crisis_418/index.html,https://books.toscrape.com/media/cache/16/f5/16f545b2e14c16ed4bd0e098a0700b57.jpg,£48.67,"
    
    
        In stock
    
",Add to basket
Where She Went (If ...,https://books.toscrape.com/catalogue/where-she-went-if-i-stay-2_417/index.html,https://books.toscrape.com/media/cache/05/86/0586b3d79013f606494e843de1faea0b.jpg,£41.73,"
    
    
        In stock
    
",Add to basket
What If?: Serious Scientific ...,https://books.toscrape.com/catalogue/what-if-serious-scientific-answers-to-absurd-hypothetical-questions_416/index.html,https://books.toscrape.com/media/cache/59/bc/59bcc421ae9f5a6f12ef11e849fb745d.jpg,£53.68,"
    
    
        In stock
    
",Add to basket
Two Summers,https://books.toscrape.com/catalogue/two-summers_415/index.html,https://books.toscrape.com/media/cache/89/16/89165d7488fbaa9e60cfcabe56796288.jpg,£14.64,"
    
    
        In stock
    
",Add to basket
This Is Your Brain ...,https://books.toscrape.com/catalogue/this-is-your-brain-on-music-the-science-of-a-human-obsession_414/index.html,https://books.toscrape.com/media/cache/35/a4/35a4a7c6c76c4e82186753078e441654.jpg,£38.40,"
    
    
        In stock
    
",Add to basket
The Secret Garden,https://books.toscrape.com/catalogue/the-secret-garden_413/index.html,https://books.toscrape.com/media/cache/c5/46/c5465a06182ed6ebfa40d049258a2f58.jpg,£15.08,"
    
    
        In stock
    
",Add to basket
The Raven King (The ...,https://books.toscrape.com/catalogue/the-raven-king-the-raven-cycle-4_412/index.html,https://books.toscrape.com/media/cache/da/54/da54d953f00d1e465f31f865df3d0f3f.jpg,£30.57,"
    
    
        In stock
    
",Add to basket
The Raven Boys (The ...,https://books.toscrape.com/catalogue/the-raven-boys-the-raven-cycle-1_411/index.html,https://books.toscrape.com/media/cache/3c/a4/3ca4889e4bb7f9a1cc1d7a1c920e9d42.jpg,£57.74,"
    
    
        In stock
    
",Add to basket
The Power Greens Cookbook: ...,https://books.toscrape.com/catalogue/the-power-greens-cookbook-140-delicious-superfood-recipes_410/index.html,https://books.toscrape.com/media/cache/82/1d/821d2c02dcd0a10fc9d533917482746e.jpg,£11.05,"
    
    
        In stock
    
",Add to basket
The Metamorphosis,https://books.toscrape.com/catalogue/the-metamorphosis_409/index.html,https://books.toscrape.com/media/cache/4a/1b/4a1b6e9c1af75db0dc34ae63344f6883.jpg,£28.58,"
    
    
        In stock
    
",Add to basket
The Mathews Men: Seven ...,https://books.toscrape.com/catalogue/the-mathews-men-seven-brothers-and-the-war-against-hitlers-u-boats_408/index.html,https://books.toscrape.com/media/cache/f2/64/f26457d65a03b2636c4bcc7c318f7346.jpg,£42.91,"
    
    
        In stock
    
",Add to basket
The Little Paris Bookshop,https://books.toscrape.com/catalogue/the-little-paris-bookshop_407/index.html,https://books.toscrape.com/media/cache/50/a9/50a901fb008c0b8965c8d4da2dff5470.jpg,£24.73,"
    
    
        In stock
    
",Add to basket
The Hiding Place,https://books.toscrape.com/catalogue/the-hiding-place_406/index.html,https://books.toscrape.com/media/cache/cf/18/cf187c1dc5575fcbbf49c58024146c4b.jpg,£55.91,"
    
    
        In stock
    
",Add to basket
The Grand Design,https://books.toscrape.com/catalogue/the-grand-design_405/index.html,https://books.toscrape.com/media/cache/08/a9/08a957eb34f8047862e225774c3bdde2.jpg,£13.76,"
    
    
        In stock
    
",Add to basket
The Firm,https://books.toscrape.com/catalogue/the-firm_404/index.html,https://books.toscrape.com/media/cache/95/84/95847132a78de44b7249a2d0a3fe3ef6.jpg,£45.56,"
    
    
        In stock
    
",Add to basket
The Fault in Our ...,https://books.toscrape.com/catalogue/the-fault-in-our-stars_403/index.html,https://books.toscrape.com/media/cache/69/61/696100859e82b2ec7a796129d6cca44a.jpg,£47.22,"
    
    
        In stock
    
",Add to basket
The False Prince (The ...,https://books.toscrape.com/catalogue/the-false-prince-the-ascendance-trilogy-1_402/index.html,https://books.toscrape.com/media/cache/f8/e3/f8e371e2869d13b9d89999f8d5173245.jpg,£56.00,"
    
    
        In stock
    
",Add to basket
The Expatriates,https://books.toscrape.com/catalogue/the-expatriates_401/index.html,https://books.toscrape.com/media/cache/db/e4/dbe49e1cb06136eeb51182f551ccdc52.jpg,£44.58,"
    
    
        In stock
    
",Add to basket
The Dream Thieves (The ...,https://books.toscrape.com/catalogue/the-dream-thieves-the-raven-cycle-2_400/index.html,https://books.toscrape.com/media/cache/d9/7a/d97a3a4a65b5275ab506b28c7a88e0a5.jpg,£34.50,"
    
    
        In stock
    
",Add to basket
The Darkest Corners,https://books.toscrape.com/catalogue/the-darkest-corners_399/index.html,https://books.toscrape.com/media/cache/c1/ab/c1ab73a20d02b5f3a5599e7c5704a909.jpg,£11.33,"
    
    
        In stock
    
",Add to basket
The Crossover,https://books.toscrape.com/catalogue/the-crossover_398/index.html,https://books.toscrape.com/media/cache/9f/35/9f351ca1978128c60a3b7f85987075b3.jpg,£38.77,"
    
    
        In stock
    
",Add to basket
The 5th Wave (The ...,https://books.toscrape.com/catalogue/the-5th-wave-the-5th-wave-1_397/index.html,https://books.toscrape.com/media/cache/10/d0/10d0c5e47d0e8cce16b6b5e6be48cb16.jpg,£11.83,"
    
    
        In stock
    
",Add to basket
Tell the Wind and ...,https://books.toscrape.com/catalogue/tell-the-wind-and-fire_396/index.html,https://books.toscrape.com/media/cache/3b/0c/3b0c5f4df26b73659af4e25107499384.jpg,£45.51,"
    
    
        In stock
    
",Add to basket
Tell Me Three Things,https://books.toscrape.com/catalogue/tell-me-three-things_395/index.html,https://books.toscrape.com/media/cache/a1/2f/a12f0bec8c8728800f901b4e5f6e3f9a.jpg,£41.81,"
    
    
        In stock
    
",Add to basket
Talking to Girls About ...,https://books.toscrape.com/catalogue/talking-to-girls-about-duran-duran-one-young-mans-quest-for-true-love-and-a-cooler-haircut_394/index.html,https://books.toscrape.com/media/cache/07/8b/078b934613af473daf7ecf918e05d050.jpg,£25.15,"
    
    
        In stock
    
",Add to basket
Siddhartha,https://books.toscrape.com/catalogue/siddhartha_393/index.html,https://books.toscrape.com/media/cache/ce/0b/ce0be2d86e388540122c222306c6d62c.jpg,£34.22,"
    
    
        In stock
    
",Add to basket
Shiver (The Wolves of ...,https://books.toscrape.com/catalogue/shiver-the-wolves-of-mercy-falls-1_392/index.html,https://books.toscrape.com/media/cache/84/73/847399651d8f2dfae1a0d5a0ea4064b2.jpg,£16.23,"
    
    
        In stock
    
",Add to basket
Remember Me?,https://books.toscrape.com/catalogue/remember-me_391/index.html,https://books.toscrape.com/media/cache/3f/95/3f9572f94858197e92786b194f0f12df.jpg,£11.48,"
    
    
        In stock
    
",Add to basket
Red Dragon (Hannibal Lecter ...,https://books.toscrape.com/catalogue/red-dragon-hannibal-lecter-1_390/index.html,https://books.toscrape.com/media/cache/30/66/3066f8bcd2e2ed6b45084355ff084a61.jpg,£23.37,"
    
    
        In stock
    
",Add to basket
Peak: Secrets from the ...,https://books.toscrape.com/catalogue/peak-secrets-from-the-new-science-of-expertise_389/index.html,https://books.toscrape.com/media/cache/83/ab/83ab65f938b24fa1a9cb47235be49b57.jpg,£16.28,"
    
    
        In stock
    
",Add to basket
My Mother Was Nuts,https://books.toscrape.com/catalogue/my-mother-was-nuts_388/index.html,https://books.toscrape.com/media/cache/9b/b4/9bb42bf833e91193ca05badddded4bfb.jpg,£31.63,"
    
    
        In stock
    
",Add to basket
Mexican Today: New and ...,https://books.toscrape.com/catalogue/mexican-today-new-and-rediscovered-recipes-for-contemporary-kitchens_387/index.html,https://books.toscrape.com/media/cache/5d/02/5d029bff299cdb777e06f35800faa628.jpg,£24.91,"
    
    
        In stock
    
",Add to basket
Maybe Something Beautiful: How ...,https://books.toscrape.com/catalogue/maybe-something-beautiful-how-art-transformed-a-neighborhood_386/index.html,https://books.toscrape.com/media/cache/c0/bb/c0bb6e42743b9c1aaf9b754501100a5d.jpg,£22.54,"
    
    
        In stock
    
",Add to basket
Lola and the Boy ...,https://books.toscrape.com/catalogue/lola-and-the-boy-next-door-anna-and-the-french-kiss-2_385/index.html,https://books.toscrape.com/media/cache/bc/c8/bcc8374e0c81ded1486b6225ca4fe78a.jpg,£23.63,"
    
    
        In stock
    
",Add to basket
Logan Kade (Fallen Crest ...,https://books.toscrape.com/catalogue/logan-kade-fallen-crest-high-55_384/index.html,https://books.toscrape.com/media/cache/d9/4e/d94e6206c2decd3acd9a61b2cbac7eaf.jpg,£13.12,"
    
    
        In stock
    
",Add to basket
Last One Home (New ...,https://books.toscrape.com/catalogue/last-one-home-new-beginnings-1_383/index.html,https://books.toscrape.com/media/cache/e4/0a/e40a336622fe578699be5a1eeba18f9d.jpg,£59.98,"
    
    
        In stock
    
",Add to basket
