Order_ID,Date,Region,Category,Product,Quantity,Unit_Price,Discount(%),Sales,Profit,Payment_Mode
1001,2024-10-29,East,Electronics,Laptop,2,2128,5,4043.2,999.86,UPI
1002,2024-10-14,North,Sports,Football,1,2091,5,1986.45,399.42,UPI
1003,2024-12-23,South,Fashion,Jacket,4,2578,0,10312.0,2596.16,Card
1004,2024-02-19,East,Sports,Tennis Racket,2,2063,10,3713.4,447.25,Net Banking
1005,2024-02-10,East,Home,Lamp,1,4063,20,3250.4,406.19,Net Banking
1006,2024-05-28,East,Books,Comics,5,1875,0,9375.0,1023.42,Card
1007,2024-03-24,North,Electronics,Mobile,4,2577,15,8761.8,1990.13,Cash on Delivery
1008,2024-03-24,South,Home,Lamp,3,884,20,2121.6,481.59,Card
1009,2024-04-27,East,Sports,Gym Bag,5,2099,10,9445.5,2536.78,UPI
1010,2024-04-18,West,Electronics,Headphones,3,842,5,2399.7,678.22,Cash on Delivery
1011,2024-10-26,West,Sports,Gym Bag,2,2469,5,4691.1,700.5,Cash on Delivery
1012,2024-02-26,East,Sports,Gym Bag,2,1433,20,2292.8,455.59,UPI
1013,2024-09-27,West,Fashion,Jeans,5,820,15,3485.0,614.49,Net Banking
1014,2024-03-21,North,Home,Chair,5,2485,10,11182.5,1367.74,Net Banking
1015,2024-11-23,East,Sports,Football,5,1763,20,7052.0,1992.37,Cash on Delivery
1016,2024-11-02,South,Books,Biography,3,1623,20,3895.2,1132.33,UPI
1017,2024-10-17,North,Home,Sofa,1,3273,10,2945.7,435.64,Card
1018,2024-10-08,West,Electronics,Laptop,1,4663,5,4429.85,556.74,Net Banking
1019,2024-12-09,West,Fashion,Shoes,2,4717,5,8962.3,2174.16,Net Banking
1020,2024-10-28,West,Home,Sofa,1,2330,5,2213.5,249.69,UPI
1021,2024-06-18,South,Books,Biography,1,881,0,881.0,128.44,UPI
1022,2024-05-04,East,Electronics,Mobile,4,2055,20,6576.0,831.62,Net Banking
1023,2024-08-27,South,Sports,Gym Bag,1,1094,15,929.9,158.88,Net Banking
1024,2024-10-01,North,Electronics,Laptop,4,3079,0,12316.0,1844.09,Card
1025,2024-08-14,West,Sports,Cricket Bat,2,2581,15,4387.7,657.99,UPI
1026,2024-03-26,North,Books,Novel,5,420,0,2100.0,599.07,Card
1027,2024-07-18,West,Sports,Gym Bag,2,3585,0,7170.0,953.09,UPI
1028,2024-04-21,East,Home,Sofa,4,4852,15,16496.8,2160.41,Cash on Delivery
1029,2024-01-30,East,Electronics,Laptop,1,710,20,568.0,110.96,Card
1030,2024-10-23,South,Books,Novel,1,856,5,813.2,146.99,Card
1031,2024-04-14,North,Books,Novel,4,4930,20,15776.0,2575.81,Cash on Delivery
1032,2024-01-05,East,Home,Table,4,1372,10,4939.2,945.58,UPI
1033,2024-02-05,North,Sports,Football,5,2046,20,8184.0,1252.48,Cash on Delivery
1034,2024-12-07,East,Fashion,Shoes,2,3889,20,6222.4,1497.78,UPI
1035,2024-05-19,North,Books,Comics,2,2466,0,4932.0,1370.81,Card
1036,2024-02-17,East,Home,Table,2,2462,20,3939.2,778.8,UPI
1037,2024-03-23,North,Sports,Tennis Racket,1,3032,5,2880.4,655.07,Cash on Delivery
1038,2024-10-25,North,Sports,Gym Bag,1,916,5,870.2,181.97,Cash on Delivery
1039,2024-07-02,West,Books,Biography,2,642,10,1155.6,199.84,UPI
1040,2024-05-01,North,Fashion,Jeans,3,4886,15,12459.3,3672.6,Card
1041,2024-12-08,West,Fashion,Jeans,1,1769,10,1592.1,408.34,Net Banking
1042,2024-04-12,South,Fashion,Shoes,1,3433,0,3433.0,932.81,Card
1043,2024-06-17,East,Sports,Tennis Racket,2,2126,0,4252.0,986.49,Net Banking
1044,2024-01-15,East,Home,Chair,3,4473,15,11406.15,2690.75,Cash on Delivery
1045,2024-06-25,South,Electronics,Headphones,5,2474,0,12370.0,1505.19,Net Banking
1046,2024-01-01,North,Home,Sofa,4,1857,10,6685.2,727.87,Net Banking
1047,2024-06-02,East,Books,Biography,4,873,10,3142.8,705.97,UPI
1048,2024-08-03,West,Books,Comics,3,3596,10,9709.2,2047.5,Card
1049,2024-08-08,East,Sports,Cricket Bat,4,4788,0,19152.0,3079.16,Card
1050,2024-12-03,West,Books,Comics,4,3922,5,14903.6,3014.03,Card
1051,2024-03-16,East,Electronics,Headphones,1,2224,10,2001.6,290.09,Card
1052,2024-12-22,South,Electronics,Laptop,4,896,15,3046.4,557.15,Card
1053,2024-08-05,West,Sports,Gym Bag,2,1508,0,3016.0,840.05,UPI
1054,2024-08-21,West,Fashion,Jeans,1,4866,5,4622.7,1310.51,UPI
1055,2024-03-22,East,Fashion,Jacket,4,4435,15,15079.0,4012.73,Net Banking
1056,2024-05-20,East,Sports,Gym Bag,2,2571,20,4113.6,810.05,Card
1057,2024-03-11,East,Sports,Football,2,2525,10,4545.0,745.12,UPI
1058,2024-10-04,West,Fashion,Jeans,2,2052,0,4104.0,750.92,Cash on Delivery
1059,2024-10-21,North,Sports,Gym Bag,2,3741,15,6359.7,1786.87,UPI
1060,2024-10-02,North,Sports,Gym Bag,3,2746,15,7002.3,1895.45,Net Banking
1061,2024-06-21,West,Books,Biography,2,2535,15,4309.5,849.52,Net Banking
1062,2024-02-12,West,Sports,Cricket Bat,2,4675,0,9350.0,2630.96,UPI
1063,2024-08-20,West,Sports,Cricket Bat,2,711,10,1279.8,225.02,Card
1064,2024-01-10,West,Home,Lamp,3,3753,10,10133.1,2705.36,Net Banking
1065,2024-04-12,East,Books,Novel,2,862,0,1724.0,432.46,Card
1066,2024-08-26,South,Electronics,Mobile,2,4179,0,8358.0,1778.53,Card
1067,2024-10-23,South,Home,Lamp,5,1238,5,5880.5,1722.66,UPI
1068,2024-02-22,West,Electronics,Headphones,4,1924,0,7696.0,1680.96,Card
1069,2024-09-16,North,Home,Chair,3,4664,15,11893.2,2762.84,UPI
1070,2024-12-28,West,Home,Chair,4,1164,15,3957.6,1156.24,Net Banking
1071,2024-08-26,South,Fashion,Jacket,5,2512,20,10048.0,2628.96,Net Banking
1072,2024-08-25,East,Sports,Tennis Racket,2,1009,10,1816.2,501.86,Card
1073,2024-06-30,East,Books,Dictionary,1,4349,10,3914.1,533.76,Card
1074,2024-02-13,East,Home,Lamp,5,2563,20,10252.0,1046.01,Card
1075,2024-08-17,West,Fashion,Jacket,5,2268,15,9639.0,2209.07,Net Banking
1076,2024-08-30,East,Electronics,Laptop,2,3612,5,6862.8,1106.57,Cash on Delivery
1077,2024-06-05,West,Books,Comics,5,3009,10,13540.5,3257.45,Cash on Delivery
1078,2024-04-08,North,Home,Table,2,2884,0,5768.0,1433.79,Card
1079,2024-04-09,East,Fashion,Jacket,5,4597,20,18388.0,2879.56,UPI
1080,2024-05-20,East,Home,Table,2,2776,0,5552.0,1341.38,Card
1081,2024-08-28,East,Electronics,Laptop,2,4321,0,8642.0,2372.61,Cash on Delivery
1082,2024-02-28,East,Sports,Gym Bag,2,720,10,1296.0,373.52,Net Banking
1083,2024-02-13,West,Electronics,Smart Watch,1,739,5,702.05,91.15,Cash on Delivery
1084,2024-06-01,West,Fashion,Shirt,5,2148,20,8592.0,1512.84,Net Banking
1085,2024-04-16,East,Books,Dictionary,5,793,20,3172.0,926.29,UPI
1086,2024-01-02,North,Fashion,Shoes,2,2264,5,4301.6,905.05,Card
1087,2024-12-25,West,Sports,Gym Bag,3,567,5,1615.95,254.71,Cash on Delivery
1088,2024-11-27,South,Sports,Football,3,1920,15,4896.0,601.99,Card
1089,2024-08-12,South,Fashion,Shoes,1,788,5,748.6,193.53,Cash on Delivery
1090,2024-02-11,East,Electronics,Smart Watch,4,2530,20,8096.0,1683.94,Net Banking
1091,2024-12-10,West,Books,Novel,3,2351,0,7053.0,834.13,UPI
1092,2024-10-26,South,Home,Chair,4,4551,15,15473.4,4382.29,Card
1093,2024-03-23,North,Sports,Gym Bag,4,3150,15,10710.0,1784.95,UPI
1094,2024-06-10,West,Home,Sofa,3,3580,20,8592.0,922.26,UPI
1095,2024-07-30,North,Home,Lamp,4,4515,0,18060.0,4181.47,Net Banking
1096,2024-05-16,East,Electronics,Mobile,5,4383,15,18627.75,4694.16,Card
1097,2024-12-29,East,Books,Biography,4,4270,0,17080.0,1806.62,Card
1098,2024-08-24,North,Fashion,Shoes,5,3642,0,18210.0,2639.36,UPI
1099,2024-08-29,West,Electronics,Mobile,3,4468,10,12063.6,2208.82,Net Banking
1100,2024-02-05,South,Fashion,Jacket,4,1861,20,5955.2,1200.86,Card
1101,2024-10-27,East,Home,Sofa,5,2488,0,12440.0,1947.7,Cash on Delivery
1102,2024-08-21,South,Books,Dictionary,4,4712,15,16020.8,2707.91,Net Banking
1103,2024-01-23,South,Home,Table,5,3437,5,16325.75,4427.59,Net Banking
1104,2024-09-14,West,Home,Sofa,4,1546,15,5256.4,1539.94,Card
1105,2024-03-14,North,Books,Comics,4,1116,20,3571.2,1007.39,UPI
1106,2024-11-28,North,Sports,Cricket Bat,4,2471,10,8895.6,1998.41,Net Banking
1107,2024-04-30,West,Electronics,Headphones,3,4297,20,10312.8,1105.32,UPI
1108,2024-01-15,North,Home,Table,4,1106,0,4424.0,834.97,Cash on Delivery
1109,2024-09-28,North,Electronics,Headphones,3,3236,10,8737.2,1626.32,Card
1110,2024-09-11,South,Sports,Cricket Bat,2,946,20,1513.6,414.98,Card
1111,2024-08-26,South,Books,Biography,4,2380,15,8092.0,1222.42,UPI
1112,2024-12-19,North,Home,Table,4,3130,20,10016.0,1600.87,Net Banking
1113,2024-10-19,East,Home,Sofa,2,3451,15,5866.7,711.81,Net Banking
1114,2024-11-06,East,Home,Lamp,1,3542,10,3187.8,323.94,UPI
1115,2024-12-13,South,Sports,Tennis Racket,5,3186,5,15133.5,3440.2,Cash on Delivery
1116,2024-02-16,North,Fashion,Shirt,3,3911,0,11733.0,2533.33,Card
1117,2024-09-28,West,Home,Lamp,2,1944,5,3693.6,950.37,Cash on Delivery
1118,2024-02-28,South,Books,Comics,3,4247,10,11466.9,2858.83,Cash on Delivery
1119,2024-01-08,South,Sports,Football,2,3555,20,5688.0,984.91,Net Banking
1120,2024-02-25,West,Home,Chair,3,2447,20,5872.8,1034.82,Cash on Delivery
1121,2024-11-27,North,Fashion,Jacket,5,4899,10,22045.5,6240.0,Card
1122,2024-06-04,East,Electronics,Smart Watch,4,1255,5,4769.0,520.15,UPI
1123,2024-12-09,North,Sports,Football,2,4703,5,8935.7,1588.13,Cash on Delivery
1124,2024-01-17,South,Books,Dictionary,4,1111,15,3777.4,842.85,Cash on Delivery
1125,2024-10-05,West,Home,Table,4,2234,10,8042.4,964.05,Cash on Delivery
1126,2024-02-16,West,Home,Chair,3,1854,0,5562.0,1611.88,Net Banking
1127,2024-02-05,North,Fashion,Shirt,3,2295,5,6540.75,1683.56,Card
1128,2024-05-21,South,Books,Biography,2,2991,5,5682.9,1464.65,UPI
1129,2024-05-01,East,Fashion,Jeans,2,1200,0,2400.0,303.27,Cash on Delivery
1130,2024-09-26,North,Books,Comics,2,2473,0,4946.0,619.99,Net Banking
1131,2024-09-14,West,Electronics,Laptop,4,3265,20,10448.0,2285.32,Net Banking
1132,2024-08-06,East,Fashion,Shirt,4,555,0,2220.0,665.37,Net Banking
1133,2024-03-05,West,Electronics,Smart Watch,1,961,10,864.9,191.71,UPI
1134,2024-02-20,West,Home,Lamp,5,4646,10,20907.0,3987.87,Net Banking
1135,2024-07-23,West,Electronics,Mobile,4,2171,15,7381.4,1238.5,Net Banking
1136,2024-12-17,East,Sports,Football,4,2860,10,10296.0,1800.36,Card
1137,2024-03-07,North,Sports,Football,1,1063,15,903.55,107.81,Cash on Delivery
1138,2024-01-27,East,Books,Novel,1,3665,10,3298.5,906.17,Net Banking
1139,2024-04-24,East,Home,Lamp,1,4456,5,4233.2,554.32,Net Banking
1140,2024-10-14,East,Electronics,Headphones,1,2582,20,2065.6,299.99,Net Banking
1141,2024-06-22,East,Books,Novel,1,1777,10,1599.3,384.7,Cash on Delivery
1142,2024-02-16,South,Home,Chair,2,4939,15,8396.3,956.48,UPI
1143,2024-06-15,West,Books,Biography,4,4016,10,14457.6,1900.91,Cash on Delivery
1144,2024-05-19,North,Books,Novel,2,1589,20,2542.4,279.54,UPI
1145,2024-06-25,West,Sports,Gym Bag,5,3921,15,16664.25,2576.85,UPI
1146,2024-04-22,East,Sports,Football,5,4286,20,17144.0,4001.86,UPI
1147,2024-05-28,North,Sports,Football,2,2769,5,5261.1,1333.53,Cash on Delivery
1148,2024-09-13,North,Home,Chair,4,3827,5,14542.6,1830.0,Card
1149,2024-06-09,North,Books,Comics,4,646,15,2196.4,227.87,UPI
1150,2024-03-28,West,Books,Dictionary,4,2671,0,10684.0,1933.87,Cash on Delivery
1151,2024-09-25,East,Books,Dictionary,1,3877,0,3877.0,576.37,Net Banking
1152,2024-09-18,East,Electronics,Smart Watch,3,2115,10,5710.5,1460.88,UPI
1153,2024-04-11,East,Electronics,Mobile,3,1509,5,4300.65,518.49,Cash on Delivery
1154,2024-12-14,North,Fashion,Jeans,2,4347,15,7389.9,1854.05,Net Banking
1155,2024-05-20,East,Books,Comics,2,3902,0,7804.0,1512.29,Cash on Delivery
1156,2024-01-30,East,Books,Novel,5,907,10,4081.5,785.07,UPI
1157,2024-08-18,North,Home,Lamp,1,4453,15,3785.05,728.78,UPI
1158,2024-08-18,East,Books,Biography,5,4196,20,16784.0,2184.81,UPI
1159,2024-08-12,North,Electronics,Headphones,5,1713,0,8565.0,1280.88,Net Banking
1160,2024-12-13,East,Books,Biography,3,2617,15,6673.35,1212.91,Cash on Delivery
1161,2024-05-25,East,Books,Novel,1,3000,0,3000.0,634.78,Net Banking
1162,2024-03-07,East,Home,Table,1,1458,10,1312.2,212.64,Net Banking
1163,2024-11-26,East,Books,Novel,5,3385,10,15232.5,4000.62,UPI
1164,2024-09-05,North,Sports,Tennis Racket,3,2830,5,8065.5,2340.88,Cash on Delivery
1165,2024-09-16,South,Fashion,Jeans,2,932,10,1677.6,451.08,UPI
1166,2024-04-02,East,Books,Novel,5,1373,20,5492.0,962.99,Card
1167,2024-08-15,West,Books,Biography,1,3665,10,3298.5,776.05,Card
1168,2024-04-09,West,Books,Comics,2,4674,5,8880.6,1437.71,Net Banking
1169,2024-04-12,West,Home,Sofa,3,3428,20,8227.2,1690.62,Card
1170,2024-12-30,East,Books,Biography,1,4236,10,3812.4,804.07,UPI
1171,2024-08-11,East,Books,Novel,1,1613,10,1451.7,275.63,Card
1172,2024-04-30,West,Electronics,Mobile,3,518,15,1320.9,146.16,Cash on Delivery
1173,2024-03-15,East,Sports,Football,2,530,10,954.0,273.0,Cash on Delivery
1174,2024-02-10,East,Fashion,Shirt,4,1436,15,4882.4,926.29,UPI
1175,2024-05-27,South,Electronics,Headphones,2,4795,20,7672.0,1577.01,UPI
1176,2024-02-02,North,Fashion,Shoes,1,2253,15,1915.05,436.23,Net Banking
1177,2024-11-10,North,Electronics,Smart Watch,5,2281,5,10834.75,1714.65,UPI
1178,2024-09-26,West,Home,Table,2,1001,20,1601.6,472.36,UPI
1179,2024-01-09,West,Books,Novel,4,656,15,2230.4,660.66,Cash on Delivery
1180,2024-03-09,East,Home,Chair,2,1149,20,1838.4,454.15,Cash on Delivery
1181,2024-02-02,East,Electronics,Headphones,2,4106,15,6980.2,1579.95,Card
1182,2024-06-07,East,Sports,Football,2,658,5,1250.2,346.5,Cash on Delivery
1183,2024-12-01,West,Books,Dictionary,3,599,5,1707.15,268.4,UPI
1184,2024-06-22,North,Home,Lamp,3,3879,15,9891.45,2459.62,Net Banking
1185,2024-02-10,West,Fashion,Jacket,3,4553,10,12293.1,3199.03,Net Banking
1186,2024-06-05,East,Sports,Cricket Bat,3,1140,0,3420.0,566.3,Cash on Delivery
1187,2024-11-10,South,Sports,Gym Bag,4,3179,15,10808.6,1172.42,Cash on Delivery
1188,2024-01-16,North,Sports,Tennis Racket,1,3627,10,3264.3,661.4,Card
1189,2024-07-04,North,Fashion,Jacket,2,850,5,1615.0,412.96,Cash on Delivery
1190,2024-10-20,South,Sports,Football,4,3338,10,12016.8,2268.63,UPI
1191,2024-04-05,West,Fashion,Shoes,3,2583,5,7361.55,2150.34,UPI
1192,2024-12-21,North,Sports,Gym Bag,3,2432,15,6201.6,886.3,Cash on Delivery
1193,2024-02-14,North,Sports,Cricket Bat,2,906,15,1540.2,207.21,Net Banking
1194,2024-12-30,North,Home,Lamp,5,4741,10,21334.5,5936.67,Card
1195,2024-01-14,South,Fashion,Shoes,1,1946,5,1848.7,272.4,Net Banking
1196,2024-06-07,West,Home,Lamp,5,1363,20,5452.0,1509.38,UPI
1197,2024-08-18,West,Sports,Gym Bag,4,904,5,3435.2,1011.58,UPI
1198,2024-03-04,South,Sports,Tennis Racket,5,1790,5,8502.5,1585.92,UPI
1199,2024-06-26,East,Books,Biography,2,1626,10,2926.8,839.84,Card
1200,2024-11-10,North,Books,Comics,3,1908,20,4579.2,709.27,Cash on Delivery
1201,2024-10-15,South,Books,Novel,5,1563,5,7424.25,1720.54,Cash on Delivery
1202,2024-11-12,North,Electronics,Laptop,1,2468,5,2344.6,594.1,Net Banking
1203,2024-06-01,East,Electronics,Smart Watch,3,4256,5,12129.6,3165.07,Net Banking
1204,2024-06-23,North,Sports,Football,2,3901,15,6631.7,1305.45,Card
1205,2024-09-20,East,Books,Biography,3,3129,15,7978.95,1006.57,Cash on Delivery
1206,2024-03-13,East,Books,Novel,2,4121,0,8242.0,1265.1,Card
1207,2024-06-16,East,Electronics,Laptop,4,3725,5,14155.0,4140.86,Card
1208,2024-09-11,South,Books,Comics,2,4381,20,7009.6,1355.4,Cash on Delivery
1209,2024-01-25,West,Electronics,Laptop,5,4045,5,19213.75,2748.12,Cash on Delivery
1210,2024-08-08,West,Electronics,Headphones,5,4155,10,18697.5,3876.71,UPI
1211,2024-07-04,East,Fashion,Shoes,4,3297,0,13188.0,2375.37,Card
1212,2024-11-15,North,Books,Comics,4,4430,15,15062.0,3808.89,Cash on Delivery
1213,2024-10-12,South,Books,Novel,1,3526,10,3173.4,821.85,Cash on Delivery
1214,2024-01-20,South,Home,Table,5,4470,15,18997.5,3799.8,UPI
1215,2024-06-16,West,Fashion,Shoes,5,4043,5,19204.25,4248.98,Card
1216,2024-12-28,South,Books,Comics,4,2751,20,8803.2,1472.55,Net Banking
1217,2024-10-25,West,Books,Comics,1,3317,10,2985.3,700.83,Net Banking
1218,2024-09-25,West,Home,Chair,3,2164,0,6492.0,1406.85,Card
1219,2024-04-07,South,Books,Dictionary,2,558,20,892.8,258.59,UPI
1220,2024-09-13,East,Electronics,Smart Watch,4,1540,15,5236.0,1246.69,Net Banking
1221,2024-09-26,North,Books,Dictionary,2,4549,5,8643.1,1833.87,Net Banking
1222,2024-11-08,South,Sports,Tennis Racket,4,4667,10,16801.2,3515.73,Cash on Delivery
1223,2024-05-27,South,Sports,Cricket Bat,3,4871,10,13151.7,1906.65,Cash on Delivery
1224,2024-05-27,East,Fashion,Jacket,4,3157,20,10102.4,2896.76,Cash on Delivery
1225,2024-06-26,West,Electronics,Smart Watch,3,1499,10,4047.3,438.78,UPI
1226,2024-03-11,West,Sports,Tennis Racket,2,1955,20,3128.0,482.42,Cash on Delivery
1227,2024-02-21,South,Electronics,Mobile,1,4650,5,4417.5,1005.37,UPI
1228,2024-07-27,West,Sports,Tennis Racket,1,1426,0,1426.0,417.68,Card
1229,2024-11-29,South,Sports,Gym Bag,3,2931,10,7913.7,1813.66,UPI
1230,2024-07-22,North,Books,Biography,2,3723,5,7073.7,2028.63,UPI
1231,2024-06-20,East,Sports,Cricket Bat,1,375,10,337.5,72.09,UPI
1232,2024-06-18,West,Home,Sofa,2,4430,15,7531.0,1164.05,UPI
1233,2024-03-30,East,Fashion,Jacket,2,415,10,747.0,192.84,Card
1234,2024-04-04,West,Books,Dictionary,5,2986,0,14930.0,2689.89,UPI
1235,2024-05-16,East,Fashion,Jacket,2,355,10,639.0,112.92,Net Banking
1236,2024-08-26,North,Home,Lamp,3,3245,5,9248.25,1039.73,UPI
1237,2024-07-07,West,Home,Table,5,2847,0,14235.0,3241.91,Cash on Delivery
1238,2024-07-31,South,Books,Biography,2,4217,5,8012.3,1530.32,Cash on Delivery
1239,2024-02-09,South,Books,Dictionary,2,970,20,1552.0,293.87,Cash on Delivery
1240,2024-03-25,North,Books,Novel,5,4440,5,21090.0,4524.66,Card
1241,2024-01-29,North,Home,Sofa,2,4304,0,8608.0,2408.33,Net Banking
1242,2024-01-12,West,Sports,Cricket Bat,4,4919,0,19676.0,4166.58,Cash on Delivery
1243,2024-10-04,North,Sports,Tennis Racket,2,898,0,1796.0,331.79,UPI
1244,2024-11-24,West,Electronics,Laptop,1,2651,15,2253.35,306.45,Card
1245,2024-11-30,West,Sports,Tennis Racket,4,3392,15,11532.8,1338.38,Card
1246,2024-01-02,South,Home,Chair,5,3519,20,14076.0,1766.11,Card
1247,2024-05-06,West,Electronics,Headphones,5,3774,20,15096.0,2654.71,Card
1248,2024-11-10,South,Sports,Tennis Racket,3,1844,0,5532.0,588.85,Net Banking
1249,2024-05-05,South,Electronics,Mobile,1,1126,20,900.8,96.13,UPI
1250,2024-03-12,West,Electronics,Smart Watch,2,4721,5,8969.9,2250.34,UPI
1251,2024-05-01,South,Books,Comics,5,2912,20,11648.0,2557.71,Cash on Delivery
1252,2024-11-16,South,Home,Table,4,2761,10,9939.6,1115.14,Card
1253,2024-07-28,North,Sports,Gym Bag,3,3422,20,8212.8,1344.82,Net Banking
1254,2024-06-02,West,Fashion,Shoes,2,4706,15,8000.2,1185.58,Card
1255,2024-07-17,North,Fashion,Jacket,5,3680,15,15640.0,3307.19,Card
1256,2024-10-01,South,Fashion,Shoes,3,947,15,2414.85,650.63,UPI
1257,2024-09-02,East,Fashion,Shirt,4,623,0,2492.0,342.98,Card
1258,2024-09-02,East,Fashion,Shoes,1,2035,5,1933.25,565.31,UPI
1259,2024-08-26,West,Fashion,Jeans,2,4822,10,8679.6,2214.19,Net Banking
1260,2024-02-20,East,Books,Comics,3,3246,20,7790.4,2154.53,Net Banking
1261,2024-03-15,South,Sports,Tennis Racket,3,2863,15,7300.65,796.82,Card
1262,2024-10-18,West,Electronics,Headphones,3,1548,5,4411.8,732.24,Net Banking
1263,2024-03-27,East,Fashion,Jacket,3,4302,15,10970.1,2108.08,Cash on Delivery
1264,2024-12-08,South,Fashion,Jacket,5,781,20,3124.0,333.53,UPI
1265,2024-04-21,West,Electronics,Laptop,2,2195,0,4390.0,1059.89,UPI
1266,2024-01-07,East,Books,Dictionary,1,4258,15,3619.3,373.32,Net Banking
1267,2024-02-24,East,Electronics,Headphones,1,4414,15,3751.9,980.12,Card
1268,2024-07-22,South,Electronics,Mobile,2,4612,10,8301.6,2183.68,Cash on Delivery
1269,2024-06-02,West,Electronics,Headphones,4,4928,5,18726.4,5581.34,Card
1270,2024-11-22,North,Electronics,Laptop,4,3406,15,11580.4,2438.14,UPI
1271,2024-09-27,North,Electronics,Mobile,4,3854,10,13874.4,2957.62,UPI
1272,2024-12-16,South,Electronics,Mobile,5,4195,10,18877.5,2063.54,UPI
1273,2024-02-09,South,Home,Chair,3,428,5,1219.8,265.19,Net Banking
1274,2024-12-18,South,Home,Table,5,3487,20,13948.0,2320.19,Card
1275,2024-11-05,North,Electronics,Headphones,1,3880,5,3686.0,986.87,Cash on Delivery
1276,2024-10-10,East,Books,Dictionary,1,2539,15,2158.15,427.57,Cash on Delivery
1277,2024-05-06,South,Sports,Gym Bag,5,3413,0,17065.0,4341.91,Cash on Delivery
1278,2024-07-03,East,Electronics,Laptop,2,3412,5,6482.8,1607.29,Cash on Delivery
1279,2024-03-08,North,Electronics,Laptop,3,3943,10,10646.1,2685.68,UPI
1280,2024-01-14,West,Electronics,Mobile,4,4862,20,15558.4,3150.39,UPI
1281,2024-07-17,North,Electronics,Headphones,5,2957,15,12567.25,1287.74,Net Banking
1282,2024-09-09,South,Electronics,Mobile,4,1688,5,6414.4,986.43,Cash on Delivery
1283,2024-07-03,South,Fashion,Shirt,4,2560,15,8704.0,1392.21,UPI
1284,2024-01-04,West,Home,Table,5,1901,15,8079.25,980.78,Cash on Delivery
1285,2024-06-02,West,Sports,Tennis Racket,3,3906,10,10546.2,1962.89,Card
1286,2024-12-21,West,Home,Table,3,1755,15,4475.25,1314.58,Cash on Delivery
1287,2024-10-30,East,Sports,Cricket Bat,4,2596,15,8826.4,1526.99,Card
1288,2024-07-28,North,Books,Biography,4,2017,15,6857.8,1779.85,UPI
1289,2024-02-07,East,Sports,Cricket Bat,2,2369,5,4501.1,1093.98,Net Banking
1290,2024-12-25,West,Sports,Gym Bag,5,4450,15,18912.5,3947.59,Cash on Delivery
1291,2024-10-15,North,Books,Novel,2,3208,5,6095.2,1398.24,UPI
1292,2024-08-16,West,Sports,Tennis Racket,1,386,0,386.0,58.57,Card
1293,2024-09-04,West,Home,Sofa,5,4399,5,20895.25,3531.16,UPI
1294,2024-08-21,West,Electronics,Headphones,1,1250,5,1187.5,201.48,Cash on Delivery
1295,2024-06-12,East,Fashion,Jacket,4,1099,15,3736.6,913.22,Net Banking
1296,2024-05-04,North,Electronics,Headphones,1,485,10,436.5,100.22,Card
1297,2024-07-26,South,Books,Biography,3,4886,15,12459.3,3634.28,Card
1298,2024-10-30,West,Fashion,Jeans,4,539,20,1724.8,477.11,Net Banking
1299,2024-10-22,North,Sports,Gym Bag,2,1985,10,3573.0,894.91,UPI
1300,2024-09-27,East,Electronics,Mobile,3,1914,15,4880.7,599.31,Net Banking
1301,2024-11-12,West,Home,Sofa,5,1235,10,5557.5,946.98,Net Banking
1302,2024-04-03,North,Fashion,Shoes,2,2865,0,5730.0,846.4,UPI
1303,2024-09-06,West,Home,Table,4,1429,20,4572.8,808.21,Card
1304,2024-11-13,South,Books,Biography,4,2666,5,10130.8,1392.17,Net Banking
1305,2024-07-28,North,Electronics,Headphones,4,1418,5,5388.4,1417.38,Net Banking
1306,2024-05-29,West,Sports,Gym Bag,4,1670,0,6680.0,1423.37,Card
1307,2024-10-08,South,Electronics,Headphones,5,2664,5,12654.0,3241.3,Net Banking
1308,2024-08-13,North,Books,Novel,3,4749,10,12822.3,2672.28,UPI
1309,2024-08-18,West,Books,Biography,1,2327,10,2094.3,575.85,UPI
1310,2024-12-29,North,Home,Lamp,4,1261,5,4791.8,680.32,Cash on Delivery
1311,2024-10-18,South,Books,Dictionary,5,1440,5,6840.0,1796.91,UPI
1312,2024-03-10,South,Home,Lamp,3,2697,10,7281.9,1562.31,UPI
1313,2024-05-06,East,Sports,Football,2,1387,5,2635.3,340.61,Cash on Delivery
1314,2024-11-20,South,Sports,Gym Bag,5,2501,15,10629.25,1860.49,UPI
1315,2024-02-17,East,Electronics,Smart Watch,3,4024,15,10261.2,1697.8,UPI
1316,2024-09-10,North,Sports,Tennis Racket,5,3558,5,16900.5,4962.42,Card
1317,2024-06-24,East,Home,Lamp,3,4783,20,11479.2,1447.74,Net Banking
1318,2024-08-13,North,Electronics,Laptop,4,433,0,1732.0,495.16,Card
1319,2024-02-17,West,Sports,Football,2,1380,10,2484.0,327.38,Cash on Delivery
1320,2024-12-24,North,Home,Lamp,3,1655,0,4965.0,890.07,Cash on Delivery
1321,2024-10-30,North,Fashion,Jacket,1,308,5,292.6,57.16,Card
1322,2024-12-21,North,Fashion,Jacket,1,3114,0,3114.0,926.82,Net Banking
1323,2024-02-22,North,Fashion,Jacket,2,3438,0,6876.0,1692.55,UPI
1324,2024-02-05,East,Home,Lamp,2,3435,5,6526.5,1490.1,Card
1325,2024-07-29,South,Books,Novel,4,3176,5,12068.8,2722.91,Card
1326,2024-06-28,South,Books,Dictionary,1,1123,5,1066.85,267.23,Net Banking
1327,2024-12-19,South,Sports,Tennis Racket,2,2568,0,5136.0,768.52,Cash on Delivery
1328,2024-11-26,South,Electronics,Headphones,5,4474,5,21251.5,5303.71,Cash on Delivery
1329,2024-09-27,West,Electronics,Mobile,4,1223,5,4647.4,929.09,UPI
1330,2024-08-29,East,Electronics,Headphones,2,3468,20,5548.8,1021.94,Card
1331,2024-07-22,North,Electronics,Laptop,1,2447,5,2324.65,250.98,UPI
1332,2024-05-22,West,Books,Comics,4,3595,0,14380.0,3280.19,Card
1333,2024-10-27,North,Electronics,Headphones,5,1964,5,9329.0,1933.7,Net Banking
1334,2024-02-29,West,Electronics,Headphones,2,774,5,1470.6,172.42,Net Banking
1335,2024-03-24,East,Sports,Football,2,1278,0,2556.0,617.48,UPI
1336,2024-03-01,East,Sports,Tennis Racket,2,3346,5,6357.4,1589.07,Cash on Delivery
1337,2024-09-11,West,Electronics,Headphones,3,4591,0,13773.0,2101.62,UPI
1338,2024-02-22,North,Sports,Tennis Racket,4,4943,5,18783.4,3259.63,Cash on Delivery
1339,2024-05-05,South,Books,Novel,5,321,0,1605.0,436.14,UPI
1340,2024-10-10,East,Electronics,Smart Watch,4,1529,5,5810.2,1663.07,UPI
1341,2024-10-19,East,Sports,Cricket Bat,2,3709,10,6676.2,1029.81,UPI
1342,2024-02-05,North,Home,Chair,2,2128,20,3404.8,1008.78,Net Banking
1343,2024-04-12,East,Sports,Tennis Racket,3,1007,20,2416.8,462.45,Cash on Delivery
1344,2024-10-06,South,Home,Lamp,4,3316,20,10611.2,3123.64,Card
1345,2024-06-20,North,Fashion,Jeans,4,495,5,1881.0,391.83,UPI
1346,2024-09-08,East,Electronics,Smart Watch,1,1980,20,1584.0,469.85,Net Banking
1347,2024-12-24,East,Electronics,Mobile,1,659,5,626.05,174.95,Net Banking
1348,2024-02-08,North,Home,Sofa,5,1082,20,4328.0,548.37,Net Banking
1349,2024-07-20,West,Books,Novel,2,2239,10,4030.2,613.39,Cash on Delivery
1350,2024-10-26,West,Home,Lamp,3,2213,0,6639.0,1916.75,Card
1351,2024-10-01,North,Electronics,Mobile,2,3982,15,6769.4,1102.1,UPI
1352,2024-03-21,West,Home,Table,3,4095,10,11056.5,2990.74,UPI
1353,2024-07-21,South,Home,Chair,3,1515,0,4545.0,1100.94,Cash on Delivery
1354,2024-10-11,East,Books,Novel,3,1724,0,5172.0,1502.05,Net Banking
1355,2024-04-23,North,Books,Biography,4,1134,5,4309.2,535.59,UPI
1356,2024-01-12,West,Fashion,Jeans,3,988,20,2371.2,515.08,UPI
1357,2024-01-26,West,Electronics,Mobile,2,1053,10,1895.4,235.99,Net Banking
1358,2024-06-30,West,Fashion,Jacket,4,541,15,1839.4,435.28,Card
1359,2024-11-27,East,Fashion,Jeans,3,3953,5,11266.05,1204.68,Card
1360,2024-03-11,West,Home,Sofa,5,4224,0,21120.0,2482.54,Net Banking
1361,2024-09-02,South,Sports,Cricket Bat,5,459,15,1950.75,500.14,Cash on Delivery
1362,2024-01-14,East,Books,Dictionary,5,4415,10,19867.5,3529.98,Card
1363,2024-03-22,North,Home,Table,3,779,15,1986.45,408.98,Card
1364,2024-10-21,South,Electronics,Mobile,3,4671,0,14013.0,3542.63,Card
1365,2024-10-29,South,Sports,Tennis Racket,2,2237,20,3579.2,585.56,Cash on Delivery
1366,2024-09-08,South,Electronics,Headphones,5,1842,15,7828.5,1631.65,Card
1367,2024-06-18,North,Electronics,Laptop,2,2092,0,4184.0,858.93,UPI
1368,2024-10-27,South,Books,Biography,3,1753,10,4733.1,529.69,Card
1369,2024-06-03,East,Fashion,Shirt,1,3360,15,2856.0,620.33,Cash on Delivery
1370,2024-04-24,South,Home,Table,4,4291,10,15447.6,2082.96,Cash on Delivery
1371,2024-12-25,West,Books,Biography,3,2712,5,7729.2,1047.63,UPI
1372,2024-09-11,North,Books,Dictionary,2,2906,20,4649.6,670.37,UPI
1373,2024-12-28,North,Fashion,Shoes,2,3141,10,5653.8,755.22,UPI
1374,2024-05-11,North,Home,Sofa,3,2017,5,5748.45,1371.78,Cash on Delivery
1375,2024-09-09,North,Electronics,Laptop,4,3889,15,13222.6,3885.07,Net Banking
1376,2024-03-24,West,Sports,Tennis Racket,1,4227,20,3381.6,778.42,Card
1377,2024-02-07,North,Sports,Football,3,464,10,1252.8,190.71,UPI
1378,2024-06-22,West,Home,Table,2,914,20,1462.4,421.71,UPI
1379,2024-01-28,North,Books,Dictionary,4,1651,20,5283.2,1468.47,Card
1380,2024-12-04,South,Electronics,Headphones,2,3652,20,5843.2,1428.12,Cash on Delivery
1381,2024-03-19,South,Home,Lamp,1,706,15,600.1,128.63,Net Banking
1382,2024-04-12,North,Electronics,Headphones,4,1017,10,3661.2,969.41,Net Banking
1383,2024-06-06,South,Electronics,Laptop,2,2690,0,5380.0,1047.56,UPI
1384,2024-07-14,West,Sports,Gym Bag,3,1046,20,2510.4,445.61,Cash on Delivery
1385,2024-05-17,West,Home,Table,1,2456,15,2087.6,402.93,Card
1386,2024-10-28,South,Books,Novel,1,1002,10,901.8,235.94,Net Banking
1387,2024-10-20,West,Fashion,Shirt,5,3729,20,14916.0,3541.26,Net Banking
1388,2024-03-02,East,Fashion,Jacket,1,3534,0,3534.0,708.29,Card
1389,2024-12-15,South,Sports,Cricket Bat,2,1878,5,3568.2,387.28,UPI
1390,2024-02-14,South,Sports,Cricket Bat,5,2412,10,10854.0,3062.57,UPI
1391,2024-12-24,East,Sports,Gym Bag,3,4557,15,11620.35,3293.58,UPI
1392,2024-02-24,North,Books,Dictionary,4,1525,5,5795.0,1236.18,UPI
1393,2024-10-19,East,Books,Novel,5,3116,15,13243.0,2023.89,Net Banking
1394,2024-01-20,North,Books,Dictionary,2,2556,15,4345.2,559.53,Net Banking
1395,2024-06-21,South,Sports,Tennis Racket,1,4192,10,3772.8,1054.14,UPI
1396,2024-06-13,East,Home,Lamp,4,1104,5,4195.2,532.27,Net Banking
1397,2024-09-05,North,Home,Sofa,2,3918,5,7444.2,2104.38,Net Banking
1398,2024-03-10,North,Books,Comics,5,1602,0,8010.0,1299.42,Net Banking
1399,2024-01-26,South,Books,Novel,2,1944,0,3888.0,582.8,Net Banking
1400,2024-12-14,East,Home,Table,3,4102,20,9844.8,1766.04,UPI
1401,2024-10-27,East,Electronics,Mobile,4,3954,5,15025.2,4388.92,Net Banking
1402,2024-01-26,East,Books,Comics,2,2418,0,4836.0,759.32,Net Banking
1403,2024-12-15,South,Fashion,Jeans,2,1993,10,3587.4,826.24,UPI
1404,2024-12-30,South,Electronics,Smart Watch,2,369,5,701.1,105.5,Cash on Delivery
1405,2024-12-12,West,Home,Sofa,3,4060,10,10962.0,1574.6,Cash on Delivery
1406,2024-06-01,North,Books,Dictionary,1,4490,10,4041.0,857.87,Cash on Delivery
1407,2024-12-01,North,Electronics,Smart Watch,3,2564,10,6922.8,1885.07,Cash on Delivery
1408,2024-12-04,South,Home,Table,5,2268,0,11340.0,2960.71,Net Banking
1409,2024-07-17,North,Home,Table,4,2721,10,9795.6,2756.31,Net Banking
1410,2024-09-16,East,Electronics,Mobile,2,4679,15,7954.3,2237.59,Cash on Delivery
1411,2024-10-13,South,Home,Table,3,1099,15,2802.45,351.96,Cash on Delivery
1412,2024-08-03,North,Fashion,Shoes,2,3210,5,6099.0,1517.69,Cash on Delivery
1413,2024-01-28,East,Home,Lamp,5,2708,15,11509.0,3110.22,Net Banking
1414,2024-09-28,West,Books,Novel,2,4399,0,8798.0,2406.25,Net Banking
1415,2024-03-14,North,Home,Sofa,2,1425,5,2707.5,456.31,Net Banking
1416,2024-01-03,North,Home,Table,4,3024,5,11491.2,1869.42,UPI
1417,2024-03-07,South,Sports,Tennis Racket,2,1597,15,2714.9,697.84,UPI
1418,2024-09-30,West,Books,Dictionary,4,3814,15,12967.6,2290.9,UPI
1419,2024-11-16,North,Fashion,Shoes,3,4650,5,13252.5,1372.74,UPI
1420,2024-03-26,East,Fashion,Jeans,3,1356,0,4068.0,718.86,Cash on Delivery
1421,2024-08-10,East,Electronics,Laptop,3,4034,20,9681.6,2122.92,Cash on Delivery
1422,2024-01-10,West,Fashion,Shoes,3,1843,5,5252.55,1521.23,Net Banking
1423,2024-07-06,South,Fashion,Jeans,2,479,20,766.4,153.99,UPI
1424,2024-11-30,East,Electronics,Smart Watch,5,698,20,2792.0,834.63,UPI
1425,2024-08-30,North,Electronics,Laptop,4,3939,15,13392.6,1670.31,Cash on Delivery
1426,2024-11-14,North,Fashion,Jeans,3,3747,0,11241.0,2613.49,Cash on Delivery
1427,2024-02-24,West,Books,Biography,1,4490,20,3592.0,443.78,UPI
1428,2024-05-31,South,Sports,Cricket Bat,3,4585,5,13067.25,2242.14,Net Banking
1429,2024-12-09,West,Fashion,Shirt,2,4237,10,7626.6,1120.36,UPI
1430,2024-05-11,West,Electronics,Laptop,2,1037,20,1659.2,190.82,UPI
1431,2024-01-21,East,Fashion,Jacket,3,4103,0,12309.0,1476.61,Card
1432,2024-01-05,East,Home,Lamp,4,1249,0,4996.0,1350.16,UPI
1433,2024-07-09,East,Fashion,Jeans,3,3885,20,9324.0,1432.74,UPI
1434,2024-12-19,North,Home,Table,4,3578,15,12165.2,1877.9,Net Banking
1435,2024-02-23,South,Sports,Gym Bag,1,1385,0,1385.0,410.39,Card
1436,2024-09-04,West,Sports,Gym Bag,2,3410,10,6138.0,1364.3,Card
1437,2024-01-07,West,Sports,Football,4,676,0,2704.0,411.88,Cash on Delivery
1438,2024-09-03,East,Books,Biography,5,4585,20,18340.0,2183.35,Card
1439,2024-09-15,South,Home,Sofa,5,747,0,3735.0,854.12,Card
1440,2024-01-26,South,Sports,Gym Bag,1,4327,10,3894.3,577.05,Cash on Delivery
1441,2024-02-15,West,Books,Biography,4,2225,0,8900.0,1707.19,Net Banking
1442,2024-01-19,East,Sports,Gym Bag,1,4374,0,4374.0,527.19,Net Banking
1443,2024-06-23,North,Books,Novel,5,2795,20,11180.0,2375.38,Net Banking
1444,2024-12-02,South,Home,Chair,4,3019,20,9660.8,2448.85,Net Banking
1445,2024-10-07,North,Home,Sofa,1,2116,0,2116.0,356.06,Cash on Delivery
1446,2024-02-24,North,Books,Comics,1,1644,15,1397.4,178.99,Net Banking
1447,2024-06-22,South,Home,Table,1,3518,5,3342.1,639.71,Card
1448,2024-09-12,North,Electronics,Smart Watch,5,1309,15,5563.25,1065.24,Card
1449,2024-12-20,West,Electronics,Laptop,5,4256,20,17024.0,4361.83,Card
1450,2024-09-15,South,Books,Biography,1,3473,20,2778.4,614.67,Cash on Delivery
1451,2024-03-09,South,Sports,Gym Bag,3,3559,10,9609.3,2826.08,Net Banking
1452,2024-04-17,East,Fashion,Jacket,5,2871,20,11484.0,2601.32,Card
1453,2024-12-29,East,Books,Comics,2,1756,20,2809.6,585.8,Cash on Delivery
1454,2024-08-04,West,Electronics,Headphones,5,4974,15,21139.5,4964.58,Cash on Delivery
1455,2024-05-16,North,Electronics,Laptop,4,1490,0,5960.0,1394.94,Card
1456,2024-07-02,East,Fashion,Shoes,2,808,10,1454.4,204.78,UPI
1457,2024-12-20,South,Sports,Football,5,3485,5,16553.75,3346.91,Cash on Delivery
1458,2024-04-13,West,Electronics,Smart Watch,4,2861,20,9155.2,1014.03,Cash on Delivery
1459,2024-05-30,South,Books,Dictionary,3,4777,20,11464.8,1596.98,Card
1460,2024-08-07,North,Sports,Cricket Bat,2,1723,20,2756.8,341.49,UPI
1461,2024-01-21,South,Home,Lamp,2,2389,0,4778.0,793.69,Card
1462,2024-02-07,North,Fashion,Shoes,5,2767,15,11759.75,3033.8,Cash on Delivery
1463,2024-02-17,South,Home,Table,5,858,20,3432.0,452.59,Net Banking
1464,2024-10-14,South,Home,Table,3,3012,10,8132.4,1290.73,Net Banking
1465,2024-01-21,East,Electronics,Laptop,4,2268,20,7257.6,2059.14,Card
1466,2024-09-21,North,Home,Sofa,4,2401,20,7683.2,1880.81,UPI
1467,2024-02-19,West,Home,Sofa,1,2728,5,2591.6,425.18,UPI
1468,2024-10-02,North,Fashion,Shirt,2,2046,15,3478.2,929.14,Card
1469,2024-01-28,South,Sports,Football,1,4061,10,3654.9,393.18,UPI
1470,2024-11-18,North,Fashion,Shoes,5,2164,10,9738.0,1767.71,Net Banking
1471,2024-10-26,East,Sports,Gym Bag,1,3490,0,3490.0,722.31,UPI
1472,2024-11-06,East,Electronics,Laptop,5,1169,10,5260.5,1353.94,Cash on Delivery
1473,2024-03-10,West,Electronics,Headphones,4,3536,0,14144.0,2755.22,Card
1474,2024-03-04,South,Sports,Tennis Racket,3,3356,0,10068.0,2121.38,Card
1475,2024-04-18,West,Electronics,Laptop,5,4785,0,23925.0,3850.45,Cash on Delivery
1476,2024-02-28,South,Sports,Cricket Bat,2,2108,20,3372.8,900.37,Card
1477,2024-02-20,West,Fashion,Shirt,5,899,10,4045.5,948.01,Cash on Delivery
1478,2024-04-09,East,Fashion,Jacket,3,1350,5,3847.5,461.73,UPI
1479,2024-06-10,West,Home,Sofa,3,2804,20,6729.6,878.07,Cash on Delivery
1480,2024-05-21,North,Sports,Cricket Bat,3,2316,5,6600.6,1600.25,Net Banking
1481,2024-09-06,East,Home,Table,4,4091,15,13909.4,2388.92,Cash on Delivery
1482,2024-10-02,South,Books,Novel,5,971,10,4369.5,1187.38,Card
1483,2024-10-29,North,Fashion,Shoes,1,452,20,361.6,81.84,Net Banking
1484,2024-07-06,East,Fashion,Shirt,5,4721,15,20064.25,4630.46,Card
1485,2024-07-05,East,Sports,Cricket Bat,2,4106,20,6569.6,1327.6,Net Banking
1486,2024-04-01,South,Books,Novel,5,1658,20,6632.0,849.39,Card
1487,2024-02-02,West,Books,Biography,3,631,5,1798.35,453.71,Card
1488,2024-07-17,South,Home,Lamp,1,1993,20,1594.4,448.9,Cash on Delivery
1489,2024-05-14,North,Sports,Gym Bag,1,2954,0,2954.0,711.17,Cash on Delivery
1490,2024-09-21,West,Books,Biography,4,3292,20,10534.4,2429.94,UPI
1491,2024-09-06,South,Home,Sofa,5,3624,10,16308.0,4296.3,Cash on Delivery
1492,2024-04-18,South,Sports,Football,4,1656,5,6292.8,726.3,Cash on Delivery
1493,2024-02-28,South,Fashion,Jeans,3,1269,5,3616.65,661.57,Cash on Delivery
1494,2024-03-06,West,Sports,Gym Bag,2,1620,15,2754.0,287.76,UPI
1495,2024-05-12,South,Books,Biography,5,621,20,2484.0,321.36,Card
1496,2024-09-03,North,Fashion,Jacket,3,1002,5,2855.7,542.13,Net Banking
1497,2024-11-15,West,Fashion,Jeans,5,1469,20,5876.0,1551.8,Card
1498,2024-07-12,South,Books,Comics,3,4014,20,9633.6,2101.27,Card
1499,2024-03-17,North,Sports,Cricket Bat,1,1957,20,1565.6,425.72,Net Banking
1500,2024-02-17,South,Books,Novel,4,619,20,1980.8,397.48,UPI
1501,2024-12-23,North,Sports,Cricket Bat,4,4576,15,15558.4,2708.34,UPI
1502,2024-08-05,South,Books,Dictionary,4,3423,10,12322.8,2684.02,UPI
1503,2024-05-11,West,Fashion,Shoes,2,986,10,1774.8,389.85,Net Banking
1504,2024-12-01,North,Fashion,Shirt,5,4580,0,22900.0,4670.51,Net Banking
1505,2024-05-13,West,Fashion,Shoes,3,1173,5,3343.05,619.18,Cash on Delivery
1506,2024-10-09,East,Books,Dictionary,5,2557,15,10867.25,2727.62,Net Banking
1507,2024-10-22,South,Books,Dictionary,3,4880,20,11712.0,2304.36,Cash on Delivery
1508,2024-02-21,South,Home,Sofa,1,2182,15,1854.7,475.96,Card
1509,2024-02-16,East,Fashion,Jacket,5,726,5,3448.5,613.21,UPI
1510,2024-11-07,West,Fashion,Jacket,1,824,10,741.6,107.05,UPI
1511,2024-03-30,West,Electronics,Smart Watch,5,4568,10,20556.0,4981.15,UPI
1512,2024-11-10,North,Sports,Gym Bag,2,4544,10,8179.2,1136.49,Card
1513,2024-07-23,East,Fashion,Shirt,2,302,5,573.8,67.35,Cash on Delivery
1514,2024-02-16,West,Home,Sofa,5,1940,20,7760.0,799.85,UPI
1515,2024-08-20,East,Books,Comics,3,2565,5,7310.25,1617.56,Card
1516,2024-09-14,East,Sports,Football,2,3635,20,5816.0,705.44,UPI
1517,2024-12-21,North,Home,Lamp,5,2411,20,9644.0,2532.8,Cash on Delivery
1518,2024-09-03,West,Sports,Gym Bag,2,3082,15,5239.4,1238.17,UPI
1519,2024-06-29,North,Electronics,Headphones,4,2105,5,7999.0,2080.0,Net Banking
1520,2024-02-08,East,Books,Novel,2,2653,0,5306.0,953.95,Cash on Delivery
1521,2024-04-03,West,Books,Biography,3,3196,5,9108.6,2540.05,Cash on Delivery
1522,2024-05-07,South,Fashion,Jacket,2,2282,10,4107.6,580.63,Card
1523,2024-11-10,South,Books,Comics,1,1282,0,1282.0,301.48,Net Banking
1524,2024-09-08,West,Electronics,Laptop,3,2883,15,7351.65,2055.7,Cash on Delivery
1525,2024-09-01,West,Fashion,Shoes,2,1350,0,2700.0,553.9,Net Banking
1526,2024-06-10,East,Books,Novel,4,1731,15,5885.4,1737.97,Net Banking
1527,2024-04-05,South,Electronics,Laptop,4,1125,10,4050.0,697.9,Cash on Delivery
1528,2024-09-12,South,Books,Comics,3,4161,20,9986.4,1683.9,Card
1529,2024-10-19,West,Sports,Cricket Bat,3,3290,15,8389.5,1308.14,Card
1530,2024-04-10,North,Fashion,Jeans,3,2231,20,5354.4,998.29,Net Banking
1531,2024-09-06,West,Fashion,Jeans,1,1746,15,1484.1,296.7,Cash on Delivery
1532,2024-08-31,North,Home,Lamp,4,1110,5,4218.0,472.45,Cash on Delivery
1533,2024-06-25,East,Electronics,Smart Watch,3,3257,10,8793.9,1864.92,Cash on Delivery
1534,2024-05-25,North,Electronics,Smart Watch,3,1929,20,4629.6,996.19,Card
1535,2024-11-19,West,Home,Lamp,4,942,15,3202.8,713.37,Net Banking
1536,2024-02-10,East,Fashion,Jeans,4,4982,15,16938.8,4569.75,UPI
1537,2024-05-18,South,Fashion,Shoes,3,2895,10,7816.5,1892.27,Net Banking
1538,2024-04-30,West,Sports,Tennis Racket,4,1670,5,6346.0,1718.77,Card
1539,2024-10-07,South,Home,Chair,2,3552,0,7104.0,846.16,Net Banking
1540,2024-02-13,West,Electronics,Laptop,5,981,0,4905.0,747.97,Card
1541,2024-09-26,South,Sports,Tennis Racket,2,2627,15,4465.9,1006.15,Card
1542,2024-10-07,North,Fashion,Shirt,3,2964,15,7558.2,1462.05,Cash on Delivery
1543,2024-06-26,South,Sports,Cricket Bat,5,4040,20,16160.0,3021.85,Cash on Delivery
1544,2024-06-04,North,Sports,Cricket Bat,4,2822,10,10159.2,1853.45,Card
1545,2024-09-01,South,Electronics,Laptop,3,2649,15,6754.95,1398.41,Net Banking
1546,2024-07-29,West,Home,Chair,3,2194,0,6582.0,1379.87,Card
1547,2024-05-14,West,Books,Dictionary,2,1637,15,2782.9,739.38,Card
1548,2024-07-30,South,Electronics,Smart Watch,5,2527,10,11371.5,2611.94,Cash on Delivery
1549,2024-05-19,South,Fashion,Shirt,2,2672,0,5344.0,1215.11,Net Banking
1550,2024-04-05,South,Books,Dictionary,3,458,5,1305.3,143.49,UPI
1551,2024-01-08,East,Electronics,Headphones,2,3891,0,7782.0,1140.55,Card
1552,2024-12-22,East,Sports,Cricket Bat,4,2852,15,9696.8,2905.09,Net Banking
1553,2024-10-05,North,Electronics,Headphones,2,759,10,1366.2,348.56,UPI
1554,2024-07-16,South,Sports,Cricket Bat,3,3425,0,10275.0,1278.13,Card
1555,2024-08-30,North,Sports,Cricket Bat,2,4075,0,8150.0,1664.46,Card
1556,2024-09-03,East,Sports,Tennis Racket,2,645,20,1032.0,210.72,Cash on Delivery
1557,2024-06-15,East,Home,Table,1,2084,0,2084.0,306.75,Net Banking
1558,2024-01-22,East,Electronics,Mobile,5,1280,15,5440.0,1402.59,UPI
1559,2024-12-17,South,Books,Dictionary,3,1033,5,2944.05,387.26,UPI
1560,2024-03-05,North,Books,Comics,1,3212,5,3051.4,733.15,UPI
1561,2024-12-18,East,Sports,Cricket Bat,5,3145,15,13366.25,3296.62,UPI
1562,2024-10-04,South,Sports,Tennis Racket,3,623,15,1588.65,383.38,Cash on Delivery
1563,2024-11-02,South,Sports,Cricket Bat,5,3148,10,14166.0,3491.64,Cash on Delivery
1564,2024-10-04,North,Books,Biography,5,1569,15,6668.25,1061.15,Cash on Delivery
1565,2024-11-13,North,Home,Sofa,5,3405,5,16173.75,4473.44,Cash on Delivery
1566,2024-10-09,North,Fashion,Shoes,5,3474,5,16501.5,3379.74,Net Banking
1567,2024-01-23,East,Fashion,Shoes,4,2938,0,11752.0,1401.44,UPI
1568,2024-10-19,North,Fashion,Jeans,2,1176,15,1999.2,276.54,UPI
1569,2024-01-07,East,Sports,Gym Bag,1,3301,5,3135.95,693.64,UPI
1570,2024-07-07,North,Fashion,Jacket,4,797,10,2869.2,607.13,Net Banking
1571,2024-02-21,North,Electronics,Headphones,1,2789,0,2789.0,805.8,UPI
1572,2024-10-12,South,Fashion,Jacket,2,4610,5,8759.0,1874.47,Card
1573,2024-02-23,North,Books,Dictionary,5,3232,15,13736.0,3303.65,Net Banking
1574,2024-06-29,West,Fashion,Jeans,5,3064,5,14554.0,3009.48,Net Banking
1575,2024-07-11,East,Home,Lamp,4,3827,10,13777.2,3054.17,Card
1576,2024-05-25,East,Books,Comics,4,3965,15,13481.0,1348.63,UPI
1577,2024-06-10,South,Books,Novel,3,353,10,953.1,282.96,Card
1578,2024-05-15,South,Electronics,Headphones,1,609,15,517.65,88.59,Card
1579,2024-02-09,South,Home,Table,3,2760,0,8280.0,1772.73,Card
1580,2024-10-22,South,Home,Sofa,4,1081,20,3459.2,790.26,UPI
1581,2024-04-26,North,Sports,Football,3,3150,15,8032.5,1472.39,UPI
1582,2024-06-16,West,Books,Novel,1,2796,20,2236.8,242.1,Card
1583,2024-04-23,South,Books,Biography,1,3518,15,2990.3,749.27,UPI
1584,2024-10-07,West,Sports,Tennis Racket,2,1382,10,2487.6,289.83,UPI
1585,2024-03-10,North,Sports,Tennis Racket,4,4410,15,14994.0,3819.95,Card
1586,2024-05-04,West,Sports,Cricket Bat,4,4980,5,18924.0,4016.31,Card
1587,2024-07-06,West,Electronics,Headphones,3,1033,0,3099.0,726.25,Net Banking
1588,2024-11-11,East,Home,Table,3,498,10,1344.6,179.98,Cash on Delivery
1589,2024-02-13,West,Sports,Cricket Bat,1,2212,5,2101.4,498.18,Card
1590,2024-06-05,South,Electronics,Laptop,5,1509,10,6790.5,697.7,UPI
1591,2024-10-07,North,Sports,Gym Bag,3,2012,20,4828.8,687.5,Cash on Delivery
1592,2024-05-25,North,Sports,Cricket Bat,4,4615,0,18460.0,2789.14,UPI
1593,2024-12-05,North,Fashion,Shoes,4,368,0,1472.0,261.62,Cash on Delivery
1594,2024-06-10,North,Home,Chair,3,3466,5,9878.1,2923.51,UPI
1595,2024-01-21,South,Sports,Football,2,4401,15,7481.7,1587.15,UPI
1596,2024-06-30,East,Fashion,Shoes,4,3522,5,13383.6,1387.54,Cash on Delivery
1597,2024-10-11,East,Home,Table,1,2410,15,2048.5,569.65,UPI
1598,2024-09-23,South,Home,Table,3,3518,5,10026.3,1178.68,Net Banking
1599,2024-11-05,West,Books,Biography,2,4993,5,9486.7,1757.82,Cash on Delivery
1600,2024-03-11,South,Home,Sofa,2,1435,20,2296.0,478.19,Card
1601,2024-04-04,West,Home,Table,2,4927,5,9361.3,1530.57,UPI
1602,2024-03-18,North,Home,Table,3,3691,15,9412.05,1512.23,Cash on Delivery
1603,2024-11-01,South,Fashion,Shirt,2,514,20,822.4,183.72,Card
1604,2024-12-30,North,Fashion,Jeans,3,951,15,2425.05,307.54,Net Banking
1605,2024-01-17,West,Home,Table,4,4181,5,15887.8,2109.22,Card
1606,2024-03-31,East,Sports,Football,4,2123,5,8067.4,2029.4,UPI
1607,2024-11-07,East,Sports,Gym Bag,4,2321,15,7891.4,1428.13,UPI
1608,2024-09-23,West,Sports,Tennis Racket,5,4985,20,19940.0,4132.2,UPI
1609,2024-10-12,West,Electronics,Smart Watch,1,2312,20,1849.6,383.93,UPI
1610,2024-08-24,South,Sports,Football,3,3900,15,9945.0,2753.57,Cash on Delivery
1611,2024-11-26,East,Fashion,Jacket,5,746,20,2984.0,837.71,Net Banking
1612,2024-08-18,North,Sports,Football,2,4776,5,9074.4,1620.81,Cash on Delivery
1613,2024-12-20,West,Electronics,Mobile,5,1954,15,8304.5,980.23,Cash on Delivery
1614,2024-09-18,North,Fashion,Shirt,1,3981,10,3582.9,419.42,Net Banking
1615,2024-10-16,West,Books,Biography,5,3417,0,17085.0,4333.65,Cash on Delivery
1616,2024-05-27,South,Fashion,Jeans,2,720,15,1224.0,197.81,Net Banking
1617,2024-08-22,South,Fashion,Shirt,2,328,20,524.8,132.82,UPI
1618,2024-08-20,North,Sports,Gym Bag,5,4342,5,20624.5,2957.03,Net Banking
1619,2024-11-13,North,Sports,Gym Bag,5,353,5,1676.75,463.51,Cash on Delivery
1620,2024-03-15,North,Books,Biography,2,1514,0,3028.0,698.42,UPI
1621,2024-03-23,East,Electronics,Headphones,1,701,0,701.0,128.56,Card
1622,2024-06-14,West,Home,Table,5,3250,0,16250.0,1927.66,Cash on Delivery
1623,2024-03-03,North,Home,Sofa,4,4809,0,19236.0,3050.19,Card
1624,2024-10-19,West,Home,Lamp,5,2019,5,9590.25,2132.97,UPI
1625,2024-05-12,West,Books,Novel,5,2652,15,11271.0,2499.56,Cash on Delivery
1626,2024-09-09,South,Books,Comics,5,4909,15,20863.25,4254.88,Net Banking
1627,2024-04-16,East,Fashion,Jeans,2,312,0,624.0,65.39,UPI
1628,2024-01-06,West,Books,Dictionary,1,3034,10,2730.6,579.11,Card
1629,2024-01-04,East,Fashion,Shoes,1,2821,10,2538.9,511.18,Cash on Delivery
1630,2024-04-09,East,Electronics,Headphones,4,4960,20,15872.0,4634.98,Card
1631,2024-10-01,West,Home,Lamp,4,591,5,2245.8,440.85,Net Banking
1632,2024-10-11,West,Home,Sofa,1,4568,10,4111.2,875.64,Cash on Delivery
1633,2024-05-23,South,Books,Novel,5,3017,10,13576.5,1537.44,Card
1634,2024-10-31,West,Electronics,Headphones,5,1659,20,6636.0,1467.47,Card
1635,2024-07-09,East,Electronics,Headphones,1,2524,15,2145.4,251.78,Card
1636,2024-04-13,South,Sports,Tennis Racket,5,2776,5,13186.0,1614.58,UPI
1637,2024-09-25,North,Electronics,Smart Watch,4,4396,5,16704.8,2305.97,Net Banking
1638,2024-08-23,South,Home,Lamp,1,4528,5,4301.6,606.69,UPI
1639,2024-08-27,North,Sports,Football,3,660,20,1584.0,434.61,Cash on Delivery
1640,2024-05-26,East,Electronics,Laptop,1,2857,5,2714.15,445.6,Card
1641,2024-01-08,West,Home,Lamp,1,2533,5,2406.35,316.43,UPI
1642,2024-12-26,South,Books,Novel,5,3169,20,12676.0,2075.02,Card
1643,2024-01-26,South,Home,Table,1,2850,20,2280.0,634.86,Net Banking
1644,2024-07-19,West,Fashion,Shirt,1,1167,15,991.95,109.87,Net Banking
1645,2024-08-26,East,Fashion,Jacket,3,3022,5,8612.7,2089.27,UPI
1646,2024-08-28,North,Books,Biography,4,1096,15,3726.4,603.97,Net Banking
1647,2024-06-15,South,Fashion,Jeans,5,2413,10,10858.5,1937.32,Cash on Delivery
1648,2024-03-28,North,Sports,Gym Bag,1,4193,0,4193.0,714.02,Net Banking
1649,2024-06-15,South,Home,Lamp,5,1143,15,4857.75,1280.07,UPI
1650,2024-11-13,East,Books,Novel,5,4076,15,17323.0,3778.27,Card
1651,2024-08-10,West,Fashion,Jeans,4,841,10,3027.6,428.85,Net Banking
1652,2024-10-30,South,Books,Comics,2,938,20,1500.8,401.24,UPI
1653,2024-02-05,East,Books,Dictionary,5,1099,15,4670.75,631.65,Net Banking
1654,2024-10-24,West,Books,Novel,3,4349,0,13047.0,1540.94,Card
1655,2024-04-10,South,Electronics,Mobile,4,4652,10,16747.2,2980.94,Net Banking
1656,2024-02-15,East,Fashion,Shoes,5,2794,15,11874.5,2892.13,Cash on Delivery
1657,2024-01-01,West,Books,Novel,2,2709,0,5418.0,941.89,UPI
1658,2024-11-16,North,Books,Comics,3,555,5,1581.75,294.75,Net Banking
1659,2024-08-31,West,Home,Sofa,4,3865,20,12368.0,1759.26,Card
1660,2024-03-09,West,Fashion,Jeans,3,3717,5,10593.45,1670.53,Card
1661,2024-02-13,North,Electronics,Laptop,2,4287,15,7287.9,2149.89,Card
1662,2024-10-09,West,Fashion,Jacket,5,3787,20,15148.0,2059.51,Net Banking
1663,2024-05-01,East,Sports,Gym Bag,2,1822,15,3097.4,684.26,Net Banking
1664,2024-12-26,West,Books,Comics,5,3306,0,16530.0,4887.04,Net Banking
1665,2024-08-26,West,Home,Chair,1,1463,20,1170.4,347.28,Cash on Delivery
1666,2024-11-09,North,Books,Novel,2,4170,0,8340.0,1975.04,Cash on Delivery
1667,2024-08-03,North,Electronics,Headphones,4,4019,20,12860.8,3616.6,Cash on Delivery
1668,2024-02-01,East,Home,Lamp,2,589,20,942.4,235.49,Cash on Delivery
1669,2024-09-15,North,Sports,Cricket Bat,3,523,10,1412.1,278.12,Card
1670,2024-02-27,East,Electronics,Headphones,2,2601,10,4681.8,1271.44,UPI
1671,2024-09-05,South,Books,Biography,4,3329,5,12650.2,1926.0,Card
1672,2024-09-10,East,Fashion,Shirt,1,1488,20,1190.4,341.39,Card
1673,2024-01-28,South,Sports,Gym Bag,4,1670,5,6346.0,1367.89,Cash on Delivery
1674,2024-09-29,North,Home,Chair,2,4101,15,6971.7,1361.2,Net Banking
1675,2024-01-07,West,Fashion,Jacket,4,2451,5,9313.8,1919.47,Net Banking
1676,2024-08-09,West,Home,Sofa,3,4643,0,13929.0,1664.14,Cash on Delivery
1677,2024-08-24,East,Books,Comics,3,2487,0,7461.0,1127.12,Net Banking
1678,2024-02-04,East,Fashion,Jeans,2,2866,20,4585.6,468.26,UPI
1679,2024-05-08,North,Electronics,Smart Watch,5,1151,15,4891.75,833.08,Cash on Delivery
1680,2024-11-02,North,Fashion,Shirt,5,1053,0,5265.0,1514.75,Card
1681,2024-02-26,North,Electronics,Laptop,5,1364,15,5797.0,1340.72,Card
1682,2024-08-06,East,Fashion,Shoes,4,920,15,3128.0,890.04,Cash on Delivery
1683,2024-01-31,South,Home,Lamp,1,2571,0,2571.0,453.94,Cash on Delivery
1684,2024-11-08,South,Home,Lamp,4,868,15,2951.2,873.21,Card
1685,2024-11-10,West,Sports,Cricket Bat,1,1478,20,1182.4,300.02,Card
1686,2024-08-16,East,Electronics,Smart Watch,1,585,0,585.0,66.74,Cash on Delivery
1687,2024-07-19,South,Electronics,Smart Watch,1,609,15,517.65,79.35,Cash on Delivery
1688,2024-10-03,West,Books,Novel,4,3872,15,13164.8,3538.83,UPI
1689,2024-06-19,West,Fashion,Shirt,4,1292,20,4134.4,856.07,Cash on Delivery
1690,2024-02-11,North,Home,Sofa,1,3292,20,2633.6,712.83,Cash on Delivery
1691,2024-06-02,South,Sports,Tennis Racket,2,4842,0,9684.0,2842.28,Card
1692,2024-01-19,East,Sports,Football,4,995,15,3383.0,835.82,Card
1693,2024-09-12,South,Fashion,Shirt,4,3484,0,13936.0,3603.12,Cash on Delivery
1694,2024-07-26,North,Books,Dictionary,1,3079,0,3079.0,515.87,UPI
1695,2024-01-19,West,Electronics,Mobile,5,1520,20,6080.0,891.31,UPI
1696,2024-01-08,North,Fashion,Jacket,4,675,5,2565.0,616.27,Card
1697,2024-02-24,East,Fashion,Shirt,1,4037,20,3229.6,433.21,UPI
1698,2024-06-15,South,Electronics,Smart Watch,1,1960,15,1666.0,279.0,Net Banking
1699,2024-03-02,East,Electronics,Mobile,2,673,20,1076.8,145.03,UPI
1700,2024-10-24,West,Home,Table,2,3330,20,5328.0,708.63,Card
1701,2024-02-11,North,Electronics,Mobile,5,3381,5,16059.75,1656.18,Net Banking
1702,2024-12-20,South,Electronics,Laptop,1,2624,15,2230.4,532.4,Net Banking
1703,2024-11-08,South,Fashion,Jeans,3,4585,15,11691.75,2132.65,Card
1704,2024-10-12,West,Electronics,Mobile,5,1021,10,4594.5,779.09,UPI
1705,2024-08-25,North,Fashion,Jeans,5,1083,20,4332.0,746.75,Card
1706,2024-09-11,North,Fashion,Shoes,2,1223,5,2323.7,550.83,Net Banking
1707,2024-06-20,North,Fashion,Jeans,1,3283,10,2954.7,419.32,Cash on Delivery
1708,2024-09-05,North,Books,Dictionary,1,729,20,583.2,78.84,UPI
1709,2024-04-11,North,Books,Novel,2,3943,20,6308.8,1362.4,Net Banking
1710,2024-04-12,North,Home,Table,3,2165,0,6495.0,957.52,Net Banking
1711,2024-04-20,North,Sports,Cricket Bat,4,4268,0,17072.0,4747.69,Card
1712,2024-11-19,South,Books,Dictionary,4,3359,5,12764.2,2444.96,Card
1713,2024-05-23,South,Home,Lamp,3,1342,0,4026.0,959.97,UPI
1714,2024-05-31,West,Fashion,Shirt,4,3726,5,14158.8,3568.98,Card
1715,2024-04-20,South,Books,Biography,5,4828,5,22933.0,2689.92,Net Banking
1716,2024-05-06,West,Books,Dictionary,3,418,15,1065.9,263.53,Card
1717,2024-01-23,South,Home,Sofa,5,1520,20,6080.0,1700.27,Net Banking
1718,2024-08-19,North,Electronics,Smart Watch,4,4650,15,15810.0,3096.45,UPI
1719,2024-07-02,North,Sports,Cricket Bat,5,401,15,1704.25,494.21,Card
1720,2024-10-19,North,Home,Table,1,4230,10,3807.0,503.9,Net Banking
1721,2024-11-16,West,Books,Novel,4,1435,15,4879.0,668.37,Cash on Delivery
1722,2024-05-18,North,Sports,Football,4,3027,20,9686.4,1032.02,Net Banking
1723,2024-01-27,North,Books,Biography,5,3050,0,15250.0,3094.95,Cash on Delivery
1724,2024-10-14,East,Electronics,Smart Watch,4,634,10,2282.4,395.51,UPI
1725,2024-04-25,East,Fashion,Jeans,2,4720,0,9440.0,2169.38,Card
1726,2024-06-25,East,Home,Lamp,5,3764,10,16938.0,1878.29,Cash on Delivery
1727,2024-11-13,North,Sports,Gym Bag,4,4657,20,14902.4,4171.04,Net Banking
1728,2024-05-27,South,Home,Chair,4,1015,0,4060.0,723.23,Card
1729,2024-09-23,South,Electronics,Laptop,3,1217,5,3468.45,691.14,Card
1730,2024-11-26,West,Electronics,Headphones,5,1381,15,5869.25,993.9,Net Banking
1731,2024-07-29,South,Electronics,Headphones,1,480,5,456.0,121.75,Cash on Delivery
1732,2024-10-17,East,Books,Comics,4,4643,20,14857.6,2808.85,Cash on Delivery
1733,2024-01-25,South,Fashion,Shoes,3,2157,15,5500.35,959.15,Cash on Delivery
1734,2024-04-03,East,Fashion,Shoes,4,1662,20,5318.4,1514.82,Cash on Delivery
1735,2024-08-13,South,Fashion,Jeans,2,1257,0,2514.0,751.07,Card
1736,2024-03-16,South,Home,Lamp,2,4907,0,9814.0,2287.75,Cash on Delivery
1737,2024-09-12,South,Home,Sofa,5,2770,0,13850.0,3934.6,Net Banking
1738,2024-11-27,East,Fashion,Jacket,2,335,20,536.0,158.18,Cash on Delivery
1739,2024-06-22,East,Home,Sofa,5,1504,20,6016.0,1478.18,Net Banking
1740,2024-11-12,North,Electronics,Smart Watch,2,4813,0,9626.0,1555.72,Net Banking
1741,2024-10-25,East,Fashion,Jacket,1,2973,0,2973.0,658.91,Card
1742,2024-12-12,East,Books,Biography,2,484,0,968.0,201.04,Net Banking
1743,2024-12-07,South,Electronics,Smart Watch,4,2903,20,9289.6,2053.15,UPI
1744,2024-06-25,South,Home,Sofa,4,3328,15,11315.2,1975.25,Cash on Delivery
1745,2024-07-31,West,Home,Lamp,5,1017,5,4830.75,1186.29,Net Banking
1746,2024-03-14,South,Sports,Tennis Racket,4,3693,5,14033.4,3748.35,UPI
1747,2024-02-15,West,Fashion,Shoes,5,3047,0,15235.0,4366.82,Net Banking
1748,2024-04-12,East,Electronics,Smart Watch,4,1732,20,5542.4,1066.49,Card
1749,2024-10-26,East,Fashion,Jacket,5,4318,0,21590.0,5711.85,Cash on Delivery
1750,2024-11-23,West,Home,Sofa,2,519,0,1038.0,135.78,Cash on Delivery
1751,2024-01-15,East,Sports,Football,4,1769,15,6014.6,1692.26,Card
1752,2024-05-12,West,Electronics,Headphones,1,3263,20,2610.4,511.89,Net Banking
1753,2024-03-15,East,Sports,Football,5,443,10,1993.5,264.28,UPI
1754,2024-11-21,South,Home,Sofa,3,1637,0,4911.0,758.92,Net Banking
1755,2024-02-18,East,Home,Chair,3,4638,0,13914.0,2821.39,Card
1756,2024-02-19,East,Books,Biography,3,2766,10,7468.2,1770.63,Cash on Delivery
1757,2024-07-29,South,Books,Comics,1,1421,20,1136.8,177.66,Net Banking
1758,2024-10-13,North,Home,Table,2,1566,20,2505.6,361.36,Card
1759,2024-09-02,West,Books,Novel,4,925,0,3700.0,975.95,UPI
1760,2024-03-29,East,Home,Lamp,2,3920,20,6272.0,1283.4,Cash on Delivery
1761,2024-03-05,North,Home,Chair,2,1354,5,2572.6,611.27,Cash on Delivery
1762,2024-08-08,North,Fashion,Jeans,4,1215,0,4860.0,504.28,Net Banking
1763,2024-05-09,North,Electronics,Mobile,1,4506,20,3604.8,403.21,UPI
1764,2024-10-27,East,Electronics,Laptop,1,1090,0,1090.0,309.58,Card
1765,2024-10-23,East,Fashion,Jeans,1,1043,5,990.85,266.71,Cash on Delivery
1766,2024-10-23,South,Home,Lamp,5,2281,20,9124.0,1952.97,UPI
1767,2024-04-19,South,Electronics,Mobile,3,1707,20,4096.8,413.23,UPI
1768,2024-04-02,East,Books,Dictionary,5,1816,15,7718.0,1811.45,UPI
1769,2024-03-04,West,Home,Sofa,2,4512,5,8572.8,1556.1,Cash on Delivery
1770,2024-02-12,South,Sports,Football,4,3259,10,11732.4,2480.54,UPI
1771,2024-12-17,North,Home,Sofa,4,2623,15,8918.2,1962.7,Cash on Delivery
1772,2024-12-13,West,Sports,Cricket Bat,3,3805,5,10844.25,2942.64,Net Banking
1773,2024-03-02,North,Home,Table,4,1161,15,3947.4,740.58,UPI
1774,2024-06-22,West,Fashion,Jacket,5,1133,5,5381.75,607.83,Card
1775,2024-11-25,North,Fashion,Jacket,2,3779,15,6424.3,1000.29,Cash on Delivery
1776,2024-08-20,West,Sports,Tennis Racket,5,3613,15,15355.25,3106.1,Card
1777,2024-01-16,East,Electronics,Laptop,4,4373,5,16617.4,3750.12,Card
1778,2024-03-19,North,Electronics,Laptop,4,519,5,1972.2,348.15,Cash on Delivery
1779,2024-09-08,North,Home,Chair,5,4332,15,18411.0,2584.65,Net Banking
1780,2024-08-08,East,Books,Comics,5,4777,0,23885.0,6938.98,UPI
1781,2024-03-31,West,Electronics,Smart Watch,3,3382,15,8624.1,1655.23,UPI
1782,2024-09-06,South,Books,Comics,4,3828,5,14546.4,2363.67,Net Banking
1783,2024-05-14,West,Electronics,Smart Watch,4,4905,5,18639.0,3752.72,Net Banking
1784,2024-03-06,East,Sports,Gym Bag,3,2925,0,8775.0,926.9,UPI
1785,2024-07-29,North,Home,Lamp,3,3417,0,10251.0,1902.89,Cash on Delivery
1786,2024-06-05,South,Home,Chair,2,2222,10,3999.6,873.94,UPI
1787,2024-10-17,South,Electronics,Headphones,1,4710,10,4239.0,455.59,Net Banking
1788,2024-07-12,East,Books,Dictionary,1,4147,20,3317.6,346.51,Cash on Delivery
1789,2024-06-21,East,Books,Dictionary,5,1100,15,4675.0,561.05,Card
1790,2024-09-11,South,Sports,Tennis Racket,5,2753,10,12388.5,3640.8,Card
1791,2024-04-25,East,Electronics,Mobile,3,689,10,1860.3,556.69,Net Banking
1792,2024-08-06,North,Books,Novel,5,3059,10,13765.5,1561.75,Net Banking
1793,2024-04-12,North,Fashion,Shoes,3,4434,10,11971.8,2233.72,Cash on Delivery
1794,2024-01-10,East,Sports,Gym Bag,5,4521,15,19214.25,4502.13,Card
1795,2024-10-16,West,Books,Biography,2,4128,10,7430.4,2135.74,Net Banking
1796,2024-08-10,East,Electronics,Mobile,4,1510,5,5738.0,746.48,Cash on Delivery
1797,2024-05-11,North,Sports,Tennis Racket,2,3678,10,6620.4,1752.7,Card
1798,2024-06-07,West,Books,Biography,2,1230,5,2337.0,323.4,Card
1799,2024-01-15,West,Sports,Gym Bag,4,603,5,2291.4,302.17,Card
1800,2024-06-09,South,Home,Lamp,1,4280,0,4280.0,475.36,UPI
1801,2024-04-30,North,Books,Comics,4,3277,0,13108.0,2351.3,Card
1802,2024-06-17,East,Electronics,Laptop,4,1039,5,3948.2,868.46,Cash on Delivery
1803,2024-05-20,South,Books,Dictionary,4,2085,5,7923.0,961.56,Card
1804,2024-06-11,East,Sports,Gym Bag,5,758,15,3221.5,665.86,UPI
1805,2024-06-06,West,Books,Dictionary,2,2575,5,4892.5,844.44,Cash on Delivery
1806,2024-12-16,North,Electronics,Laptop,2,2372,20,3795.2,671.52,Cash on Delivery
1807,2024-06-03,West,Electronics,Mobile,4,364,15,1237.6,353.34,Cash on Delivery
1808,2024-01-18,East,Electronics,Mobile,2,1612,15,2740.4,620.07,Net Banking
1809,2024-03-23,West,Home,Chair,4,3682,10,13255.2,3227.34,UPI
1810,2024-01-27,East,Home,Chair,4,4786,10,17229.6,3284.86,UPI
1811,2024-10-21,South,Fashion,Jacket,1,3582,5,3402.9,767.9,Cash on Delivery
1812,2024-06-12,South,Electronics,Laptop,2,4530,5,8607.0,2318.66,Net Banking
1813,2024-04-11,South,Sports,Gym Bag,3,1721,20,4130.4,1096.02,Cash on Delivery
1814,2024-01-11,East,Electronics,Smart Watch,2,3523,15,5989.1,1730.56,Card
1815,2024-01-26,North,Electronics,Mobile,4,1924,10,6926.4,1664.08,Card
1816,2024-01-08,East,Sports,Gym Bag,2,1029,10,1852.2,248.24,UPI
1817,2024-05-16,West,Books,Dictionary,4,1270,5,4826.0,1171.33,Card
1818,2024-12-12,West,Home,Sofa,2,3833,5,7282.7,1602.31,Cash on Delivery
1819,2024-04-30,South,Fashion,Jacket,4,1495,0,5980.0,945.07,Cash on Delivery
1820,2024-06-14,South,Books,Dictionary,3,4053,0,12159.0,1241.0,Card
1821,2024-01-27,West,Sports,Cricket Bat,4,2399,0,9596.0,1142.46,UPI
1822,2024-06-03,West,Home,Table,3,672,0,2016.0,303.87,Net Banking
1823,2024-09-14,South,Sports,Tennis Racket,5,636,20,2544.0,345.66,Card
1824,2024-03-13,West,Sports,Tennis Racket,2,1034,10,1861.2,450.51,Net Banking
1825,2024-07-03,East,Home,Chair,1,1347,15,1144.95,314.1,Cash on Delivery
1826,2024-06-10,East,Sports,Tennis Racket,5,2460,20,9840.0,1600.0,Card
1827,2024-01-19,West,Sports,Cricket Bat,1,1847,5,1754.65,194.61,Card
1828,2024-01-21,South,Sports,Tennis Racket,4,3875,0,15500.0,4635.13,Net Banking
1829,2024-03-04,West,Sports,Tennis Racket,4,4338,0,17352.0,4670.6,Card
1830,2024-10-15,South,Home,Chair,3,1779,5,5070.15,1267.47,Cash on Delivery
1831,2024-05-06,North,Books,Biography,5,4975,5,23631.25,4331.23,UPI
1832,2024-06-14,East,Sports,Football,1,2628,0,2628.0,469.98,UPI
1833,2024-10-31,North,Fashion,Shirt,4,4230,15,14382.0,3245.61,Cash on Delivery
1834,2024-04-18,North,Electronics,Headphones,5,4011,10,18049.5,5225.04,Card
1835,2024-02-17,East,Electronics,Headphones,1,879,20,703.2,204.2,Net Banking
1836,2024-03-24,South,Sports,Tennis Racket,2,3567,0,7134.0,742.67,Card
1837,2024-06-07,East,Sports,Gym Bag,2,1287,10,2316.6,459.08,Net Banking
1838,2024-07-17,East,Books,Biography,1,3310,20,2648.0,370.65,Net Banking
1839,2024-11-18,West,Sports,Tennis Racket,1,3761,10,3384.9,754.07,Net Banking
1840,2024-09-10,North,Sports,Football,5,3099,15,13170.75,3098.92,Card
1841,2024-06-02,East,Books,Novel,4,3882,0,15528.0,4370.22,Net Banking
1842,2024-10-09,East,Fashion,Jeans,2,4585,15,7794.5,1240.08,UPI
1843,2024-06-30,North,Electronics,Laptop,5,3780,15,16065.0,1910.08,Cash on Delivery
1844,2024-01-24,North,Home,Chair,1,4091,5,3886.45,999.73,Net Banking
1845,2024-06-23,East,Electronics,Smart Watch,3,4027,15,10268.85,2308.05,Cash on Delivery
1846,2024-01-03,South,Fashion,Jeans,1,2424,0,2424.0,452.71,UPI
1847,2024-06-04,North,Sports,Football,2,4208,15,7153.6,1705.14,Net Banking
1848,2024-02-27,West,Books,Comics,3,1017,5,2898.45,368.17,Card
1849,2024-11-16,North,Electronics,Mobile,2,4241,5,8057.9,1852.9,Net Banking
1850,2024-02-29,North,Books,Biography,3,4096,5,11673.6,2273.99,UPI
1851,2024-04-13,West,Fashion,Jeans,4,4162,0,16648.0,4527.58,Card
1852,2024-07-31,North,Home,Sofa,3,364,0,1092.0,246.88,Net Banking
1853,2024-04-28,North,Sports,Tennis Racket,4,3574,15,12151.6,2462.78,Net Banking
1854,2024-08-30,West,Electronics,Laptop,5,2887,20,11548.0,1301.48,Net Banking
1855,2024-08-28,East,Electronics,Smart Watch,4,3873,0,15492.0,2049.08,Card
1856,2024-11-04,South,Home,Sofa,5,2099,20,8396.0,2366.11,Cash on Delivery
1857,2024-11-14,East,Sports,Cricket Bat,4,3714,10,13370.4,3465.53,Card
1858,2024-02-21,North,Fashion,Shoes,4,1357,5,5156.6,721.39,Net Banking
1859,2024-07-02,East,Sports,Gym Bag,2,2015,20,3224.0,352.74,UPI
1860,2024-08-08,South,Home,Lamp,2,4424,0,8848.0,2312.54,Cash on Delivery
1861,2024-06-30,North,Electronics,Mobile,5,2135,15,9073.75,1375.26,Cash on Delivery
1862,2024-08-22,South,Electronics,Headphones,5,1153,0,5765.0,1644.91,Net Banking
1863,2024-04-15,North,Electronics,Laptop,5,643,20,2572.0,311.42,UPI
1864,2024-03-19,East,Home,Table,4,4444,15,15109.6,3724.67,UPI
1865,2024-05-05,South,Home,Lamp,1,1953,15,1660.05,487.93,UPI
1866,2024-07-03,East,Sports,Tennis Racket,5,1702,0,8510.0,1303.76,Net Banking
1867,2024-08-22,West,Fashion,Jeans,2,1430,15,2431.0,444.1,Net Banking
1868,2024-02-13,North,Books,Comics,4,1492,0,5968.0,1453.36,UPI
1869,2024-12-04,West,Home,Lamp,2,3855,0,7710.0,1377.42,UPI
1870,2024-06-25,East,Fashion,Shirt,4,3593,20,11497.6,3158.5,Cash on Delivery
1871,2024-12-23,South,Electronics,Headphones,4,3955,5,15029.0,4170.79,Net Banking
1872,2024-03-05,South,Home,Sofa,3,990,0,2970.0,616.24,Net Banking
1873,2024-11-21,South,Books,Comics,1,4491,20,3592.8,583.65,Cash on Delivery
1874,2024-08-04,North,Fashion,Shirt,5,2419,5,11490.25,3061.53,Cash on Delivery
1875,2024-11-29,North,Books,Novel,3,2427,20,5824.8,995.43,UPI
1876,2024-10-24,East,Electronics,Smart Watch,5,342,15,1453.5,243.89,Card
1877,2024-09-23,East,Books,Biography,3,2630,20,6312.0,1480.08,Net Banking
1878,2024-12-30,East,Fashion,Shirt,5,1877,10,8446.5,1612.12,Card
1879,2024-04-19,North,Sports,Gym Bag,1,809,15,687.65,190.96,Net Banking
1880,2024-05-15,East,Sports,Football,5,3599,20,14396.0,3048.98,Net Banking
1881,2024-09-15,West,Books,Dictionary,4,4310,15,14654.0,3879.83,Card
1882,2024-08-21,West,Fashion,Jacket,2,4504,20,7206.4,890.79,Card
1883,2024-02-26,South,Sports,Football,5,3325,0,16625.0,3662.82,Net Banking
1884,2024-07-10,East,Electronics,Headphones,1,4582,5,4352.9,537.79,Cash on Delivery
1885,2024-01-25,West,Home,Lamp,1,1470,5,1396.5,358.56,Net Banking
1886,2024-02-04,South,Home,Lamp,2,4304,0,8608.0,1071.4,Cash on Delivery
1887,2024-07-12,West,Electronics,Smart Watch,5,2837,20,11348.0,2161.51,Cash on Delivery
1888,2024-06-15,South,Sports,Cricket Bat,5,4075,15,17318.75,4042.96,Card
1889,2024-05-22,West,Electronics,Smart Watch,2,3539,10,6370.2,1326.27,Net Banking
1890,2024-04-08,North,Electronics,Mobile,5,2830,20,11320.0,2592.64,UPI
1891,2024-01-10,South,Books,Novel,4,4417,0,17668.0,2191.83,Card
1892,2024-07-24,South,Home,Table,5,3939,0,19695.0,5147.96,Cash on Delivery
1893,2024-09-27,West,Books,Novel,1,3084,15,2621.4,356.78,UPI
1894,2024-03-14,East,Home,Sofa,1,1239,0,1239.0,258.15,Cash on Delivery
1895,2024-11-10,North,Fashion,Shoes,2,2813,15,4782.1,1127.24,UPI
1896,2024-07-30,North,Home,Table,1,2741,15,2329.85,279.0,Card
1897,2024-09-09,West,Home,Lamp,1,724,5,687.8,101.74,Card
1898,2024-02-03,North,Books,Dictionary,3,796,10,2149.2,414.72,Net Banking
1899,2024-05-06,West,Sports,Football,2,452,10,813.6,171.52,UPI
1900,2024-03-13,East,Books,Biography,5,3632,15,15436.0,1802.64,Card
1901,2024-08-25,South,Home,Table,5,3771,20,15084.0,2871.22,UPI
1902,2024-12-14,South,Books,Comics,1,792,15,673.2,104.12,Cash on Delivery
1903,2024-06-02,South,Sports,Tennis Racket,5,4480,10,20160.0,2199.39,UPI
1904,2024-11-08,North,Electronics,Smart Watch,2,4858,10,8744.4,2410.45,Card
1905,2024-06-23,East,Books,Comics,3,4008,10,10821.6,1614.43,Cash on Delivery
1906,2024-01-05,East,Fashion,Jacket,1,1395,0,1395.0,309.35,UPI
1907,2024-10-02,West,Fashion,Jacket,4,4708,0,18832.0,4848.51,UPI
1908,2024-12-22,North,Electronics,Smart Watch,3,3383,20,8119.2,1393.2,Card
1909,2024-05-23,West,Electronics,Laptop,3,1880,15,4794.0,488.38,UPI
1910,2024-07-04,North,Home,Table,5,2783,5,13219.25,1941.27,Net Banking
1911,2024-02-26,West,Electronics,Headphones,5,2012,0,10060.0,1400.53,Net Banking
1912,2024-02-03,South,Home,Sofa,5,1887,20,7548.0,1769.52,Card
1913,2024-04-08,North,Books,Biography,2,2426,20,3881.6,1052.29,Cash on Delivery
1914,2024-08-09,West,Electronics,Headphones,1,3798,0,3798.0,1028.39,Cash on Delivery
1915,2024-04-24,North,Sports,Tennis Racket,5,4122,15,17518.5,3018.34,UPI
1916,2024-06-20,West,Electronics,Headphones,5,3977,10,17896.5,1808.12,Card
1917,2024-06-08,South,Electronics,Laptop,4,909,5,3454.2,481.43,Cash on Delivery
1918,2024-05-08,North,Electronics,Laptop,4,3838,0,15352.0,3354.51,Cash on Delivery
1919,2024-02-07,West,Fashion,Shirt,2,3091,0,6182.0,1634.07,Card
1920,2024-07-12,North,Books,Dictionary,4,1322,0,5288.0,1559.46,UPI
1921,2024-02-03,South,Home,Chair,1,3920,0,3920.0,628.35,Net Banking
1922,2024-04-29,North,Electronics,Laptop,3,3424,15,8731.2,1040.46,Net Banking
1923,2024-06-22,West,Books,Novel,4,4102,15,13946.8,3849.14,UPI
1924,2024-10-30,East,Electronics,Smart Watch,5,1876,0,9380.0,1130.65,UPI
1925,2024-04-05,East,Fashion,Jeans,3,3748,15,9557.4,2340.84,Net Banking
1926,2024-06-08,North,Fashion,Jeans,1,1345,10,1210.5,262.56,Cash on Delivery
1927,2024-01-05,South,Books,Biography,4,2828,20,9049.6,1525.58,Cash on Delivery
1928,2024-06-25,North,Books,Biography,2,4454,20,7126.4,1936.53,Net Banking
1929,2024-11-03,South,Fashion,Jeans,1,3097,5,2942.15,687.2,Net Banking
1930,2024-09-10,East,Home,Lamp,4,2992,5,11369.6,1375.38,UPI
1931,2024-06-18,South,Fashion,Shirt,2,4121,20,6593.6,940.43,Net Banking
1932,2024-01-16,West,Sports,Cricket Bat,2,355,10,639.0,65.16,Cash on Delivery
1933,2024-01-23,South,Books,Novel,3,3907,5,11134.95,2519.47,Cash on Delivery
1934,2024-06-22,South,Electronics,Mobile,3,1726,5,4919.1,1362.97,Card
1935,2024-01-11,South,Books,Biography,2,476,5,904.4,242.9,UPI
1936,2024-07-09,North,Fashion,Jacket,3,2022,10,5459.4,1044.06,Cash on Delivery
1937,2024-09-29,North,Fashion,Jacket,1,1483,5,1408.85,364.86,Card
1938,2024-10-01,East,Sports,Tennis Racket,5,3818,5,18135.5,5154.16,Card
1939,2024-04-17,East,Home,Table,2,736,10,1324.8,363.75,Net Banking
1940,2024-09-12,North,Electronics,Smart Watch,2,4466,15,7592.2,1900.04,Cash on Delivery
1941,2024-08-30,South,Books,Dictionary,3,3362,20,8068.8,1927.65,Net Banking
1942,2024-07-21,North,Home,Sofa,2,2098,5,3986.2,759.04,Card
1943,2024-05-10,West,Fashion,Shoes,4,4980,5,18924.0,5433.08,Cash on Delivery
1944,2024-10-25,South,Books,Novel,1,2717,15,2309.45,470.58,Card
1945,2024-09-11,East,Electronics,Smart Watch,4,3995,15,13583.0,2533.24,Cash on Delivery
1946,2024-07-02,West,Home,Lamp,1,1771,15,1505.35,220.92,UPI
1947,2024-01-20,North,Electronics,Headphones,3,2165,0,6495.0,803.55,Cash on Delivery
1948,2024-04-07,East,Books,Biography,2,2997,10,5394.6,866.07,Cash on Delivery
1949,2024-07-26,East,Books,Biography,1,2753,10,2477.7,655.26,Net Banking
1950,2024-08-30,West,Books,Novel,5,1522,15,6468.5,941.27,Card
1951,2024-12-23,West,Fashion,Jacket,3,1003,10,2708.1,728.91,Net Banking
1952,2024-06-05,West,Sports,Cricket Bat,4,4874,0,19496.0,3410.63,Card
1953,2024-12-19,East,Electronics,Smart Watch,3,2147,15,5474.85,1013.63,Net Banking
1954,2024-03-19,East,Books,Comics,5,490,20,1960.0,503.86,Card
1955,2024-08-31,West,Home,Sofa,2,3500,0,7000.0,1448.29,Card
1956,2024-01-17,West,Electronics,Headphones,3,1063,5,3029.55,366.16,Card
1957,2024-05-25,North,Books,Dictionary,2,1930,0,3860.0,1089.56,Net Banking
1958,2024-03-28,East,Fashion,Jeans,5,873,15,3710.25,413.66,UPI
1959,2024-02-05,West,Home,Sofa,2,1207,5,2293.3,475.38,Net Banking
1960,2024-03-22,South,Sports,Cricket Bat,2,2837,15,4822.9,1271.22,Net Banking
1961,2024-08-16,South,Books,Comics,5,4059,10,18265.5,2563.39,Card
1962,2024-08-24,South,Electronics,Smart Watch,5,2994,20,11976.0,3303.55,Net Banking
1963,2024-07-19,North,Books,Novel,3,4038,10,10902.6,2617.31,Cash on Delivery
1964,2024-07-15,West,Books,Biography,2,1771,20,2833.6,698.9,Net Banking
1965,2024-12-07,West,Fashion,Shirt,1,2263,5,2149.85,332.7,Cash on Delivery
1966,2024-02-23,West,Electronics,Mobile,4,4828,0,19312.0,5775.51,UPI
1967,2024-08-24,West,Books,Comics,4,1650,10,5940.0,840.36,UPI
1968,2024-01-20,West,Electronics,Laptop,4,3115,15,10591.0,2871.8,Net Banking
1969,2024-02-12,North,Electronics,Headphones,2,2979,15,5064.3,997.42,UPI
1970,2024-01-10,West,Books,Biography,2,4156,10,7480.8,2007.19,Card
1971,2024-02-09,South,Books,Novel,3,1317,20,3160.8,784.79,Card
1972,2024-12-11,South,Electronics,Headphones,4,3233,5,12285.4,1760.92,UPI
1973,2024-08-15,West,Books,Biography,1,4583,0,4583.0,816.34,Cash on Delivery
1974,2024-04-12,North,Electronics,Laptop,4,1952,5,7417.6,1297.55,Card
1975,2024-04-22,West,Electronics,Laptop,1,419,10,377.1,99.59,UPI
1976,2024-06-14,South,Electronics,Mobile,1,3705,20,2964.0,360.23,Cash on Delivery
1977,2024-02-24,South,Books,Biography,5,3536,15,15028.0,1865.89,Card
1978,2024-08-22,South,Home,Lamp,1,3594,10,3234.6,331.21,Card
1979,2024-07-29,East,Fashion,Shirt,5,3322,0,16610.0,1884.67,Card
1980,2024-11-03,North,Home,Sofa,5,4962,5,23569.5,3544.57,UPI
1981,2024-02-04,South,Home,Sofa,3,1736,10,4687.2,1385.56,Net Banking
1982,2024-04-29,West,Home,Chair,4,4486,5,17046.8,3421.02,UPI
1983,2024-03-11,East,Electronics,Laptop,2,3810,5,7239.0,1621.2,UPI
1984,2024-05-01,East,Home,Sofa,2,1542,15,2621.4,369.3,UPI
1985,2024-09-23,East,Books,Dictionary,2,2578,10,4640.4,1061.35,UPI
1986,2024-12-06,North,Sports,Tennis Racket,2,3013,10,5423.4,805.1,UPI
1987,2024-02-03,West,Fashion,Jeans,5,2934,5,13936.5,2626.64,UPI
1988,2024-10-30,South,Sports,Football,1,1459,5,1386.05,173.41,Card
1989,2024-03-25,South,Books,Biography,5,940,15,3995.0,978.77,Cash on Delivery
1990,2024-11-21,West,Fashion,Jeans,2,2339,10,4210.2,661.3,Net Banking
1991,2024-08-13,West,Fashion,Shoes,1,3245,15,2758.25,484.19,Net Banking
1992,2024-06-02,South,Sports,Gym Bag,4,462,15,1570.8,291.35,UPI
1993,2024-07-11,South,Books,Biography,3,3416,15,8710.8,1403.91,Cash on Delivery
1994,2024-01-03,North,Books,Dictionary,3,1419,15,3618.45,503.48,Card
1995,2024-07-15,West,Electronics,Headphones,4,3706,15,12600.4,3705.76,Cash on Delivery
1996,2024-04-09,North,Sports,Tennis Racket,4,618,0,2472.0,437.46,Card
1997,2024-08-05,East,Sports,Tennis Racket,5,4302,10,19359.0,4632.44,Net Banking
1998,2024-05-13,West,Fashion,Jeans,1,3260,0,3260.0,780.75,Card
1999,2024-01-07,South,Books,Dictionary,3,2326,20,5582.4,1203.95,Card
2000,2024-03-25,West,Electronics,Laptop,4,958,20,3065.6,864.47,Net Banking
2001,2024-02-15,East,Sports,Tennis Racket,5,4667,15,19834.75,4308.42,Net Banking
2002,2024-03-27,South,Electronics,Headphones,3,2016,15,5140.8,1232.77,UPI
2003,2024-08-08,North,Sports,Football,1,3722,20,2977.6,546.0,Cash on Delivery
2004,2024-08-18,East,Fashion,Jeans,2,1400,5,2660.0,524.8,UPI
2005,2024-05-12,South,Books,Biography,2,783,5,1487.7,389.53,Card
2006,2024-05-21,North,Sports,Gym Bag,2,953,10,1715.4,200.94,UPI
2007,2024-01-05,North,Electronics,Headphones,5,2223,15,9447.75,1861.57,UPI
2008,2024-07-11,North,Electronics,Headphones,5,642,0,3210.0,456.51,UPI
2009,2024-12-15,West,Books,Comics,4,3060,20,9792.0,1820.24,Cash on Delivery
2010,2024-06-18,South,Home,Lamp,3,3564,15,9088.2,2019.05,Cash on Delivery
2011,2024-12-24,West,Electronics,Laptop,4,1437,0,5748.0,1266.75,Cash on Delivery
2012,2024-01-02,West,Fashion,Shoes,5,4192,20,16768.0,3062.26,Card
2013,2024-07-23,East,Home,Chair,1,2966,15,2521.1,369.87,Net Banking
2014,2024-11-06,East,Books,Novel,4,4200,0,16800.0,4147.17,Cash on Delivery
2015,2024-03-27,North,Fashion,Jeans,2,4379,0,8758.0,1403.64,Net Banking
2016,2024-02-24,West,Sports,Football,5,2273,5,10796.75,1536.68,UPI
2017,2024-12-06,South,Sports,Football,3,3441,10,9290.7,1338.56,Cash on Delivery
2018,2024-04-24,South,Sports,Football,5,4330,0,21650.0,5609.69,Cash on Delivery
2019,2024-04-29,East,Books,Novel,4,3426,20,10963.2,3214.95,Net Banking
2020,2024-02-29,North,Fashion,Shoes,3,1018,0,3054.0,359.85,Card
2021,2024-02-01,South,Books,Comics,3,3414,20,8193.6,2026.96,Cash on Delivery
2022,2024-09-23,West,Books,Biography,4,2918,10,10504.8,2726.03,Card
2023,2024-03-15,North,Books,Biography,4,375,20,1200.0,324.57,Cash on Delivery
2024,2024-11-02,West,Home,Table,4,1507,20,4822.4,755.57,UPI
2025,2024-01-31,North,Home,Lamp,3,4218,5,12021.3,2392.3,Net Banking
2026,2024-06-02,South,Home,Table,2,730,5,1387.0,376.37,Net Banking
2027,2024-07-19,West,Fashion,Shirt,3,3760,15,9588.0,2857.83,Net Banking
2028,2024-10-24,East,Electronics,Headphones,2,4789,15,8141.3,972.59,Cash on Delivery
2029,2024-03-15,West,Electronics,Headphones,2,1426,15,2424.2,579.85,Cash on Delivery
2030,2024-07-11,South,Fashion,Jeans,1,3267,20,2613.6,314.65,Card
2031,2024-03-01,North,Sports,Cricket Bat,1,3212,15,2730.2,371.11,UPI
2032,2024-07-22,West,Books,Comics,2,3609,5,6857.1,732.33,Card
2033,2024-05-20,South,Sports,Tennis Racket,4,1034,15,3515.6,959.69,Net Banking
2034,2024-01-12,North,Sports,Tennis Racket,1,1255,0,1255.0,156.13,Card
2035,2024-06-01,East,Books,Dictionary,1,1783,15,1515.55,298.32,Net Banking
2036,2024-07-20,North,Books,Biography,3,820,20,1968.0,269.57,UPI
2037,2024-12-03,North,Books,Dictionary,5,4715,0,23575.0,5910.29,Card
2038,2024-01-21,South,Electronics,Mobile,1,4844,15,4117.4,1070.95,UPI
2039,2024-02-13,South,Fashion,Jeans,1,4907,10,4416.3,1193.68,UPI
2040,2024-05-07,East,Electronics,Headphones,5,1705,15,7246.25,2140.69,UPI
2041,2024-09-24,East,Home,Chair,5,3944,5,18734.0,4035.57,Cash on Delivery
2042,2024-04-20,North,Home,Table,1,2242,0,2242.0,308.53,Cash on Delivery
2043,2024-05-13,East,Fashion,Jeans,3,1352,20,3244.8,598.35,Cash on Delivery
2044,2024-10-01,West,Sports,Cricket Bat,4,982,10,3535.2,831.85,Card
2045,2024-08-02,East,Fashion,Shirt,2,3348,20,5356.8,1239.9,Card
2046,2024-03-04,West,Fashion,Shoes,4,512,20,1638.4,244.94,Cash on Delivery
2047,2024-05-19,West,Books,Novel,1,2998,0,2998.0,517.35,Cash on Delivery
2048,2024-07-12,East,Fashion,Jeans,1,1102,15,936.7,277.17,Card
2049,2024-02-18,South,Electronics,Laptop,5,2811,20,11244.0,2971.44,Net Banking
2050,2024-03-28,East,Books,Comics,5,2520,20,10080.0,1207.72,UPI
2051,2024-09-01,South,Home,Sofa,3,4655,20,11172.0,2445.81,Net Banking
2052,2024-07-12,East,Books,Biography,1,4507,5,4281.65,991.26,Card
2053,2024-04-03,North,Books,Comics,3,2340,20,5616.0,1031.37,Net Banking
2054,2024-06-05,West,Sports,Tennis Racket,5,2649,10,11920.5,3463.18,Card
2055,2024-02-17,West,Electronics,Headphones,3,1038,0,3114.0,359.16,Card
2056,2024-08-05,North,Fashion,Shirt,3,4839,15,12339.45,3228.86,UPI
2057,2024-01-08,West,Books,Biography,4,4518,20,14457.6,3463.7,Net Banking
2058,2024-11-06,North,Books,Biography,4,4677,10,16837.2,2506.14,UPI
2059,2024-01-27,South,Sports,Cricket Bat,2,915,10,1647.0,441.2,Cash on Delivery
2060,2024-10-03,West,Sports,Gym Bag,2,3357,0,6714.0,1125.21,Card
2061,2024-04-21,East,Electronics,Headphones,4,2704,10,9734.4,1388.25,Net Banking
2062,2024-06-17,West,Home,Chair,5,4299,0,21495.0,3678.84,Net Banking
2063,2024-02-21,North,Home,Lamp,1,3164,5,3005.8,542.29,UPI
2064,2024-03-04,South,Sports,Gym Bag,1,4634,20,3707.2,1036.91,Net Banking
2065,2024-07-05,South,Sports,Football,3,2152,15,5487.6,982.67,Cash on Delivery
2066,2024-08-10,East,Sports,Cricket Bat,1,3892,15,3308.2,437.9,Cash on Delivery
2067,2024-08-03,South,Electronics,Headphones,1,1852,10,1666.8,180.1,Net Banking
2068,2024-10-08,South,Home,Chair,2,4226,10,7606.8,941.41,Net Banking
2069,2024-01-11,East,Sports,Cricket Bat,4,4411,15,14997.4,1893.92,UPI
2070,2024-08-07,East,Fashion,Jeans,5,411,5,1952.25,215.54,Cash on Delivery
2071,2024-05-06,West,Books,Novel,4,2671,10,9615.6,1896.06,Net Banking
2072,2024-12-07,South,Books,Biography,2,2603,0,5206.0,1420.37,Card
2073,2024-04-27,West,Sports,Cricket Bat,1,4415,20,3532.0,481.19,Card
2074,2024-01-10,West,Electronics,Mobile,1,2543,5,2415.85,690.5,Net Banking
2075,2024-04-23,North,Books,Biography,1,3415,15,2902.75,595.05,Card
2076,2024-02-26,West,Home,Sofa,1,4476,15,3804.6,870.4,Cash on Delivery
2077,2024-04-03,East,Home,Lamp,3,3724,5,10613.4,1740.26,UPI
2078,2024-08-08,North,Electronics,Laptop,3,2036,10,5497.2,1068.72,UPI
2079,2024-12-15,West,Fashion,Shoes,3,3038,10,8202.6,1003.22,UPI
2080,2024-05-01,East,Books,Biography,3,3260,20,7824.0,1609.96,Cash on Delivery
2081,2024-01-22,West,Home,Table,1,1171,5,1112.45,251.32,UPI
2082,2024-06-03,South,Books,Biography,4,1108,0,4432.0,1278.03,Cash on Delivery
2083,2024-10-13,South,Sports,Cricket Bat,1,1347,5,1279.65,235.0,Cash on Delivery
2084,2024-03-26,West,Home,Lamp,1,3872,0,3872.0,761.1,UPI
2085,2024-07-22,South,Books,Comics,3,672,20,1612.8,180.89,Card
2086,2024-07-24,South,Sports,Football,4,4472,15,15204.8,3231.02,Net Banking
2087,2024-09-19,South,Books,Comics,2,329,5,625.1,134.01,UPI
2088,2024-04-24,East,Sports,Tennis Racket,2,2727,10,4908.6,1032.92,Card
2089,2024-01-27,East,Electronics,Mobile,1,1513,10,1361.7,388.7,Cash on Delivery
2090,2024-02-12,North,Fashion,Jeans,1,3146,20,2516.8,741.06,Cash on Delivery
2091,2024-07-01,South,Books,Comics,4,2715,10,9774.0,2903.39,UPI
2092,2024-12-18,South,Fashion,Shoes,3,428,20,1027.2,237.76,UPI
2093,2024-03-20,South,Sports,Tennis Racket,4,2107,10,7585.2,1166.29,Net Banking
2094,2024-08-23,West,Sports,Cricket Bat,3,1515,15,3863.25,458.72,Card
2095,2024-06-07,South,Fashion,Jeans,5,4318,5,20510.5,4707.42,UPI
2096,2024-05-05,West,Fashion,Jeans,5,1838,0,9190.0,1182.79,Net Banking
2097,2024-07-15,North,Sports,Gym Bag,5,1424,0,7120.0,1571.09,Net Banking
2098,2024-03-14,North,Electronics,Laptop,1,1382,5,1312.9,333.51,Cash on Delivery
2099,2024-04-13,North,Books,Novel,1,4743,10,4268.7,1154.87,UPI
2100,2024-01-29,West,Fashion,Jacket,2,2818,10,5072.4,993.08,Card
2101,2024-09-18,North,Books,Comics,1,664,0,664.0,138.73,UPI
2102,2024-06-29,North,Sports,Cricket Bat,2,496,5,942.4,174.75,Card
2103,2024-02-22,West,Home,Table,1,4328,5,4111.6,1225.89,Card
2104,2024-01-23,North,Home,Lamp,5,3033,0,15165.0,2609.88,UPI
2105,2024-03-17,South,Books,Biography,4,4645,10,16722.0,3677.54,Net Banking
2106,2024-12-30,East,Home,Lamp,1,2520,15,2142.0,497.69,Cash on Delivery
2107,2024-02-04,South,Electronics,Laptop,2,2923,5,5553.7,989.22,Net Banking
2108,2024-07-16,East,Electronics,Smart Watch,2,1040,10,1872.0,559.64,Card
2109,2024-03-11,West,Home,Lamp,4,4242,15,14422.8,3178.04,Cash on Delivery
2110,2024-07-15,West,Fashion,Jacket,5,4372,20,17488.0,3615.72,Card
2111,2024-07-04,South,Electronics,Smart Watch,1,2226,10,2003.4,201.49,UPI
2112,2024-05-30,South,Books,Dictionary,1,788,10,709.2,122.1,Card
2113,2024-03-01,West,Sports,Cricket Bat,2,2026,5,3849.4,427.95,Card
2114,2024-09-01,North,Fashion,Jacket,4,3344,0,13376.0,3213.99,UPI
2115,2024-01-07,North,Books,Biography,2,3292,5,6254.8,724.3,UPI
2116,2024-08-28,South,Books,Dictionary,2,4148,5,7881.2,1967.32,Cash on Delivery
2117,2024-11-05,West,Sports,Tennis Racket,1,2649,0,2649.0,347.49,UPI
2118,2024-10-19,North,Fashion,Jeans,4,3770,15,12818.0,2702.43,Cash on Delivery
2119,2024-03-05,South,Books,Comics,4,1584,10,5702.4,1680.07,Net Banking
2120,2024-12-20,North,Fashion,Jacket,2,3513,5,6674.7,1765.46,UPI
2121,2024-11-27,East,Sports,Gym Bag,4,3416,5,12980.8,1440.02,Cash on Delivery
2122,2024-01-15,East,Sports,Cricket Bat,1,1155,0,1155.0,199.28,Cash on Delivery
2123,2024-06-07,South,Fashion,Shoes,5,1172,0,5860.0,834.36,UPI
2124,2024-10-15,North,Fashion,Jeans,2,2505,0,5010.0,1479.62,UPI
2125,2024-05-24,North,Sports,Football,3,1063,10,2870.1,291.88,Cash on Delivery
2126,2024-06-18,East,Sports,Cricket Bat,4,3215,5,12217.0,2938.57,UPI
2127,2024-05-28,South,Sports,Football,1,3430,15,2915.5,633.46,UPI
2128,2024-03-23,West,Fashion,Jeans,1,1064,5,1010.8,279.87,Card
2129,2024-01-21,West,Books,Comics,2,3077,10,5538.6,952.99,Net Banking
2130,2024-02-19,South,Sports,Cricket Bat,5,914,5,4341.5,926.39,Net Banking
2131,2024-03-27,East,Electronics,Mobile,5,1014,15,4309.5,512.07,Cash on Delivery
2132,2024-12-29,North,Home,Table,3,3276,10,8845.2,1042.37,Card
2133,2024-01-21,West,Sports,Tennis Racket,3,3921,5,11174.85,3217.98,Net Banking
2134,2024-07-10,West,Home,Lamp,4,1356,15,4610.4,799.2,Cash on Delivery
2135,2024-05-05,West,Electronics,Smart Watch,3,649,20,1557.6,460.25,UPI
2136,2024-02-07,South,Books,Novel,1,2681,15,2278.85,299.99,Net Banking
2137,2024-02-25,West,Fashion,Jacket,1,3158,15,2684.3,519.94,Net Banking
2138,2024-06-11,North,Electronics,Mobile,4,3848,5,14622.4,2636.48,UPI
2139,2024-08-28,South,Home,Sofa,4,1236,10,4449.6,849.5,Card
2140,2024-07-04,East,Fashion,Jeans,5,556,20,2224.0,566.77,UPI
2141,2024-05-18,South,Sports,Gym Bag,1,2032,0,2032.0,590.35,Net Banking
2142,2024-12-30,North,Home,Table,2,867,10,1560.6,282.49,Cash on Delivery
2143,2024-06-24,South,Sports,Gym Bag,3,1807,0,5421.0,642.32,Net Banking
2144,2024-12-22,South,Home,Table,3,3733,15,9519.15,1857.19,Card
2145,2024-06-14,West,Sports,Tennis Racket,1,4894,20,3915.2,547.0,Card
2146,2024-12-11,South,Home,Chair,4,1508,15,5127.2,1399.01,UPI
2147,2024-01-19,North,Sports,Tennis Racket,4,1329,15,4518.6,1029.26,UPI
2148,2024-04-17,West,Fashion,Jeans,5,1660,20,6640.0,1165.4,Cash on Delivery
2149,2024-12-24,East,Fashion,Shirt,3,432,10,1166.4,325.81,UPI
2150,2024-09-24,West,Sports,Gym Bag,4,3181,10,11451.6,3041.97,Net Banking
2151,2024-10-04,South,Home,Chair,4,3809,10,13712.4,1856.37,Card
2152,2024-02-14,East,Sports,Gym Bag,4,2620,20,8384.0,2411.07,UPI
2153,2024-11-20,North,Electronics,Laptop,5,3669,0,18345.0,3655.81,UPI
2154,2024-02-28,East,Sports,Football,4,2035,5,7733.0,1974.82,Net Banking
2155,2024-01-04,North,Fashion,Jacket,3,4100,15,10455.0,2944.11,Net Banking
2156,2024-12-10,East,Home,Table,3,2466,10,6658.2,1782.38,Net Banking
2157,2024-09-22,West,Fashion,Shirt,1,427,0,427.0,55.8,Cash on Delivery
2158,2024-04-08,East,Books,Comics,2,4987,15,8477.9,1257.83,Net Banking
2159,2024-03-29,North,Books,Dictionary,5,3815,5,18121.25,5216.72,Net Banking
2160,2024-09-15,South,Sports,Tennis Racket,4,2192,0,8768.0,2121.9,Card
2161,2024-01-14,East,Electronics,Smart Watch,5,1602,10,7209.0,1014.68,UPI
2162,2024-03-07,South,Sports,Football,1,4753,0,4753.0,1018.85,UPI
2163,2024-07-12,South,Sports,Tennis Racket,2,2116,10,3808.8,528.53,Card
2164,2024-02-26,East,Home,Chair,1,1477,0,1477.0,336.28,UPI
2165,2024-02-09,North,Sports,Football,2,2613,10,4703.4,1311.88,UPI
2166,2024-02-07,South,Sports,Tennis Racket,4,1124,15,3821.6,990.13,Net Banking
2167,2024-03-23,South,Sports,Football,4,3374,10,12146.4,2753.71,Net Banking
2168,2024-06-24,North,Fashion,Shoes,2,4947,20,7915.2,2144.72,UPI
2169,2024-11-06,North,Home,Sofa,2,4574,10,8233.2,2349.07,Card
2170,2024-06-16,South,Electronics,Laptop,2,3289,0,6578.0,1839.96,UPI
2171,2024-06-27,North,Fashion,Jeans,2,2492,10,4485.6,880.59,UPI
2172,2024-05-08,West,Books,Comics,4,3872,20,12390.4,3584.16,Card
2173,2024-03-25,East,Fashion,Jeans,4,1142,20,3654.4,945.14,Cash on Delivery
2174,2024-11-14,West,Fashion,Jacket,4,3771,20,12067.2,3009.75,Cash on Delivery
2175,2024-08-18,West,Electronics,Smart Watch,2,4946,10,8902.8,1556.14,UPI
2176,2024-07-22,East,Fashion,Shirt,5,3657,10,16456.5,3633.21,Cash on Delivery
2177,2024-04-20,South,Electronics,Laptop,3,3817,5,10878.45,1866.19,UPI
2178,2024-06-17,South,Home,Lamp,3,1301,0,3903.0,638.99,UPI
2179,2024-09-26,East,Fashion,Jacket,2,4900,0,9800.0,1735.76,Card
2180,2024-12-15,East,Fashion,Shirt,5,912,20,3648.0,1016.09,Net Banking
2181,2024-01-24,East,Sports,Tennis Racket,2,1914,0,3828.0,997.37,Net Banking
2182,2024-05-01,North,Home,Sofa,1,4009,5,3808.55,838.97,Net Banking
2183,2024-01-19,East,Books,Novel,1,338,15,287.3,45.07,Net Banking
2184,2024-06-03,East,Books,Novel,1,868,15,737.8,87.82,Net Banking
2185,2024-11-09,East,Home,Lamp,4,953,20,3049.6,777.41,Net Banking
2186,2024-01-15,East,Electronics,Smart Watch,4,4341,0,17364.0,4664.23,UPI
2187,2024-04-25,North,Fashion,Shirt,2,1161,10,2089.8,569.01,Net Banking
2188,2024-05-12,South,Fashion,Shirt,3,4703,0,14109.0,4046.77,UPI
2189,2024-05-18,North,Electronics,Laptop,3,914,10,2467.8,409.32,Net Banking
2190,2024-11-22,West,Fashion,Jeans,1,1334,10,1200.6,327.02,Net Banking
2191,2024-09-04,South,Sports,Football,5,4215,15,17913.75,5289.39,Cash on Delivery
2192,2024-12-03,East,Fashion,Shirt,3,978,10,2640.6,559.02,Card
2193,2024-08-27,North,Fashion,Shirt,4,793,5,3013.4,309.25,Card
2194,2024-06-08,West,Sports,Cricket Bat,1,3088,5,2933.6,770.95,Cash on Delivery
2195,2024-11-13,North,Sports,Cricket Bat,2,2092,10,3765.6,666.94,Net Banking
2196,2024-10-22,West,Books,Biography,2,862,10,1551.6,286.45,Cash on Delivery
2197,2024-04-05,West,Electronics,Mobile,1,1202,5,1141.9,117.98,Net Banking
2198,2024-06-30,West,Home,Chair,5,4008,10,18036.0,2761.6,UPI
2199,2024-08-13,South,Sports,Cricket Bat,4,4413,15,15004.2,3024.63,UPI
2200,2024-07-25,North,Home,Lamp,1,3433,15,2918.05,404.99,Card
2201,2024-02-26,West,Fashion,Shoes,5,3851,0,19255.0,4548.65,Card
2202,2024-05-21,North,Fashion,Shirt,1,2480,5,2356.0,266.63,UPI
2203,2024-09-10,West,Fashion,Jacket,4,1129,5,4290.2,1058.76,Cash on Delivery
2204,2024-02-18,South,Fashion,Jeans,3,2659,20,6381.6,1005.71,UPI
2205,2024-04-05,East,Fashion,Jacket,2,1694,10,3049.2,720.49,Card
2206,2024-05-15,South,Home,Sofa,1,4187,15,3558.95,593.67,Card
2207,2024-05-06,North,Electronics,Mobile,5,3184,15,13532.0,2931.46,Net Banking
2208,2024-03-16,North,Sports,Football,1,4947,10,4452.3,1189.08,Card
2209,2024-12-05,East,Electronics,Laptop,3,4007,15,10217.85,2523.43,Cash on Delivery
2210,2024-09-22,East,Sports,Tennis Racket,4,411,10,1479.6,237.07,Cash on Delivery
2211,2024-04-22,North,Books,Dictionary,3,4554,0,13662.0,1770.32,Net Banking
2212,2024-07-03,West,Fashion,Shoes,1,2301,20,1840.8,456.89,Net Banking
2213,2024-09-26,South,Fashion,Shirt,4,1184,10,4262.4,1173.99,Net Banking
2214,2024-06-07,East,Fashion,Shoes,3,3503,20,8407.2,1542.38,Cash on Delivery
2215,2024-05-27,East,Fashion,Shirt,5,1307,15,5554.75,1439.05,Cash on Delivery
2216,2024-11-15,West,Electronics,Laptop,2,4120,5,7828.0,1601.9,Cash on Delivery
2217,2024-08-20,East,Books,Biography,4,2661,0,10644.0,2766.98,UPI
2218,2024-08-08,East,Electronics,Mobile,5,1311,0,6555.0,1295.75,UPI
2219,2024-02-14,North,Home,Chair,3,1428,10,3855.6,1063.16,Card
2220,2024-06-30,South,Home,Table,4,961,10,3459.6,497.39,Net Banking
2221,2024-03-29,West,Fashion,Jacket,4,1103,10,3970.8,1127.86,Cash on Delivery
2222,2024-10-10,East,Books,Dictionary,5,1440,5,6840.0,1026.03,Net Banking
2223,2024-10-06,East,Fashion,Shoes,1,2735,20,2188.0,624.51,Net Banking
2224,2024-09-14,West,Fashion,Jacket,1,1435,20,1148.0,216.26,Cash on Delivery
2225,2024-01-15,East,Home,Sofa,4,4121,15,14011.4,4095.38,Net Banking
2226,2024-10-24,West,Books,Novel,1,1451,20,1160.8,326.61,Card
2227,2024-07-20,South,Books,Comics,5,4750,20,19000.0,5235.66,UPI
2228,2024-01-29,North,Fashion,Jacket,4,4543,15,15446.2,4137.1,UPI
2229,2024-02-01,East,Home,Chair,5,1097,10,4936.5,1051.91,Cash on Delivery
2230,2024-03-10,South,Electronics,Laptop,5,1480,20,5920.0,1468.66,Net Banking
2231,2024-02-28,East,Fashion,Jeans,3,352,15,897.6,201.72,Card
2232,2024-02-23,South,Electronics,Laptop,5,1291,20,5164.0,616.44,Card
2233,2024-04-04,West,Sports,Football,4,755,0,3020.0,483.15,Net Banking
2234,2024-04-04,West,Fashion,Shoes,5,1309,15,5563.25,719.05,UPI
2235,2024-05-28,South,Fashion,Jeans,5,4778,5,22695.5,4430.88,Cash on Delivery
2236,2024-08-25,East,Electronics,Smart Watch,3,3504,15,8935.2,2140.25,UPI
2237,2024-01-06,South,Sports,Gym Bag,1,2621,15,2227.85,276.31,Net Banking
2238,2024-03-12,North,Books,Comics,5,3941,0,19705.0,5549.35,Cash on Delivery
2239,2024-06-27,East,Sports,Gym Bag,1,1596,10,1436.4,287.46,Card
2240,2024-08-23,North,Books,Dictionary,2,1540,10,2772.0,640.85,Cash on Delivery
2241,2024-11-06,East,Fashion,Shoes,4,858,15,2917.2,511.4,Net Banking
2242,2024-02-04,South,Fashion,Shoes,3,3151,20,7562.4,1690.16,Net Banking
2243,2024-06-14,South,Electronics,Laptop,2,1090,0,2180.0,435.75,Net Banking
2244,2024-11-09,North,Fashion,Jeans,2,3446,15,5858.2,1666.51,UPI
2245,2024-03-30,North,Home,Chair,1,3917,10,3525.3,780.17,UPI
2246,2024-05-09,West,Home,Chair,4,1391,20,4451.2,940.51,Card
2247,2024-02-14,East,Sports,Gym Bag,2,1948,5,3701.2,691.43,Card
2248,2024-07-27,North,Books,Novel,2,572,5,1086.8,302.85,Cash on Delivery
2249,2024-10-19,East,Books,Novel,2,4626,15,7864.2,1085.47,Card
2250,2024-08-06,East,Sports,Tennis Racket,5,4876,5,23161.0,6029.25,Net Banking
2251,2024-04-28,North,Sports,Football,2,4537,10,8166.6,981.48,Net Banking
2252,2024-02-04,North,Electronics,Headphones,2,2674,10,4813.2,857.16,Cash on Delivery
2253,2024-07-23,North,Fashion,Shoes,5,2277,20,9108.0,2608.18,Cash on Delivery
2254,2024-06-22,North,Books,Novel,5,4158,10,18711.0,4315.62,UPI
2255,2024-12-05,South,Sports,Tennis Racket,3,786,5,2240.1,315.51,Cash on Delivery
2256,2024-06-26,West,Electronics,Mobile,1,4919,20,3935.2,946.88,UPI
2257,2024-02-23,North,Electronics,Smart Watch,5,4222,5,20054.5,3090.43,UPI
2258,2024-01-11,South,Electronics,Smart Watch,3,3834,15,9776.7,1570.96,Card
2259,2024-07-17,South,Electronics,Laptop,5,3407,0,17035.0,3585.85,UPI
2260,2024-11-11,West,Sports,Cricket Bat,4,4801,5,18243.8,2246.12,UPI
2261,2024-10-28,South,Home,Lamp,3,3876,0,11628.0,1716.69,UPI
2262,2024-05-07,West,Electronics,Mobile,5,4953,0,24765.0,7384.62,UPI
2263,2024-06-28,North,Electronics,Laptop,2,3892,5,7394.8,1157.43,Cash on Delivery
2264,2024-02-09,East,Books,Biography,2,3558,15,6048.6,1400.35,UPI
2265,2024-10-09,West,Home,Table,3,2104,15,5365.2,1301.74,Cash on Delivery
2266,2024-07-29,East,Home,Table,3,4735,20,11364.0,1373.63,Cash on Delivery
2267,2024-06-05,East,Books,Dictionary,1,1967,5,1868.65,501.33,Card
2268,2024-11-28,North,Books,Biography,3,1462,0,4386.0,1296.42,Net Banking
2269,2024-06-02,North,Sports,Football,4,576,10,2073.6,322.64,Net Banking
2270,2024-07-15,East,Electronics,Laptop,5,3445,15,14641.25,1519.32,Net Banking
2271,2024-12-04,South,Sports,Football,2,3407,5,6473.3,1501.71,UPI
2272,2024-01-15,East,Home,Chair,1,3054,10,2748.6,720.27,Card
2273,2024-09-30,West,Home,Sofa,1,1194,20,955.2,169.66,Cash on Delivery
2274,2024-03-08,East,Sports,Gym Bag,2,3423,15,5819.1,1449.69,Card
2275,2024-01-20,East,Electronics,Headphones,1,2347,20,1877.6,298.85,Net Banking
2276,2024-10-18,East,Books,Comics,3,2352,20,5644.8,578.41,Cash on Delivery
2277,2024-01-19,South,Home,Lamp,4,4090,0,16360.0,3075.38,Net Banking
2278,2024-11-08,South,Home,Sofa,4,779,20,2492.8,717.35,Cash on Delivery
2279,2024-05-12,North,Books,Comics,4,1772,10,6379.2,1615.18,Cash on Delivery
2280,2024-02-28,South,Sports,Cricket Bat,2,1503,20,2404.8,555.98,Card
2281,2024-02-01,West,Electronics,Mobile,5,2899,0,14495.0,3053.83,Card
2282,2024-02-25,North,Home,Lamp,3,4727,0,14181.0,3121.46,Cash on Delivery
2283,2024-12-14,North,Electronics,Smart Watch,5,934,5,4436.5,624.7,Cash on Delivery
2284,2024-06-20,West,Sports,Football,3,1472,0,4416.0,730.0,Cash on Delivery
2285,2024-03-17,West,Sports,Tennis Racket,3,555,5,1581.75,274.69,Cash on Delivery
2286,2024-04-20,North,Books,Novel,5,2032,10,9144.0,1848.54,Cash on Delivery
2287,2024-10-16,South,Sports,Football,4,942,0,3768.0,1099.22,Card
2288,2024-06-11,North,Books,Dictionary,5,721,20,2884.0,560.84,Net Banking
2289,2024-04-28,East,Home,Table,2,2992,5,5684.8,1476.92,Cash on Delivery
2290,2024-10-13,North,Sports,Tennis Racket,2,3945,15,6706.5,1156.04,Cash on Delivery
2291,2024-10-18,East,Books,Novel,4,2187,15,7435.8,1912.94,Card
2292,2024-06-23,West,Fashion,Jeans,5,1431,20,5724.0,870.37,Cash on Delivery
2293,2024-11-19,North,Home,Chair,4,3749,20,11996.8,3558.85,Net Banking
2294,2024-02-21,West,Fashion,Jeans,1,1666,0,1666.0,306.09,Net Banking
2295,2024-08-04,West,Fashion,Shirt,1,1667,0,1667.0,210.83,Net Banking
2296,2024-10-29,West,Home,Table,5,2277,10,10246.5,1268.58,Cash on Delivery
2297,2024-08-11,North,Books,Novel,1,3207,15,2725.95,769.09,Net Banking
2298,2024-10-30,South,Home,Sofa,2,4472,0,8944.0,1166.76,UPI
2299,2024-02-19,West,Books,Comics,4,2925,15,9945.0,1346.0,Cash on Delivery
2300,2024-05-26,West,Fashion,Shoes,3,695,20,1668.0,339.5,Net Banking
2301,2024-08-08,East,Home,Sofa,2,1473,0,2946.0,774.2,Card
2302,2024-05-20,East,Books,Comics,1,3145,10,2830.5,376.79,Cash on Delivery
2303,2024-04-28,South,Sports,Gym Bag,2,2663,10,4793.4,1427.29,UPI
2304,2024-11-02,North,Home,Table,2,4823,20,7716.8,1936.71,UPI
2305,2024-08-15,North,Electronics,Mobile,4,511,10,1839.6,258.7,Net Banking
2306,2024-09-09,West,Books,Biography,3,1197,0,3591.0,678.27,Net Banking
2307,2024-02-08,South,Home,Chair,3,1254,10,3385.8,882.77,Card
2308,2024-12-27,East,Home,Table,3,4014,20,9633.6,2258.27,UPI
2309,2024-11-20,West,Home,Chair,1,4570,10,4113.0,567.92,UPI
2310,2024-08-28,South,Electronics,Mobile,5,3381,5,16059.75,3768.73,Cash on Delivery
2311,2024-09-21,South,Fashion,Jacket,4,2615,5,9937.0,1388.34,UPI
2312,2024-01-20,West,Fashion,Shirt,1,4319,20,3455.2,767.9,Card
2313,2024-06-02,West,Sports,Tennis Racket,5,2222,10,9999.0,1968.27,Card
2314,2024-05-31,West,Fashion,Shoes,4,3512,20,11238.4,1926.55,Net Banking
2315,2024-02-29,North,Electronics,Mobile,3,3737,15,9529.35,1573.1,Net Banking
2316,2024-09-07,East,Fashion,Jacket,1,3147,15,2674.95,644.57,Net Banking
2317,2024-02-01,South,Books,Dictionary,1,2683,10,2414.7,486.56,Net Banking
2318,2024-07-23,East,Books,Comics,3,3668,15,9353.4,2448.78,Net Banking
2319,2024-06-06,East,Home,Chair,4,2093,10,7534.8,1712.31,UPI
2320,2024-11-10,South,Sports,Gym Bag,5,1664,20,6656.0,940.09,UPI
2321,2024-07-13,South,Books,Comics,5,4721,0,23605.0,6846.77,UPI
2322,2024-10-01,East,Electronics,Headphones,5,819,0,4095.0,834.27,Cash on Delivery
2323,2024-07-30,West,Fashion,Jeans,2,2677,5,5086.3,1435.0,Cash on Delivery
2324,2024-09-05,North,Fashion,Jeans,1,464,20,371.2,44.73,Net Banking
2325,2024-01-18,East,Electronics,Mobile,3,498,5,1419.3,321.2,Card
2326,2024-02-07,West,Home,Chair,4,1374,10,4946.4,1347.38,UPI
2327,2024-10-28,North,Books,Dictionary,1,4737,20,3789.6,1075.47,UPI
2328,2024-05-20,East,Sports,Cricket Bat,3,3782,20,9076.8,2257.37,Cash on Delivery
2329,2024-04-23,North,Sports,Cricket Bat,3,4161,15,10610.55,1679.1,UPI
2330,2024-09-11,West,Sports,Tennis Racket,3,4668,20,11203.2,1668.41,UPI
2331,2024-04-28,North,Sports,Tennis Racket,4,2135,20,6832.0,2015.7,Net Banking
2332,2024-02-18,West,Sports,Tennis Racket,5,1192,10,5364.0,893.04,UPI
2333,2024-09-24,South,Books,Biography,4,2347,0,9388.0,1204.16,Net Banking
2334,2024-03-18,North,Books,Biography,4,2364,15,8037.6,1304.43,Cash on Delivery
2335,2024-10-06,West,Electronics,Headphones,1,2496,5,2371.2,595.19,Net Banking
2336,2024-02-23,South,Sports,Tennis Racket,3,4079,15,10401.45,2110.31,UPI
2337,2024-03-26,West,Sports,Football,2,411,5,780.9,159.29,UPI
2338,2024-03-12,North,Fashion,Jacket,1,3774,15,3207.9,430.32,Net Banking
2339,2024-12-12,West,Books,Dictionary,1,2730,0,2730.0,510.77,Cash on Delivery
2340,2024-11-10,East,Home,Lamp,5,1659,5,7880.25,1245.39,Card
2341,2024-03-25,West,Home,Lamp,4,2025,10,7290.0,2080.68,Card
2342,2024-01-03,North,Books,Dictionary,3,3710,5,10573.5,1375.29,UPI
2343,2024-11-15,South,Home,Table,1,4705,15,3999.25,664.7,UPI
2344,2024-04-08,North,Sports,Cricket Bat,3,4880,5,13908.0,2350.33,UPI
2345,2024-05-10,West,Home,Lamp,5,2804,10,12618.0,2837.79,Net Banking
2346,2024-04-01,North,Books,Biography,5,1548,0,7740.0,1905.06,Cash on Delivery
2347,2024-11-11,South,Home,Chair,5,3437,10,15466.5,3327.33,Cash on Delivery
2348,2024-03-14,South,Sports,Cricket Bat,1,2199,5,2089.05,247.07,Card
2349,2024-08-05,North,Fashion,Jacket,3,937,0,2811.0,358.11,Net Banking
2350,2024-07-16,East,Sports,Tennis Racket,5,1260,5,5985.0,1268.99,Net Banking
2351,2024-03-26,East,Sports,Tennis Racket,5,2896,20,11584.0,1339.57,Card
2352,2024-12-16,West,Home,Table,5,3917,15,16647.25,3979.02,Cash on Delivery
2353,2024-08-05,East,Electronics,Smart Watch,2,507,10,912.6,247.38,Cash on Delivery
2354,2024-09-26,West,Fashion,Jeans,3,1766,0,5298.0,737.31,Cash on Delivery
2355,2024-11-06,East,Fashion,Shirt,3,1070,10,2889.0,818.05,UPI
2356,2024-05-20,East,Home,Chair,4,3562,0,14248.0,4262.25,Cash on Delivery
2357,2024-01-20,West,Electronics,Laptop,5,4023,15,17097.75,2303.99,UPI
2358,2024-01-29,South,Home,Chair,2,1378,0,2756.0,506.87,UPI
2359,2024-12-01,East,Sports,Football,1,4757,10,4281.3,1270.18,Card
2360,2024-09-21,East,Books,Novel,3,1686,20,4046.4,989.05,Cash on Delivery
2361,2024-05-16,West,Electronics,Smart Watch,1,832,5,790.4,209.46,Card
2362,2024-03-29,West,Electronics,Mobile,1,2557,20,2045.6,285.85,Net Banking
2363,2024-10-16,East,Electronics,Headphones,5,3172,0,15860.0,2669.09,UPI
2364,2024-03-27,North,Sports,Football,1,1795,0,1795.0,246.15,UPI
2365,2024-03-08,East,Electronics,Mobile,4,965,5,3667.0,592.43,Card
2366,2024-07-30,West,Home,Chair,3,1758,10,4746.6,607.97,Cash on Delivery
2367,2024-05-15,East,Fashion,Jeans,2,1750,10,3150.0,478.39,Net Banking
2368,2024-11-19,East,Electronics,Smart Watch,5,3278,10,14751.0,3753.75,Net Banking
2369,2024-06-26,West,Fashion,Shirt,2,4706,20,7529.6,1070.2,Net Banking
2370,2024-05-12,East,Home,Table,5,4818,10,21681.0,2561.64,Card
2371,2024-08-31,East,Fashion,Jacket,1,1244,20,995.2,230.55,Card
2372,2024-06-14,East,Fashion,Jacket,3,4918,15,12540.9,2905.24,UPI
2373,2024-04-05,North,Electronics,Headphones,2,3752,15,6378.4,1064.83,UPI
2374,2024-11-11,South,Home,Lamp,4,4779,5,18160.2,4547.48,Net Banking
2375,2024-09-04,West,Sports,Gym Bag,4,2295,10,8262.0,2021.5,Cash on Delivery
2376,2024-10-22,North,Sports,Tennis Racket,2,4453,0,8906.0,1640.46,Cash on Delivery
2377,2024-10-17,South,Sports,Football,5,1663,10,7483.5,2075.32,Card
2378,2024-06-26,East,Fashion,Jeans,1,1040,10,936.0,242.02,Card
2379,2024-06-03,South,Sports,Gym Bag,4,306,5,1162.8,162.89,Card
2380,2024-03-19,South,Home,Chair,2,1965,15,3340.5,394.29,Card
2381,2024-12-23,North,Books,Comics,4,1605,10,5778.0,693.26,Net Banking
2382,2024-03-09,West,Fashion,Jacket,4,2288,0,9152.0,1624.62,Cash on Delivery
2383,2024-12-08,East,Sports,Tennis Racket,4,3526,20,11283.2,1290.02,Net Banking
2384,2024-09-13,South,Books,Novel,5,1759,5,8355.25,1452.36,Cash on Delivery
2385,2024-06-03,North,Electronics,Smart Watch,2,1431,15,2432.7,334.73,Card
2386,2024-07-17,East,Sports,Football,4,1773,15,6028.2,784.57,Cash on Delivery
2387,2024-08-26,East,Sports,Football,4,1770,5,6726.0,1208.28,UPI
2388,2024-12-17,North,Electronics,Headphones,4,400,5,1520.0,248.98,Net Banking
2389,2024-11-20,West,Sports,Football,4,3760,0,15040.0,2415.29,Cash on Delivery
2390,2024-04-01,East,Electronics,Smart Watch,4,3044,20,9740.8,2867.24,UPI
2391,2024-04-11,North,Sports,Gym Bag,2,356,10,640.8,185.6,Cash on Delivery
2392,2024-08-23,West,Books,Dictionary,1,4107,10,3696.3,399.09,Net Banking
2393,2024-10-04,East,Home,Chair,3,3787,10,10224.9,2402.84,UPI
2394,2024-11-21,East,Home,Table,3,3716,0,11148.0,2110.92,Cash on Delivery
2395,2024-09-30,East,Electronics,Laptop,1,4652,15,3954.2,592.04,UPI
2396,2024-12-18,South,Electronics,Mobile,4,3831,10,13791.6,2331.85,Net Banking
2397,2024-11-07,West,Books,Biography,1,926,10,833.4,145.48,Card
2398,2024-05-11,North,Electronics,Smart Watch,3,2773,15,7071.15,1273.85,Card
2399,2024-12-21,North,Electronics,Smart Watch,2,4976,10,8956.8,2677.94,Card
2400,2024-05-21,West,Electronics,Headphones,2,3879,10,6982.2,1741.18,Card
2401,2024-01-10,West,Books,Novel,2,2634,10,4741.2,478.91,Card
2402,2024-02-19,East,Sports,Cricket Bat,3,4088,20,9811.2,2531.8,Cash on Delivery
2403,2024-10-28,North,Fashion,Jeans,3,2110,0,6330.0,1407.02,Net Banking
2404,2024-06-26,West,Sports,Tennis Racket,4,4868,0,19472.0,3282.79,Cash on Delivery
2405,2024-05-10,West,Sports,Cricket Bat,4,2025,20,6480.0,1552.25,Net Banking
2406,2024-06-04,North,Sports,Football,4,4898,10,17632.8,2056.31,Cash on Delivery
2407,2024-11-15,West,Home,Lamp,4,542,5,2059.6,463.35,Card
2408,2024-07-11,West,Home,Sofa,1,2625,20,2100.0,522.5,Card
2409,2024-02-26,West,Books,Biography,5,1311,0,6555.0,1174.33,Card
2410,2024-08-02,South,Books,Comics,2,3585,20,5736.0,1042.25,Card
2411,2024-04-25,East,Books,Comics,3,1165,10,3145.5,630.55,Net Banking
2412,2024-07-23,West,Sports,Gym Bag,3,3981,5,11345.85,3231.1,Card
2413,2024-08-02,East,Home,Chair,4,1711,0,6844.0,1209.13,Net Banking
2414,2024-11-02,North,Sports,Cricket Bat,5,2136,5,10146.0,2251.82,UPI
2415,2024-12-16,North,Books,Dictionary,3,2347,5,6688.95,1430.51,Net Banking
2416,2024-03-23,North,Electronics,Headphones,5,3489,20,13956.0,2822.84,Card
2417,2024-02-03,South,Sports,Tennis Racket,2,4168,5,7919.2,1303.06,Cash on Delivery
2418,2024-03-31,West,Electronics,Mobile,4,2307,20,7382.4,1393.29,Card
2419,2024-01-04,East,Sports,Football,2,2305,15,3918.5,957.72,UPI
2420,2024-11-06,West,Electronics,Smart Watch,4,876,15,2978.4,868.25,UPI
2421,2024-07-05,West,Books,Novel,4,789,10,2840.4,745.13,UPI
2422,2024-03-27,West,Sports,Gym Bag,1,1148,5,1090.6,293.82,UPI
2423,2024-06-17,East,Home,Sofa,2,2291,15,3894.7,553.11,UPI
2424,2024-06-18,West,Electronics,Smart Watch,2,2429,10,4372.2,695.44,Net Banking
2425,2024-01-14,East,Sports,Tennis Racket,5,592,5,2812.0,364.45,Cash on Delivery
2426,2024-08-31,East,Fashion,Shoes,3,2812,5,8014.2,1711.26,Cash on Delivery
2427,2024-05-11,South,Sports,Tennis Racket,2,1500,20,2400.0,380.32,Net Banking
2428,2024-07-05,South,Fashion,Shirt,5,2781,5,13209.75,2864.49,Cash on Delivery
2429,2024-09-24,West,Books,Dictionary,5,1695,10,7627.5,1744.95,Cash on Delivery
2430,2024-01-08,West,Home,Sofa,2,4602,15,7823.4,1056.77,Net Banking
2431,2024-11-28,South,Electronics,Headphones,3,1991,5,5674.35,737.77,UPI
2432,2024-04-13,West,Fashion,Shoes,4,4964,0,19856.0,5321.32,Card
2433,2024-01-29,West,Home,Chair,1,2999,20,2399.2,272.16,UPI
2434,2024-03-31,South,Sports,Cricket Bat,3,1796,5,5118.6,745.62,Net Banking
2435,2024-09-24,East,Electronics,Headphones,1,1856,0,1856.0,521.96,Card
2436,2024-08-25,South,Home,Chair,2,2298,20,3676.8,927.79,Net Banking
2437,2024-08-31,East,Electronics,Laptop,1,1909,15,1622.65,200.04,UPI
2438,2024-02-27,South,Fashion,Shirt,5,4291,10,19309.5,4129.64,Net Banking
2439,2024-11-19,West,Sports,Cricket Bat,1,2362,15,2007.7,442.24,Net Banking
2440,2024-06-23,West,Fashion,Shoes,5,2624,10,11808.0,1804.73,Card
2441,2024-09-10,West,Home,Lamp,1,1792,15,1523.2,154.31,Net Banking
2442,2024-06-24,North,Fashion,Jeans,4,2795,0,11180.0,3186.96,Net Banking
2443,2024-06-12,South,Books,Biography,1,2198,5,2088.1,337.1,Cash on Delivery
2444,2024-03-21,North,Books,Dictionary,3,2022,20,4852.8,1137.39,Cash on Delivery
2445,2024-11-30,South,Fashion,Jacket,2,1587,10,2856.6,832.25,Net Banking
2446,2024-07-08,East,Books,Dictionary,2,2453,15,4170.1,1196.26,Cash on Delivery
2447,2024-08-01,East,Fashion,Shoes,3,2883,15,7351.65,1188.05,Net Banking
2448,2024-01-10,North,Electronics,Smart Watch,4,3196,5,12144.8,3582.68,Cash on Delivery
2449,2024-06-15,East,Fashion,Jeans,3,3359,0,10077.0,1656.35,Net Banking
2450,2024-02-08,South,Books,Biography,5,4420,15,18785.0,5096.01,UPI
2451,2024-12-18,East,Fashion,Jeans,4,4149,0,16596.0,4252.65,Net Banking
2452,2024-05-21,East,Sports,Cricket Bat,5,3372,0,16860.0,2028.06,Cash on Delivery
2453,2024-06-15,West,Books,Comics,3,1209,15,3082.95,391.09,UPI
2454,2024-08-12,South,Sports,Cricket Bat,5,2748,20,10992.0,1538.87,UPI
2455,2024-02-04,East,Fashion,Shoes,5,4650,10,20925.0,4978.35,Card
2456,2024-07-04,West,Home,Lamp,2,1808,10,3254.4,630.26,Net Banking
2457,2024-08-06,East,Home,Table,3,489,5,1393.65,172.59,Net Banking
2458,2024-01-17,North,Sports,Gym Bag,5,793,20,3172.0,554.13,Net Banking
2459,2024-10-12,West,Books,Comics,3,3034,0,9102.0,2247.16,UPI
2460,2024-02-07,North,Electronics,Mobile,5,4137,20,16548.0,3806.62,Card
2461,2024-08-20,West,Sports,Tennis Racket,4,1546,10,5565.6,637.85,Cash on Delivery
2462,2024-01-10,North,Books,Dictionary,4,2706,0,10824.0,2432.56,Net Banking
2463,2024-09-29,East,Electronics,Mobile,4,1532,10,5515.2,1495.25,Cash on Delivery
2464,2024-06-06,East,Sports,Cricket Bat,5,1550,5,7362.5,1874.48,Card
2465,2024-06-16,North,Fashion,Shirt,5,623,5,2959.25,615.57,UPI
2466,2024-04-29,South,Home,Table,2,2781,5,5283.9,976.76,Cash on Delivery
2467,2024-01-14,North,Fashion,Shoes,2,3901,0,7802.0,2081.82,Net Banking
2468,2024-07-13,West,Sports,Cricket Bat,1,3960,15,3366.0,605.33,Card
2469,2024-03-24,North,Books,Novel,2,4450,20,7120.0,1743.71,UPI
2470,2024-02-16,West,Fashion,Shirt,5,3235,10,14557.5,2664.39,Card
2471,2024-01-04,West,Books,Comics,3,4467,0,13401.0,3872.61,UPI
2472,2024-08-10,West,Sports,Gym Bag,1,3205,10,2884.5,834.04,UPI
2473,2024-11-27,North,Home,Table,4,4161,0,16644.0,4831.12,Cash on Delivery
2474,2024-03-12,South,Home,Chair,2,1752,20,2803.2,285.52,Card
2475,2024-03-21,North,Sports,Football,5,2018,10,9081.0,1583.19,Net Banking
2476,2024-03-24,South,Sports,Cricket Bat,5,1540,5,7315.0,1265.59,UPI
2477,2024-11-14,South,Electronics,Smart Watch,3,3606,10,9736.2,2743.62,Cash on Delivery
2478,2024-07-27,North,Home,Chair,3,533,15,1359.15,145.22,Card
2479,2024-02-17,South,Electronics,Smart Watch,2,1120,0,2240.0,380.2,Card
2480,2024-03-09,North,Sports,Football,4,4104,15,13953.6,3784.61,Net Banking
2481,2024-11-10,East,Books,Novel,4,4146,10,14925.6,1875.25,Cash on Delivery
2482,2024-03-14,West,Electronics,Smart Watch,5,1907,5,9058.25,1303.14,Card
2483,2024-05-08,North,Fashion,Shirt,4,2612,20,8358.4,1011.75,Card
2484,2024-03-08,East,Fashion,Shoes,4,4559,20,14588.8,3142.92,Cash on Delivery
2485,2024-04-03,East,Home,Sofa,2,580,15,986.0,223.21,Card
2486,2024-09-04,North,Electronics,Mobile,2,1626,15,2764.2,454.73,Net Banking
2487,2024-03-01,West,Home,Table,4,2059,15,7000.6,1569.97,Net Banking
2488,2024-10-08,East,Home,Lamp,2,2391,10,4303.8,1125.0,Net Banking
2489,2024-11-24,East,Sports,Football,5,2453,0,12265.0,3144.63,Net Banking
2490,2024-03-05,North,Electronics,Mobile,2,4047,0,8094.0,1004.11,Cash on Delivery
2491,2024-07-22,West,Home,Lamp,4,4832,0,19328.0,5668.1,Card
2492,2024-09-26,South,Books,Biography,2,436,5,828.4,204.35,Cash on Delivery
2493,2024-07-10,North,Books,Biography,5,3270,20,13080.0,1910.79,Card
2494,2024-04-13,South,Fashion,Shirt,5,2153,5,10226.75,2128.84,Net Banking
2495,2024-08-27,West,Home,Chair,3,3493,20,8383.2,2468.03,Net Banking
2496,2024-04-16,East,Home,Table,1,913,10,821.7,198.58,Cash on Delivery
2497,2024-05-04,North,Books,Novel,4,1449,5,5506.2,1080.24,Card
2498,2024-04-25,West,Sports,Cricket Bat,4,1884,5,7159.2,1910.55,UPI
2499,2024-06-16,West,Home,Table,1,1543,5,1465.85,276.57,Cash on Delivery
2500,2024-06-01,East,Electronics,Laptop,5,1140,20,4560.0,885.65,Net Banking
2501,2024-07-14,South,Electronics,Smart Watch,1,3096,10,2786.4,807.77,UPI
2502,2024-09-24,West,Home,Chair,4,1679,15,5708.6,1436.81,Card
2503,2024-05-23,East,Electronics,Laptop,2,4351,15,7396.7,1363.47,UPI
2504,2024-09-05,East,Home,Lamp,4,2358,10,8488.8,989.95,UPI
2505,2024-10-14,South,Fashion,Jacket,5,3853,10,17338.5,2094.37,Net Banking
2506,2024-10-21,West,Books,Dictionary,1,1183,20,946.4,253.3,UPI
2507,2024-06-26,South,Electronics,Laptop,3,3755,15,9575.25,2333.08,UPI
2508,2024-01-13,North,Sports,Gym Bag,4,3837,0,15348.0,2197.95,Card
2509,2024-07-02,East,Home,Chair,4,532,15,1808.8,488.17,Cash on Delivery
2510,2024-03-23,South,Home,Lamp,3,3953,0,11859.0,1955.58,Cash on Delivery
2511,2024-06-29,West,Fashion,Shoes,3,1709,15,4357.95,1182.44,Cash on Delivery
2512,2024-11-14,East,Books,Biography,3,1129,0,3387.0,771.86,Cash on Delivery
2513,2024-07-04,West,Sports,Cricket Bat,2,2468,15,4195.6,713.75,Net Banking
2514,2024-10-13,East,Fashion,Jeans,1,1213,5,1152.35,249.33,Cash on Delivery
2515,2024-05-14,West,Books,Biography,5,922,5,4379.5,519.73,Net Banking
2516,2024-11-10,East,Fashion,Shoes,4,1389,15,4722.6,570.14,Cash on Delivery
2517,2024-12-07,East,Books,Novel,2,3925,0,7850.0,1171.07,Card
2518,2024-11-27,West,Home,Chair,2,2093,5,3976.7,1093.7,Net Banking
2519,2024-08-12,North,Fashion,Jeans,3,2296,0,6888.0,1870.14,Net Banking
2520,2024-05-13,West,Sports,Cricket Bat,2,4548,20,7276.8,1309.27,Net Banking
2521,2024-02-09,West,Home,Lamp,3,3286,5,9365.1,1536.17,Cash on Delivery
2522,2024-10-01,South,Fashion,Shoes,5,1354,0,6770.0,2005.29,Net Banking
2523,2024-08-23,South,Home,Chair,3,4838,5,13788.3,2661.93,UPI
2524,2024-01-12,West,Books,Dictionary,5,3873,0,19365.0,5628.1,Card
2525,2024-02-03,North,Books,Dictionary,3,4204,5,11981.4,1350.97,Cash on Delivery
2526,2024-07-21,North,Home,Lamp,5,4320,15,18360.0,4421.89,Card
2527,2024-03-14,East,Fashion,Jacket,5,2795,10,12577.5,1842.77,Net Banking
2528,2024-11-10,North,Books,Comics,5,733,10,3298.5,717.39,UPI
2529,2024-04-02,South,Electronics,Smart Watch,2,2338,20,3740.8,952.96,Card
2530,2024-07-27,North,Electronics,Smart Watch,3,1029,0,3087.0,892.85,Net Banking
2531,2024-12-28,South,Sports,Gym Bag,3,1799,0,5397.0,875.6,Card
2532,2024-06-28,West,Sports,Tennis Racket,1,1811,10,1629.9,293.85,Card
2533,2024-10-12,West,Electronics,Headphones,1,4591,10,4131.9,430.05,UPI
2534,2024-07-15,North,Electronics,Headphones,2,314,20,502.4,51.5,Cash on Delivery
2535,2024-04-03,East,Home,Chair,1,1712,5,1626.4,369.67,Net Banking
2536,2024-08-13,East,Books,Biography,1,1567,20,1253.6,219.17,Card
2537,2024-06-08,West,Fashion,Jeans,1,617,20,493.6,137.05,UPI
2538,2024-04-08,East,Home,Chair,2,4547,5,8639.3,2419.4,Net Banking
2539,2024-12-08,East,Books,Biography,4,4789,15,16282.6,4181.58,UPI
2540,2024-04-06,East,Books,Novel,2,3295,5,6260.5,925.87,Net Banking
2541,2024-12-05,East,Sports,Football,1,4235,20,3388.0,405.73,UPI
2542,2024-05-29,South,Home,Sofa,3,2924,5,8333.4,1579.85,Card
2543,2024-06-13,West,Sports,Gym Bag,4,974,15,3311.6,346.95,UPI
2544,2024-09-27,West,Books,Dictionary,3,4376,10,11815.2,3003.05,UPI
2545,2024-01-25,North,Electronics,Mobile,3,4979,20,11949.6,1609.27,Cash on Delivery
2546,2024-12-16,North,Books,Novel,3,3453,5,9841.05,1676.45,UPI
2547,2024-04-23,East,Sports,Cricket Bat,1,2057,0,2057.0,393.81,Card
2548,2024-01-24,South,Home,Chair,4,1993,20,6377.6,1454.63,UPI
2549,2024-03-31,North,Sports,Cricket Bat,3,338,5,963.3,223.41,Cash on Delivery
2550,2024-11-14,East,Sports,Cricket Bat,4,666,5,2530.8,324.79,Card
2551,2024-07-30,East,Home,Sofa,2,2533,15,4306.1,1025.09,Net Banking
2552,2024-01-22,South,Sports,Tennis Racket,4,2376,20,7603.2,776.18,Net Banking
2553,2024-02-04,South,Sports,Cricket Bat,1,1237,0,1237.0,163.02,Net Banking
2554,2024-10-18,South,Fashion,Shoes,3,3562,10,9617.4,1993.23,Cash on Delivery
2555,2024-04-12,North,Home,Chair,4,1955,0,7820.0,1649.63,Net Banking
2556,2024-04-04,West,Fashion,Shirt,4,1195,0,4780.0,696.58,Net Banking
2557,2024-11-01,South,Electronics,Laptop,4,3338,15,11349.2,2810.85,Net Banking
2558,2024-06-23,South,Electronics,Mobile,3,658,20,1579.2,162.41,Card
2559,2024-05-29,East,Home,Table,4,1943,0,7772.0,1385.46,Card
2560,2024-01-13,South,Books,Novel,2,1892,10,3405.6,788.75,Net Banking
2561,2024-10-07,South,Sports,Football,5,4629,10,20830.5,4402.96,Card
2562,2024-06-13,North,Home,Chair,1,3658,20,2926.4,605.34,Card
2563,2024-07-17,South,Home,Chair,1,2214,0,2214.0,390.2,UPI
2564,2024-10-19,South,Books,Novel,1,4917,20,3933.6,451.52,Net Banking
2565,2024-11-21,West,Sports,Tennis Racket,4,2246,15,7636.4,1699.26,Cash on Delivery
2566,2024-11-22,South,Sports,Gym Bag,4,4694,10,16898.4,2446.35,Cash on Delivery
2567,2024-03-14,East,Fashion,Jacket,2,3315,0,6630.0,1235.48,Cash on Delivery
2568,2024-04-16,West,Electronics,Smart Watch,5,2159,15,9175.75,1147.01,Cash on Delivery
2569,2024-07-05,West,Sports,Gym Bag,4,4005,15,13617.0,3955.4,Net Banking
2570,2024-10-18,West,Home,Lamp,2,4641,5,8817.9,1315.64,Card
2571,2024-07-20,West,Fashion,Shoes,5,3644,10,16398.0,3751.86,Card
2572,2024-01-27,North,Fashion,Jacket,5,4005,10,18022.5,5063.15,Net Banking
2573,2024-04-02,East,Fashion,Jeans,5,1583,15,6727.75,1933.72,Net Banking
2574,2024-11-24,South,Sports,Football,4,4948,5,18802.4,2908.05,Card
2575,2024-09-06,South,Sports,Cricket Bat,4,2892,15,9832.8,1466.46,Card
2576,2024-06-18,North,Home,Chair,1,1002,0,1002.0,101.94,UPI
2577,2024-07-04,East,Electronics,Headphones,2,1533,5,2912.7,470.44,UPI
2578,2024-10-14,West,Books,Comics,4,3073,5,11677.4,1844.42,UPI
2579,2024-03-22,South,Fashion,Jeans,4,1270,20,4064.0,1146.24,Net Banking
2580,2024-01-21,East,Books,Dictionary,2,1228,5,2333.2,657.58,UPI
2581,2024-08-13,West,Fashion,Jacket,4,4206,5,15982.8,4050.48,Cash on Delivery
2582,2024-02-13,West,Books,Biography,1,4328,20,3462.4,584.33,Cash on Delivery
2583,2024-12-08,South,Home,Chair,2,2758,15,4688.6,1328.53,UPI
2584,2024-01-09,East,Fashion,Shoes,1,3205,20,2564.0,760.78,Net Banking
2585,2024-09-07,South,Books,Dictionary,3,2370,5,6754.5,1369.03,UPI
2586,2024-06-21,North,Home,Table,2,2811,10,5059.8,960.28,Net Banking
2587,2024-10-20,West,Electronics,Headphones,1,3027,20,2421.6,257.35,UPI
2588,2024-12-22,West,Electronics,Headphones,2,4151,15,7056.7,1253.83,Cash on Delivery
2589,2024-06-26,East,Sports,Tennis Racket,5,3777,15,16052.25,3875.91,Card
2590,2024-12-07,West,Home,Table,3,2484,0,7452.0,2106.47,UPI
2591,2024-02-03,North,Home,Chair,2,1176,5,2234.4,256.69,Cash on Delivery
2592,2024-11-12,North,Fashion,Jeans,1,379,0,379.0,93.73,Cash on Delivery
2593,2024-04-12,West,Electronics,Mobile,3,1166,20,2798.4,348.11,Card
2594,2024-04-17,North,Electronics,Mobile,1,331,15,281.35,72.68,Card
2595,2024-12-28,West,Electronics,Laptop,3,4636,5,13212.6,2579.22,Card
2596,2024-02-10,West,Sports,Cricket Bat,3,801,15,2042.55,279.8,UPI
2597,2024-12-25,East,Fashion,Jeans,2,4740,20,7584.0,2233.83,UPI
2598,2024-11-03,South,Electronics,Mobile,3,2165,5,6170.25,1104.07,Cash on Delivery
2599,2024-12-01,South,Sports,Tennis Racket,4,2355,10,8478.0,2094.82,UPI
2600,2024-11-13,South,Home,Lamp,1,804,0,804.0,159.82,UPI
2601,2024-12-23,West,Sports,Football,1,1022,10,919.8,200.17,Cash on Delivery
2602,2024-07-08,East,Books,Novel,3,3992,10,10778.4,2677.77,Net Banking
2603,2024-01-22,West,Sports,Tennis Racket,3,4772,5,13600.2,1980.49,Card
2604,2024-08-19,West,Home,Sofa,4,2957,15,10053.8,1937.62,Net Banking
2605,2024-11-19,West,Fashion,Jeans,4,500,5,1900.0,489.54,Net Banking
2606,2024-04-21,East,Fashion,Jacket,1,3858,5,3665.1,477.22,Card
2607,2024-09-11,West,Electronics,Laptop,4,1527,10,5497.2,920.58,UPI
2608,2024-08-09,East,Sports,Cricket Bat,5,2574,5,12226.5,1687.13,Net Banking
2609,2024-12-27,West,Sports,Cricket Bat,1,3194,0,3194.0,362.14,Cash on Delivery
2610,2024-09-08,South,Sports,Tennis Racket,2,4549,15,7733.3,2016.26,Net Banking
2611,2024-11-02,South,Electronics,Headphones,3,2844,20,6825.6,1268.19,UPI
2612,2024-02-02,East,Fashion,Shoes,3,1349,10,3642.3,776.05,Net Banking
2613,2024-06-09,East,Electronics,Smart Watch,4,2316,5,8800.8,2542.69,Card
2614,2024-11-19,East,Sports,Tennis Racket,5,3012,5,14307.0,4011.27,Cash on Delivery
2615,2024-06-09,South,Books,Biography,2,4302,20,6883.2,1335.0,UPI
2616,2024-11-04,West,Books,Novel,2,2934,0,5868.0,1207.91,Net Banking
2617,2024-01-31,West,Home,Chair,4,1882,10,6775.2,1642.18,Cash on Delivery
2618,2024-10-14,South,Sports,Cricket Bat,1,2980,10,2682.0,710.64,Net Banking
2619,2024-11-26,East,Fashion,Shoes,4,2873,20,9193.6,2543.34,Card
2620,2024-05-07,East,Fashion,Shirt,1,1896,20,1516.8,394.02,Cash on Delivery
2621,2024-01-15,North,Sports,Gym Bag,3,2438,5,6948.3,895.02,UPI
2622,2024-10-31,East,Sports,Football,4,1509,15,5130.6,1155.3,Card
2623,2024-05-25,North,Sports,Tennis Racket,3,4035,10,10894.5,1520.39,Net Banking
2624,2024-07-07,East,Fashion,Jeans,1,1315,0,1315.0,359.72,Net Banking
2625,2024-04-01,West,Fashion,Shoes,5,508,15,2159.0,494.98,Net Banking
2626,2024-03-08,East,Home,Chair,3,4933,20,11839.2,1277.17,UPI
2627,2024-02-17,North,Sports,Football,2,1541,0,3082.0,630.44,Card
2628,2024-07-24,East,Home,Lamp,1,3680,10,3312.0,828.56,Net Banking
2629,2024-08-17,West,Books,Novel,4,1569,20,5020.8,1328.35,Card
2630,2024-01-27,East,Fashion,Shirt,2,2260,0,4520.0,1034.86,UPI
2631,2024-09-13,North,Fashion,Jacket,1,2094,5,1989.3,576.88,Card
2632,2024-01-13,West,Home,Lamp,4,457,20,1462.4,370.14,Net Banking
2633,2024-01-04,North,Sports,Football,2,594,5,1128.6,164.66,Net Banking
2634,2024-11-17,East,Home,Chair,5,1644,15,6987.0,996.04,UPI
2635,2024-11-07,East,Books,Comics,5,3366,20,13464.0,2392.34,Card
2636,2024-08-19,South,Home,Lamp,3,2432,15,6201.6,767.97,Cash on Delivery
2637,2024-04-15,West,Electronics,Smart Watch,2,1814,0,3628.0,393.03,UPI
2638,2024-10-17,South,Fashion,Shoes,5,2785,10,12532.5,2415.71,Card
2639,2024-04-15,North,Home,Table,3,401,5,1142.85,303.9,Cash on Delivery
2640,2024-09-02,East,Sports,Gym Bag,4,3501,20,11203.2,2809.45,Net Banking
2641,2024-01-06,South,Books,Comics,1,1178,0,1178.0,318.69,UPI
2642,2024-01-28,East,Home,Chair,4,3424,20,10956.8,3202.03,UPI
2643,2024-06-01,South,Home,Table,4,3354,0,13416.0,2092.84,UPI
2644,2024-03-02,East,Electronics,Laptop,2,2452,15,4168.4,1192.27,Card
2645,2024-10-23,South,Electronics,Smart Watch,1,1222,0,1222.0,299.34,Net Banking
2646,2024-04-20,East,Books,Comics,1,4913,15,4176.05,470.46,Card
2647,2024-07-30,West,Electronics,Smart Watch,1,604,15,513.4,95.75,Net Banking
2648,2024-05-16,North,Fashion,Shirt,1,2600,10,2340.0,570.43,Card
2649,2024-10-15,South,Electronics,Headphones,2,3969,0,7938.0,2374.79,UPI
2650,2024-08-21,South,Sports,Gym Bag,1,2647,10,2382.3,280.36,Cash on Delivery
2651,2024-07-27,East,Sports,Cricket Bat,3,4813,20,11551.2,1491.71,Cash on Delivery
2652,2024-12-11,East,Fashion,Jacket,4,3146,10,11325.6,1466.97,Net Banking
2653,2024-06-19,East,Books,Dictionary,4,1008,20,3225.6,485.9,Card
2654,2024-11-02,West,Home,Sofa,5,1645,0,8225.0,1387.48,Card
2655,2024-09-13,South,Home,Table,2,3546,0,7092.0,1877.17,UPI
2656,2024-04-26,North,Books,Novel,5,333,10,1498.5,429.92,Card
2657,2024-04-22,North,Home,Sofa,3,3358,20,8059.2,2316.1,Net Banking
2658,2024-01-01,West,Books,Comics,1,2149,15,1826.65,239.55,Card
2659,2024-06-04,West,Books,Novel,2,891,10,1603.8,237.95,Net Banking
2660,2024-04-05,South,Fashion,Shirt,1,432,0,432.0,68.76,Card
2661,2024-01-06,East,Electronics,Laptop,4,1274,15,4331.6,1251.72,Net Banking
2662,2024-11-21,East,Books,Comics,4,3371,5,12809.8,2059.27,Net Banking
2663,2024-12-24,West,Books,Novel,1,4395,10,3955.5,673.62,Cash on Delivery
2664,2024-01-20,North,Sports,Gym Bag,4,3175,15,10795.0,3226.92,Net Banking
2665,2024-08-20,West,Sports,Football,3,4754,0,14262.0,1662.85,UPI
2666,2024-04-20,South,Sports,Tennis Racket,5,4144,0,20720.0,3409.98,Net Banking
2667,2024-09-16,North,Books,Dictionary,1,1351,20,1080.8,294.56,UPI
2668,2024-05-09,South,Sports,Football,4,2550,20,8160.0,1449.51,UPI
2669,2024-05-28,West,Books,Novel,2,4000,10,7200.0,1949.12,UPI
2670,2024-05-07,West,Books,Comics,1,1568,0,1568.0,219.24,Net Banking
2671,2024-12-15,South,Electronics,Smart Watch,4,659,10,2372.4,323.92,Cash on Delivery
2672,2024-11-05,South,Books,Dictionary,4,1251,0,5004.0,664.96,Card
2673,2024-11-21,West,Books,Novel,4,3303,15,11230.2,1169.15,Cash on Delivery
2674,2024-02-04,West,Books,Novel,4,574,10,2066.4,386.95,Net Banking
2675,2024-03-11,East,Electronics,Laptop,3,4188,15,10679.4,2151.07,Card
2676,2024-12-03,South,Electronics,Laptop,1,4972,5,4723.4,1100.21,Net Banking
2677,2024-10-13,East,Books,Comics,4,847,5,3218.6,696.58,UPI
2678,2024-01-06,South,Electronics,Mobile,2,2760,5,5244.0,1307.48,Net Banking
2679,2024-06-04,North,Home,Chair,1,4597,10,4137.3,898.27,UPI
2680,2024-09-02,South,Fashion,Shoes,4,2049,5,7786.2,1812.68,Net Banking
2681,2024-03-15,South,Fashion,Shirt,4,4830,20,15456.0,4199.99,UPI
2682,2024-11-16,North,Fashion,Jeans,4,4505,0,18020.0,3842.43,Card
2683,2024-06-13,South,Sports,Tennis Racket,3,3629,0,10887.0,2726.91,UPI
2684,2024-03-06,South,Sports,Football,3,3501,15,8927.55,1975.55,Card
2685,2024-08-09,South,Sports,Gym Bag,2,4570,10,8226.0,1640.48,UPI
2686,2024-11-24,West,Books,Novel,1,4901,0,4901.0,1180.63,Card
2687,2024-06-04,East,Electronics,Headphones,4,2600,15,8840.0,2033.5,Cash on Delivery
2688,2024-08-28,East,Books,Comics,4,4489,15,15262.6,2704.82,Card
2689,2024-05-08,West,Home,Chair,3,4664,20,11193.6,2499.23,UPI
2690,2024-05-02,East,Home,Lamp,5,4506,5,21403.5,3480.43,Cash on Delivery
2691,2024-05-22,East,Books,Biography,3,1871,10,5051.7,1028.19,Net Banking
2692,2024-12-30,South,Home,Sofa,5,1440,10,6480.0,894.2,Cash on Delivery
2693,2024-11-22,South,Books,Comics,4,4560,5,17328.0,2139.01,Cash on Delivery
2694,2024-05-18,East,Fashion,Jeans,2,4371,10,7867.8,1173.3,Net Banking
2695,2024-07-11,East,Books,Dictionary,2,2386,20,3817.6,436.77,UPI
2696,2024-10-08,North,Books,Dictionary,1,1847,10,1662.3,474.69,Net Banking
2697,2024-10-31,West,Books,Comics,2,2476,0,4952.0,1467.35,Net Banking
2698,2024-07-04,West,Electronics,Smart Watch,4,2865,0,11460.0,1466.26,UPI
2699,2024-02-19,North,Electronics,Laptop,3,1180,20,2832.0,586.35,Card
2700,2024-05-25,North,Sports,Cricket Bat,5,790,0,3950.0,483.03,Cash on Delivery
2701,2024-05-01,South,Sports,Cricket Bat,2,4974,10,8953.2,2556.77,Cash on Delivery
2702,2024-03-23,East,Fashion,Shirt,2,1707,15,2901.9,408.09,UPI
2703,2024-05-03,West,Electronics,Headphones,1,1083,5,1028.85,276.84,Card
2704,2024-08-10,South,Sports,Cricket Bat,2,2589,0,5178.0,521.08,Cash on Delivery
2705,2024-12-30,West,Books,Dictionary,2,2202,0,4404.0,1186.69,Net Banking
2706,2024-04-15,South,Sports,Gym Bag,4,3414,0,13656.0,2843.9,Cash on Delivery
2707,2024-08-14,East,Sports,Gym Bag,3,469,15,1195.95,241.0,Net Banking
2708,2024-03-27,East,Books,Biography,2,933,20,1492.8,399.16,Net Banking
2709,2024-04-28,South,Sports,Cricket Bat,3,3193,15,8142.15,1260.64,Cash on Delivery
2710,2024-07-18,North,Sports,Gym Bag,5,2299,0,11495.0,2189.21,UPI
2711,2024-08-05,East,Books,Comics,4,467,15,1587.8,297.33,Net Banking
2712,2024-09-02,East,Electronics,Smart Watch,3,2172,10,5864.4,1016.41,Cash on Delivery
2713,2024-01-19,South,Fashion,Jeans,5,4536,20,18144.0,3741.06,Card
2714,2024-05-08,North,Sports,Tennis Racket,2,1037,5,1970.3,233.43,UPI
2715,2024-04-05,West,Electronics,Headphones,2,2701,5,5131.9,1394.34,Cash on Delivery
2716,2024-11-13,East,Fashion,Jacket,2,4564,0,9128.0,1336.0,UPI
2717,2024-01-09,East,Electronics,Mobile,5,4152,15,17646.0,4922.96,Card
2718,2024-10-10,North,Fashion,Shirt,1,2504,5,2378.8,491.91,Net Banking
2719,2024-03-28,South,Home,Table,5,1830,5,8692.5,2237.29,Cash on Delivery
2720,2024-03-08,North,Home,Chair,4,1405,5,5339.0,585.52,Card
2721,2024-05-07,East,Fashion,Shoes,4,2313,15,7864.2,1061.9,UPI
2722,2024-12-12,North,Fashion,Shirt,4,1413,0,5652.0,889.85,Net Banking
2723,2024-05-08,West,Sports,Gym Bag,5,3199,20,12796.0,2757.47,Net Banking
2724,2024-02-07,South,Books,Dictionary,5,4393,5,20866.75,5445.55,Card
2725,2024-01-13,East,Books,Comics,1,3678,15,3126.3,547.69,Cash on Delivery
2726,2024-08-18,South,Home,Sofa,1,2065,15,1755.25,447.61,Card
2727,2024-08-12,East,Books,Biography,4,2302,5,8747.6,903.41,Card
2728,2024-03-07,West,Home,Sofa,4,4110,10,14796.0,4090.75,Net Banking
2729,2024-08-26,South,Sports,Football,2,1129,10,2032.2,355.24,Cash on Delivery
2730,2024-01-21,North,Sports,Gym Bag,5,2708,10,12186.0,3219.77,Net Banking
2731,2024-01-06,East,Sports,Football,3,1884,10,5086.8,1446.67,Card
2732,2024-01-13,East,Electronics,Mobile,1,502,20,401.6,57.73,Cash on Delivery
2733,2024-07-07,East,Sports,Gym Bag,5,4070,10,18315.0,4109.05,Cash on Delivery
2734,2024-03-19,West,Electronics,Laptop,4,3850,20,12320.0,1321.09,UPI
2735,2024-02-17,West,Sports,Tennis Racket,3,1479,5,4215.15,1064.0,Card
2736,2024-03-09,East,Books,Dictionary,4,2104,0,8416.0,915.68,UPI
2737,2024-04-17,South,Fashion,Jacket,4,1542,15,5242.8,1097.9,Cash on Delivery
2738,2024-08-27,South,Electronics,Laptop,1,2475,15,2103.75,541.51,Card
2739,2024-08-28,North,Fashion,Jacket,1,4065,10,3658.5,817.16,Cash on Delivery
2740,2024-10-31,East,Home,Lamp,5,1574,20,6296.0,1284.44,Cash on Delivery
2741,2024-09-12,North,Fashion,Jeans,4,4259,10,15332.4,2539.52,Cash on Delivery
2742,2024-05-07,East,Sports,Football,3,1172,5,3340.2,704.79,Card
2743,2024-08-02,North,Sports,Cricket Bat,5,4443,10,19993.5,3649.39,Net Banking
2744,2024-06-09,East,Books,Comics,1,2286,5,2171.7,487.79,UPI
2745,2024-06-19,West,Electronics,Smart Watch,4,1561,15,5307.4,1033.0,UPI
2746,2024-10-28,East,Home,Chair,2,4285,15,7284.5,2080.21,Net Banking
2747,2024-06-21,West,Fashion,Jacket,2,2646,5,5027.4,1116.66,Card
2748,2024-03-17,West,Fashion,Shoes,1,1124,0,1124.0,130.9,UPI
2749,2024-01-17,West,Books,Dictionary,1,1544,0,1544.0,155.04,Card
2750,2024-06-18,East,Fashion,Shoes,3,4985,0,14955.0,1616.43,Cash on Delivery
2751,2024-09-08,North,Electronics,Laptop,1,301,5,285.95,73.75,Net Banking
2752,2024-03-11,East,Electronics,Headphones,5,4609,0,23045.0,6138.28,Cash on Delivery
2753,2024-12-18,East,Electronics,Smart Watch,2,4517,0,9034.0,1800.32,Card
2754,2024-09-17,West,Home,Chair,3,1633,15,4164.15,1091.23,Cash on Delivery
2755,2024-05-03,West,Home,Lamp,4,2226,10,8013.6,1869.18,Card
2756,2024-03-16,South,Sports,Cricket Bat,1,950,0,950.0,206.66,UPI
2757,2024-10-23,South,Electronics,Smart Watch,2,901,10,1621.8,412.06,Cash on Delivery
2758,2024-12-29,West,Fashion,Jacket,4,1304,20,4172.8,1025.99,Cash on Delivery
2759,2024-01-26,North,Fashion,Jacket,3,1582,15,4034.1,557.91,UPI
2760,2024-12-29,West,Electronics,Headphones,2,4376,15,7439.2,1723.41,Net Banking
2761,2024-01-04,South,Home,Sofa,3,3759,10,10149.3,2959.67,Card
2762,2024-05-02,West,Fashion,Shoes,1,4288,10,3859.2,500.28,Card
2763,2024-11-19,East,Books,Dictionary,2,1778,15,3022.6,325.5,UPI
2764,2024-04-18,East,Home,Lamp,3,322,0,966.0,189.88,Card
2765,2024-08-10,East,Fashion,Shoes,5,3500,20,14000.0,4182.17,Card
2766,2024-07-27,East,Electronics,Smart Watch,5,4039,0,20195.0,3168.54,UPI
2767,2024-10-29,West,Books,Novel,4,4097,20,13110.4,2810.6,Cash on Delivery
2768,2024-07-21,East,Fashion,Jacket,3,617,5,1758.45,410.93,Cash on Delivery
2769,2024-08-08,South,Home,Chair,1,2116,15,1798.6,265.83,UPI
2770,2024-11-03,East,Electronics,Laptop,5,4777,15,20302.25,2096.59,Cash on Delivery
2771,2024-07-18,South,Electronics,Smart Watch,5,4824,10,21708.0,5555.84,Card
2772,2024-06-17,South,Books,Comics,5,1940,0,9700.0,2299.06,UPI
2773,2024-12-09,North,Fashion,Jacket,1,1363,10,1226.7,164.14,Cash on Delivery
2774,2024-06-07,South,Home,Sofa,4,1971,5,7489.8,1290.39,Cash on Delivery
2775,2024-05-18,North,Books,Novel,2,1294,0,2588.0,752.38,UPI
2776,2024-09-18,West,Fashion,Shirt,3,1294,20,3105.6,786.34,Net Banking
2777,2024-04-06,East,Electronics,Smart Watch,1,3218,0,3218.0,549.15,Net Banking
2778,2024-03-23,North,Books,Comics,5,1007,0,5035.0,666.93,Cash on Delivery
2779,2024-02-23,West,Books,Biography,3,544,10,1468.8,397.61,Net Banking
2780,2024-04-26,South,Books,Dictionary,2,1857,20,2971.2,675.94,UPI
2781,2024-08-19,West,Sports,Gym Bag,3,3321,5,9464.85,2650.1,UPI
2782,2024-06-10,East,Fashion,Shirt,1,3351,10,3015.9,552.23,UPI
2783,2024-08-30,South,Sports,Football,1,4564,20,3651.2,924.58,Card
2784,2024-05-30,North,Sports,Tennis Racket,5,566,10,2547.0,380.03,Net Banking
2785,2024-05-23,North,Electronics,Laptop,3,1421,10,3836.7,1009.58,Card
2786,2024-07-27,North,Home,Sofa,5,3280,0,16400.0,3274.38,Cash on Delivery
2787,2024-07-04,East,Electronics,Laptop,3,1813,0,5439.0,1489.75,UPI
2788,2024-10-25,East,Electronics,Laptop,3,2907,0,8721.0,1190.62,Card
2789,2024-12-30,North,Electronics,Mobile,3,2851,20,6842.4,1717.22,UPI
2790,2024-02-17,East,Books,Comics,1,3606,0,3606.0,585.54,Net Banking
2791,2024-02-24,North,Home,Lamp,2,863,0,1726.0,500.19,UPI
2792,2024-10-29,West,Sports,Football,3,3625,20,8700.0,1055.99,Card
2793,2024-11-18,North,Books,Biography,3,1679,5,4785.15,1099.14,UPI
2794,2024-01-03,South,Electronics,Smart Watch,2,1687,20,2699.2,398.72,Net Banking
2795,2024-11-09,South,Books,Comics,4,4785,5,18183.0,2034.21,Card
2796,2024-10-23,East,Sports,Cricket Bat,3,1415,15,3608.25,1063.51,Net Banking
2797,2024-01-01,South,Home,Lamp,5,1321,15,5614.25,847.75,Net Banking
2798,2024-12-09,South,Electronics,Smart Watch,3,1350,20,3240.0,443.46,UPI
2799,2024-03-09,North,Fashion,Jeans,2,2347,0,4694.0,1155.9,Net Banking
2800,2024-07-30,North,Fashion,Shoes,5,323,5,1534.25,373.51,UPI
2801,2024-07-07,South,Electronics,Headphones,4,1482,5,5631.6,1378.97,UPI
2802,2024-04-15,West,Home,Sofa,5,2553,15,10850.25,2524.03,Card
2803,2024-01-26,South,Sports,Tennis Racket,2,4313,15,7332.1,2125.05,Net Banking
2804,2024-08-22,West,Home,Chair,4,1599,0,6396.0,1639.16,UPI
2805,2024-03-31,South,Books,Comics,4,1204,10,4334.4,555.41,Cash on Delivery
2806,2024-11-25,West,Sports,Football,5,834,20,3336.0,636.8,Cash on Delivery
2807,2024-04-22,South,Fashion,Jacket,3,4206,15,10725.3,1650.92,Net Banking
2808,2024-02-26,North,Sports,Cricket Bat,2,4280,15,7276.0,1046.1,Card
2809,2024-01-11,East,Home,Lamp,1,2526,20,2020.8,525.19,Net Banking
2810,2024-11-17,South,Electronics,Laptop,3,2365,5,6740.25,1695.49,Card
2811,2024-01-01,South,Sports,Football,1,2981,20,2384.8,438.67,Cash on Delivery
2812,2024-10-27,South,Sports,Cricket Bat,1,2809,15,2387.65,358.71,Cash on Delivery
2813,2024-06-15,East,Fashion,Jacket,1,3412,15,2900.2,652.32,Card
2814,2024-08-08,East,Electronics,Headphones,4,2275,20,7280.0,1213.47,Card
2815,2024-04-14,North,Books,Novel,1,4929,5,4682.55,684.87,UPI
2816,2024-04-19,North,Sports,Gym Bag,1,4793,15,4074.05,992.79,Card
2817,2024-03-02,North,Fashion,Shoes,1,2400,0,2400.0,680.74,Net Banking
2818,2024-05-08,South,Home,Sofa,1,3091,5,2936.45,652.93,UPI
2819,2024-09-07,North,Books,Biography,4,2569,20,8220.8,1096.72,UPI
2820,2024-01-01,East,Fashion,Jacket,1,1026,20,820.8,177.77,Cash on Delivery
2821,2024-11-17,East,Sports,Tennis Racket,4,4857,5,18456.6,1944.95,UPI
2822,2024-04-01,East,Books,Novel,2,1709,5,3247.1,476.82,UPI
2823,2024-04-25,South,Fashion,Jeans,2,2716,15,4617.2,518.3,Net Banking
2824,2024-12-17,North,Books,Biography,1,1972,10,1774.8,400.09,Cash on Delivery
2825,2024-01-18,North,Sports,Cricket Bat,2,4180,15,7106.0,721.43,Cash on Delivery
2826,2024-07-31,West,Books,Biography,1,994,5,944.3,134.43,Card
2827,2024-08-19,South,Electronics,Smart Watch,2,2480,20,3968.0,963.21,Cash on Delivery
2828,2024-05-22,West,Fashion,Jeans,4,1710,20,5472.0,1462.87,Net Banking
2829,2024-02-16,South,Home,Lamp,1,1907,15,1620.95,257.9,Net Banking
2830,2024-10-13,South,Books,Novel,1,2182,20,1745.6,506.07,UPI
2831,2024-03-05,South,Sports,Gym Bag,1,4543,5,4315.85,896.86,Card
2832,2024-05-12,North,Fashion,Shirt,2,4715,20,7544.0,880.49,UPI
2833,2024-03-12,South,Home,Lamp,2,660,15,1122.0,222.27,Card
2834,2024-06-13,South,Fashion,Shirt,5,3923,0,19615.0,3617.49,UPI
2835,2024-12-06,East,Sports,Cricket Bat,3,545,0,1635.0,413.81,UPI
2836,2024-09-03,North,Electronics,Laptop,3,1651,20,3962.4,460.48,Card
2837,2024-07-13,East,Electronics,Smart Watch,1,511,5,485.45,144.51,Cash on Delivery
2838,2024-11-03,East,Electronics,Headphones,3,1604,0,4812.0,1006.45,Card
2839,2024-09-13,East,Books,Dictionary,4,4578,0,18312.0,2382.67,Cash on Delivery
2840,2024-01-14,East,Books,Novel,4,4141,0,16564.0,3336.47,Net Banking
2841,2024-02-15,North,Electronics,Laptop,3,2312,15,5895.6,996.77,Cash on Delivery
2842,2024-03-17,South,Home,Lamp,4,3394,20,10860.8,1353.13,Net Banking
2843,2024-10-22,East,Home,Table,3,701,10,1892.7,306.67,Card
2844,2024-11-04,North,Sports,Football,4,734,15,2495.6,353.34,Net Banking
2845,2024-05-17,East,Books,Dictionary,1,4607,5,4376.65,547.75,UPI
2846,2024-05-13,West,Electronics,Laptop,3,4630,0,13890.0,3861.99,UPI
2847,2024-09-27,West,Home,Table,4,2339,20,7484.8,1038.67,Card
2848,2024-11-12,East,Electronics,Smart Watch,2,1568,0,3136.0,402.35,Net Banking
2849,2024-03-07,East,Home,Table,4,2737,5,10400.6,1083.14,Net Banking
2850,2024-07-18,South,Home,Sofa,1,2836,10,2552.4,297.19,UPI
2851,2024-04-05,South,Home,Sofa,3,3361,10,9074.7,2479.7,UPI
2852,2024-12-08,East,Sports,Cricket Bat,3,4752,5,13543.2,2150.21,UPI
2853,2024-04-25,West,Electronics,Smart Watch,3,3668,10,9903.6,2699.89,UPI
2854,2024-06-18,South,Electronics,Headphones,5,4403,20,17612.0,2389.79,Cash on Delivery
2855,2024-05-29,North,Fashion,Jacket,3,607,10,1638.9,389.02,UPI
2856,2024-10-27,South,Fashion,Jeans,2,3208,5,6095.2,1619.53,Cash on Delivery
2857,2024-09-26,West,Home,Chair,2,1458,0,2916.0,344.12,Net Banking
2858,2024-09-09,North,Sports,Football,5,1927,5,9153.25,2001.48,Card
2859,2024-02-09,West,Fashion,Jeans,3,2149,0,6447.0,1782.44,UPI
2860,2024-10-09,East,Electronics,Smart Watch,4,1080,15,3672.0,1072.77,Net Banking
2861,2024-10-27,North,Books,Novel,2,2009,0,4018.0,1203.2,UPI
2862,2024-05-05,West,Electronics,Headphones,1,4803,5,4562.85,1220.65,UPI
2863,2024-07-31,West,Sports,Tennis Racket,4,2461,10,8859.6,2344.32,UPI
2864,2024-06-08,West,Electronics,Mobile,3,3132,5,8926.2,2474.14,UPI
2865,2024-04-28,North,Books,Novel,5,2649,0,13245.0,2752.92,Card
2866,2024-04-20,East,Sports,Gym Bag,1,1441,15,1224.85,170.18,Card
2867,2024-02-09,North,Books,Biography,2,3996,10,7192.8,1201.47,Net Banking
2868,2024-07-06,North,Electronics,Headphones,3,1365,20,3276.0,678.86,UPI
2869,2024-09-22,South,Electronics,Headphones,4,3539,15,12032.6,2250.99,UPI
2870,2024-09-23,South,Electronics,Laptop,4,447,0,1788.0,516.32,UPI
2871,2024-02-07,West,Fashion,Shoes,4,1024,0,4096.0,726.04,Net Banking
2872,2024-01-27,North,Home,Table,2,2090,10,3762.0,1051.47,Cash on Delivery
2873,2024-08-05,West,Sports,Cricket Bat,5,1191,15,5061.75,1140.29,Net Banking
2874,2024-02-29,South,Books,Biography,5,2460,10,11070.0,2766.75,UPI
2875,2024-09-01,North,Fashion,Shoes,5,3965,5,18833.75,3173.9,Card
2876,2024-01-28,West,Books,Biography,1,2036,5,1934.2,442.98,UPI
2877,2024-05-28,West,Electronics,Headphones,1,689,20,551.2,95.72,UPI
2878,2024-11-02,North,Home,Table,4,2390,20,7648.0,1999.68,Net Banking
2879,2024-02-15,West,Books,Dictionary,3,4827,20,11584.8,2918.2,Net Banking
2880,2024-03-16,South,Books,Comics,5,3299,20,13196.0,2333.31,Card
2881,2024-03-30,East,Home,Chair,1,4399,10,3959.1,846.84,Card
2882,2024-07-25,South,Fashion,Shirt,2,2711,5,5150.9,1314.79,Net Banking
2883,2024-11-23,West,Books,Novel,5,488,20,1952.0,379.85,Net Banking
2884,2024-10-14,West,Electronics,Smart Watch,1,3920,5,3724.0,930.46,Cash on Delivery
2885,2024-12-02,East,Fashion,Jeans,5,3263,5,15499.25,4335.21,Card
2886,2024-03-13,East,Books,Novel,1,3123,15,2654.55,736.52,UPI
2887,2024-10-05,East,Books,Dictionary,1,4799,5,4559.05,826.31,Cash on Delivery
2888,2024-07-27,East,Fashion,Jacket,1,4810,15,4088.5,877.32,Cash on Delivery
2889,2024-04-07,North,Electronics,Mobile,5,4247,15,18049.75,2159.66,Card
2890,2024-10-04,East,Books,Comics,1,2363,5,2244.85,573.43,Net Banking
2891,2024-09-01,East,Fashion,Jeans,5,2527,0,12635.0,3423.17,Card
2892,2024-02-02,North,Fashion,Shirt,5,3857,20,15428.0,2748.26,Net Banking
2893,2024-11-09,West,Electronics,Laptop,5,1955,0,9775.0,1136.27,Card
2894,2024-02-11,North,Home,Chair,1,3373,20,2698.4,300.05,Cash on Delivery
2895,2024-10-25,East,Home,Chair,1,4012,15,3410.2,868.68,Card
2896,2024-01-09,South,Sports,Gym Bag,1,3317,5,3151.15,716.89,Cash on Delivery
2897,2024-03-12,West,Sports,Gym Bag,5,2606,15,11075.5,1467.09,Net Banking
2898,2024-09-08,South,Sports,Gym Bag,5,1423,10,6403.5,665.28,UPI
2899,2024-01-12,North,Sports,Gym Bag,2,4931,20,7889.6,894.36,Cash on Delivery
2900,2024-03-08,North,Sports,Tennis Racket,2,1925,5,3657.5,697.75,UPI
2901,2024-08-25,South,Home,Lamp,2,3124,15,5310.8,646.55,UPI
2902,2024-02-27,South,Electronics,Mobile,1,943,20,754.4,100.09,Net Banking
2903,2024-07-11,South,Fashion,Jacket,5,2903,5,13789.25,2668.85,Cash on Delivery
2904,2024-10-30,South,Electronics,Mobile,4,908,20,2905.6,462.99,Cash on Delivery
2905,2024-02-18,East,Electronics,Mobile,1,1453,15,1235.05,196.13,UPI
2906,2024-02-22,East,Sports,Tennis Racket,1,2237,15,1901.45,268.06,Cash on Delivery
2907,2024-04-05,North,Sports,Gym Bag,2,4094,15,6959.8,1624.8,Card
2908,2024-02-22,South,Electronics,Laptop,1,4326,20,3460.8,717.25,Card
2909,2024-12-17,West,Fashion,Shoes,2,4990,20,7984.0,1341.53,Net Banking
2910,2024-09-20,South,Books,Dictionary,4,2197,20,7030.4,1044.76,UPI
2911,2024-01-12,West,Fashion,Shoes,1,3072,5,2918.4,625.95,Net Banking
2912,2024-09-11,West,Sports,Gym Bag,1,4015,15,3412.75,819.14,Net Banking
2913,2024-02-13,South,Fashion,Jacket,1,3290,0,3290.0,576.48,Card
2914,2024-12-13,South,Fashion,Jeans,3,2986,5,8510.1,997.71,Net Banking
2915,2024-10-18,East,Home,Chair,5,3964,0,19820.0,4704.27,Net Banking
2916,2024-08-21,South,Fashion,Shirt,1,4974,5,4725.3,781.94,Net Banking
2917,2024-10-06,East,Books,Novel,2,3822,20,6115.2,1356.3,Cash on Delivery
2918,2024-12-05,South,Electronics,Mobile,1,3010,0,3010.0,873.74,Card
2919,2024-11-08,East,Books,Dictionary,5,2690,5,12777.5,2039.64,Cash on Delivery
2920,2024-01-19,North,Books,Novel,3,3140,15,8007.0,1803.28,Net Banking
2921,2024-09-01,East,Sports,Football,2,2227,20,3563.2,642.55,Net Banking
2922,2024-11-10,North,Fashion,Jeans,5,4002,10,18009.0,3171.2,UPI
2923,2024-11-15,West,Electronics,Smart Watch,5,4659,15,19800.75,3502.65,Card
2924,2024-09-09,West,Books,Dictionary,2,1360,10,2448.0,497.49,Card
2925,2024-01-16,North,Electronics,Headphones,4,1825,5,6935.0,1204.86,Cash on Delivery
2926,2024-12-10,West,Home,Sofa,5,3018,15,12826.5,2742.8,UPI
2927,2024-05-08,East,Electronics,Mobile,5,1741,10,7834.5,2119.2,Cash on Delivery
2928,2024-04-05,West,Fashion,Jacket,5,3528,5,16758.0,2146.21,Cash on Delivery
2929,2024-06-23,East,Fashion,Jeans,4,2120,5,8056.0,1685.61,UPI
2930,2024-09-04,East,Sports,Cricket Bat,1,2985,5,2835.75,585.89,Cash on Delivery
2931,2024-12-21,West,Fashion,Shoes,2,1707,15,2901.9,839.27,Card
2932,2024-07-08,East,Fashion,Shoes,1,2131,20,1704.8,206.69,Net Banking
2933,2024-01-09,West,Home,Chair,5,2453,15,10425.25,3022.44,Cash on Delivery
2934,2024-11-17,West,Books,Comics,3,2443,5,6962.55,706.84,Cash on Delivery
2935,2024-04-11,North,Books,Novel,1,4242,20,3393.6,668.03,UPI
2936,2024-07-20,South,Books,Comics,3,608,0,1824.0,488.31,Card
2937,2024-04-13,East,Home,Chair,3,4016,0,12048.0,1992.18,Cash on Delivery
2938,2024-05-01,South,Electronics,Mobile,3,2056,15,5242.8,1023.24,UPI
2939,2024-12-22,East,Sports,Gym Bag,1,431,20,344.8,52.81,Card
2940,2024-12-22,North,Electronics,Headphones,1,3198,5,3038.1,581.27,UPI
2941,2024-03-07,North,Books,Dictionary,5,1378,15,5856.5,593.53,Cash on Delivery
2942,2024-08-01,West,Fashion,Shoes,2,1421,10,2557.8,540.93,Net Banking
2943,2024-03-11,West,Electronics,Headphones,4,4714,15,16027.6,2498.82,Card
2944,2024-07-05,East,Sports,Tennis Racket,3,4734,10,12781.8,3151.71,Net Banking
2945,2024-02-12,South,Home,Lamp,5,1355,10,6097.5,1778.04,UPI
2946,2024-07-09,North,Sports,Tennis Racket,2,351,0,702.0,76.22,Cash on Delivery
2947,2024-02-05,North,Fashion,Jeans,2,1374,0,2748.0,714.1,Cash on Delivery
2948,2024-10-11,East,Fashion,Shirt,3,4236,0,12708.0,2596.97,Net Banking
2949,2024-07-16,East,Fashion,Shirt,3,2629,20,6309.6,1293.21,Net Banking
2950,2024-05-29,South,Books,Dictionary,4,2119,15,7204.6,1367.44,Net Banking
2951,2024-07-07,North,Sports,Cricket Bat,2,3300,20,5280.0,1567.94,Card
2952,2024-03-09,North,Home,Table,5,2089,5,9922.75,2396.47,UPI
2953,2024-01-31,South,Fashion,Shirt,2,1473,0,2946.0,663.98,UPI
2954,2024-04-14,North,Sports,Football,5,2304,15,9792.0,1493.07,Card
2955,2024-09-22,East,Books,Dictionary,1,4662,5,4428.9,1122.23,Net Banking
2956,2024-07-04,South,Electronics,Smart Watch,2,3167,15,5383.9,1038.3,Cash on Delivery
2957,2024-06-15,West,Books,Comics,2,3404,5,6467.6,1762.73,UPI
2958,2024-01-28,West,Fashion,Shirt,4,4836,5,18376.8,4519.06,Net Banking
2959,2024-04-11,West,Books,Biography,1,4140,5,3933.0,443.11,Card
2960,2024-07-29,South,Sports,Cricket Bat,1,2969,5,2820.55,379.39,Card
2961,2024-05-01,West,Fashion,Shirt,3,917,10,2475.9,364.59,Card
2962,2024-05-16,East,Fashion,Shoes,2,4725,5,8977.5,1472.68,Cash on Delivery
2963,2024-05-28,West,Sports,Football,4,4339,5,16488.2,2181.59,Net Banking
2964,2024-11-08,East,Fashion,Shirt,3,2379,20,5709.6,1496.79,Net Banking
2965,2024-08-13,West,Electronics,Mobile,5,3894,0,19470.0,2674.38,Card
2966,2024-02-27,North,Electronics,Mobile,3,2319,20,5565.6,1078.07,Net Banking
2967,2024-01-15,East,Fashion,Jacket,2,4873,20,7796.8,1158.65,Card
2968,2024-01-23,East,Electronics,Mobile,4,744,20,2380.8,327.81,UPI
2969,2024-06-27,West,Home,Sofa,5,4424,20,17696.0,4826.13,Net Banking
2970,2024-01-21,East,Fashion,Shoes,2,2239,20,3582.4,640.78,UPI
2971,2024-02-26,East,Fashion,Shirt,3,2235,15,5699.25,1305.59,Cash on Delivery
2972,2024-01-12,East,Sports,Football,2,2020,20,3232.0,904.02,UPI
2973,2024-11-30,East,Fashion,Jeans,1,1057,10,951.3,132.96,Cash on Delivery
2974,2024-02-12,North,Books,Biography,5,1908,0,9540.0,2054.06,Net Banking
2975,2024-03-18,North,Fashion,Jacket,5,1243,5,5904.25,1060.19,Card
2976,2024-01-28,South,Electronics,Mobile,1,4071,15,3460.35,668.92,Card
2977,2024-01-22,North,Electronics,Laptop,1,3434,15,2918.9,352.9,Card
2978,2024-04-11,West,Electronics,Laptop,2,3109,20,4974.4,1253.5,Card
2979,2024-04-16,North,Books,Biography,3,4984,5,14204.4,2646.13,Cash on Delivery
2980,2024-03-31,South,Books,Novel,4,2769,20,8860.8,1069.73,Cash on Delivery
2981,2024-06-21,East,Electronics,Laptop,1,4874,15,4142.9,932.44,Card
2982,2024-12-24,South,Electronics,Headphones,2,2648,15,4501.6,566.13,Card
2983,2024-03-06,West,Home,Lamp,1,310,5,294.5,71.6,Cash on Delivery
2984,2024-04-07,North,Books,Dictionary,1,2174,15,1847.9,228.64,Cash on Delivery
2985,2024-04-18,East,Sports,Tennis Racket,5,3303,15,14037.75,2265.54,Card
2986,2024-08-04,North,Electronics,Headphones,2,510,5,969.0,288.78,UPI
2987,2024-03-26,South,Electronics,Headphones,4,2190,20,7008.0,1394.39,UPI
2988,2024-07-30,West,Books,Novel,1,3832,15,3257.2,887.24,UPI
2989,2024-03-22,South,Fashion,Jeans,3,4650,0,13950.0,2350.27,Cash on Delivery
2990,2024-07-26,East,Electronics,Mobile,1,2345,0,2345.0,292.98,Cash on Delivery
2991,2024-10-29,East,Sports,Gym Bag,4,2825,20,9040.0,1021.31,Net Banking
2992,2024-03-11,East,Home,Lamp,4,1712,5,6505.6,977.51,UPI
2993,2024-09-20,West,Home,Sofa,1,1205,0,1205.0,254.24,UPI
2994,2024-07-23,South,Electronics,Laptop,1,3679,20,2943.2,429.62,Net Banking
2995,2024-09-21,West,Home,Chair,2,3771,20,6033.6,654.79,UPI
2996,2024-06-24,West,Electronics,Headphones,1,1513,20,1210.4,128.42,UPI
2997,2024-05-06,North,Electronics,Smart Watch,2,4464,0,8928.0,1622.37,UPI
2998,2024-07-03,South,Electronics,Smart Watch,3,952,0,2856.0,749.98,Cash on Delivery
2999,2024-01-13,West,Books,Comics,3,1934,15,4931.7,665.76,Card
3000,2024-08-06,South,Electronics,Smart Watch,3,4655,20,11172.0,2628.47,Net Banking
3001,2024-04-11,West,Sports,Tennis Racket,1,1975,0,1975.0,419.2,Cash on Delivery
3002,2024-03-17,South,Fashion,Jacket,4,2382,15,8098.8,2250.88,Net Banking
3003,2024-01-10,North,Electronics,Headphones,5,2270,5,10782.5,2586.67,Net Banking
3004,2024-11-16,East,Electronics,Laptop,4,3698,15,12573.2,1509.2,Cash on Delivery
3005,2024-03-04,North,Books,Novel,1,714,15,606.9,132.12,Net Banking
3006,2024-10-15,North,Home,Chair,3,2232,20,5356.8,1358.78,UPI
3007,2024-05-10,East,Home,Chair,2,838,10,1508.4,387.5,UPI
3008,2024-11-23,East,Books,Novel,5,4370,15,18572.5,4766.91,Net Banking
3009,2024-11-04,South,Fashion,Shirt,4,3896,0,15584.0,4094.43,Net Banking
3010,2024-05-26,North,Books,Comics,4,3429,0,13716.0,1778.8,Net Banking
3011,2024-06-14,West,Electronics,Smart Watch,5,2480,5,11780.0,1727.65,Card
3012,2024-11-08,South,Sports,Cricket Bat,5,2668,20,10672.0,2280.53,UPI
3013,2024-01-14,North,Sports,Football,3,1652,15,4212.6,1135.82,Card
3014,2024-02-15,North,Fashion,Jacket,5,4074,20,16296.0,4381.18,UPI
3015,2024-04-30,South,Sports,Football,1,2425,0,2425.0,654.57,UPI
3016,2024-12-04,South,Home,Sofa,1,984,15,836.4,244.65,Cash on Delivery
3017,2024-03-23,North,Books,Novel,5,3568,10,16056.0,2582.17,Card
3018,2024-09-16,East,Electronics,Smart Watch,5,4503,5,21389.25,4581.95,Net Banking
3019,2024-10-03,North,Home,Sofa,5,1713,0,8565.0,2247.23,Cash on Delivery
3020,2024-04-06,West,Electronics,Smart Watch,3,4177,0,12531.0,3330.27,Card
3021,2024-03-21,East,Sports,Football,5,3603,0,18015.0,4556.39,UPI
3022,2024-08-25,East,Books,Dictionary,2,3769,20,6030.4,1693.11,Card
3023,2024-05-12,North,Sports,Gym Bag,3,653,20,1567.2,267.88,UPI
3024,2024-03-31,North,Electronics,Smart Watch,3,3799,0,11397.0,2266.53,Card
3025,2024-10-24,South,Sports,Tennis Racket,3,3391,10,9155.7,1111.52,Net Banking
3026,2024-07-15,East,Sports,Cricket Bat,1,3754,10,3378.6,902.14,Net Banking
3027,2024-03-18,East,Books,Biography,5,3816,0,19080.0,2921.7,Cash on Delivery
3028,2024-03-22,North,Electronics,Smart Watch,2,4894,10,8809.2,1061.0,Card
3029,2024-05-16,West,Home,Table,3,4745,20,11388.0,1423.63,Card
3030,2024-07-21,South,Books,Dictionary,5,636,15,2703.0,344.61,Cash on Delivery
3031,2024-02-15,West,Sports,Cricket Bat,5,858,15,3646.5,380.73,UPI
3032,2024-04-14,South,Home,Chair,1,2333,10,2099.7,487.63,Card
3033,2024-04-05,South,Sports,Football,2,4192,15,7126.4,1987.47,Cash on Delivery
3034,2024-12-24,East,Fashion,Shirt,3,4857,20,11656.8,1385.75,Cash on Delivery
3035,2024-11-11,East,Electronics,Mobile,3,2774,15,7073.7,912.0,UPI
3036,2024-07-24,East,Electronics,Smart Watch,1,1883,10,1694.7,262.2,Net Banking
3037,2024-10-06,West,Electronics,Smart Watch,1,4525,5,4298.75,1031.87,UPI
3038,2024-08-14,West,Books,Novel,4,4815,5,18297.0,2184.29,UPI
3039,2024-11-16,North,Home,Sofa,2,2974,20,4758.4,651.62,Net Banking
3040,2024-12-23,West,Sports,Tennis Racket,5,4710,20,18840.0,4916.36,Card
3041,2024-06-16,West,Books,Dictionary,3,4451,15,11350.05,2422.6,UPI
3042,2024-01-30,East,Home,Lamp,1,1206,0,1206.0,268.62,Card
3043,2024-02-10,South,Sports,Tennis Racket,4,664,10,2390.4,293.25,Net Banking
3044,2024-08-03,South,Sports,Football,5,4705,20,18820.0,4921.44,Card
3045,2024-07-09,West,Home,Table,2,1119,20,1790.4,386.46,Cash on Delivery
3046,2024-03-10,West,Books,Novel,4,362,0,1448.0,151.97,Cash on Delivery
3047,2024-10-12,South,Home,Lamp,1,2702,15,2296.7,688.39,Cash on Delivery
3048,2024-05-14,West,Books,Dictionary,4,3662,0,14648.0,2422.41,Net Banking
3049,2024-06-23,East,Fashion,Shirt,3,3770,10,10179.0,2015.5,Net Banking
3050,2024-08-05,West,Books,Novel,3,2912,5,8299.2,1149.09,UPI
3051,2024-08-02,East,Fashion,Jeans,3,3613,15,9213.15,2364.61,Card
3052,2024-04-27,North,Home,Lamp,1,3548,10,3193.2,704.84,Cash on Delivery
3053,2024-04-02,West,Electronics,Laptop,2,1829,0,3658.0,493.76,Cash on Delivery
3054,2024-11-09,West,Sports,Gym Bag,4,2844,15,9669.6,1226.76,Cash on Delivery
3055,2024-02-17,North,Electronics,Smart Watch,1,947,5,899.65,140.51,UPI
3056,2024-10-28,West,Home,Lamp,1,350,20,280.0,28.84,Net Banking
3057,2024-03-29,West,Books,Dictionary,4,4877,5,18532.6,2579.31,UPI
3058,2024-05-14,West,Books,Comics,1,2538,15,2157.3,273.94,Net Banking
3059,2024-04-27,North,Fashion,Jacket,2,1208,5,2295.2,254.07,Cash on Delivery
3060,2024-08-24,South,Sports,Tennis Racket,4,3132,20,10022.4,2464.5,UPI
3061,2024-03-04,South,Books,Comics,3,2468,20,5923.2,799.43,Card
3062,2024-05-10,East,Books,Biography,3,3265,10,8815.5,964.68,Net Banking
3063,2024-02-27,East,Home,Lamp,4,3073,5,11677.4,3199.3,UPI
3064,2024-12-15,South,Fashion,Jeans,4,2638,20,8441.6,1882.1,Net Banking
3065,2024-11-26,West,Books,Novel,4,3561,5,13531.8,2010.54,Cash on Delivery
3066,2024-02-07,South,Fashion,Jacket,1,1869,20,1495.2,310.67,Card
3067,2024-05-06,North,Sports,Tennis Racket,5,797,0,3985.0,882.07,Net Banking
3068,2024-06-15,East,Electronics,Headphones,2,571,15,970.7,215.28,Card
3069,2024-01-07,East,Books,Biography,5,2179,10,9805.5,2643.11,Cash on Delivery
3070,2024-08-05,North,Electronics,Laptop,4,3908,15,13287.2,2671.14,UPI
3071,2024-01-28,East,Home,Table,3,2383,10,6434.1,980.11,Net Banking
3072,2024-12-26,East,Books,Biography,1,4192,20,3353.6,750.9,Net Banking
3073,2024-09-14,North,Books,Novel,3,2273,20,5455.2,680.08,Net Banking
3074,2024-12-19,West,Books,Comics,5,4952,20,19808.0,3666.8,Card
3075,2024-02-23,East,Books,Novel,3,4242,20,10180.8,2449.66,Net Banking
3076,2024-11-02,South,Home,Sofa,3,3387,5,9652.95,1035.62,UPI
3077,2024-10-30,East,Books,Dictionary,2,2493,5,4736.7,1330.59,Card
3078,2024-11-26,South,Sports,Cricket Bat,2,4953,0,9906.0,1289.66,UPI
3079,2024-09-21,North,Books,Dictionary,4,1587,20,5078.4,721.22,Card
3080,2024-01-08,South,Books,Novel,2,1493,0,2986.0,325.34,UPI
3081,2024-08-24,South,Fashion,Jeans,1,433,0,433.0,103.2,Net Banking
3082,2024-07-16,North,Sports,Gym Bag,1,544,20,435.2,116.74,Net Banking
3083,2024-05-27,North,Electronics,Laptop,3,1851,10,4997.7,883.31,UPI
3084,2024-09-04,East,Electronics,Mobile,3,2298,0,6894.0,1502.39,UPI
3085,2024-12-12,South,Home,Sofa,2,2879,10,5182.2,941.78,Cash on Delivery
3086,2024-04-03,North,Electronics,Laptop,2,438,15,744.6,198.85,Net Banking
3087,2024-01-11,East,Electronics,Headphones,3,3406,15,8685.3,2317.4,Cash on Delivery
3088,2024-11-27,West,Electronics,Smart Watch,4,3757,10,13525.2,1601.46,UPI
3089,2024-08-16,East,Sports,Tennis Racket,1,1039,5,987.05,293.51,UPI
3090,2024-07-07,North,Books,Comics,4,2502,20,8006.4,1552.33,UPI
3091,2024-07-12,West,Books,Biography,4,4791,5,18205.8,2891.81,Card
3092,2024-10-12,South,Books,Dictionary,4,4061,0,16244.0,3339.62,Net Banking
3093,2024-07-08,West,Books,Novel,5,4275,20,17100.0,1958.46,UPI
3094,2024-01-12,South,Books,Dictionary,3,4015,0,12045.0,2576.06,Net Banking
3095,2024-08-20,South,Books,Biography,1,1012,5,961.4,179.13,Cash on Delivery
3096,2024-10-19,West,Books,Biography,1,2779,0,2779.0,585.42,UPI
3097,2024-08-23,North,Home,Table,4,3259,10,11732.4,2371.11,UPI
3098,2024-02-08,East,Sports,Gym Bag,1,1430,15,1215.5,193.7,Card
3099,2024-03-24,East,Electronics,Mobile,1,3599,5,3419.05,639.87,Card
3100,2024-07-06,East,Fashion,Jacket,5,909,15,3863.25,427.58,Cash on Delivery
3101,2024-06-12,North,Home,Table,5,3139,10,14125.5,2465.88,UPI
3102,2024-09-11,North,Sports,Cricket Bat,5,1459,5,6930.25,1863.63,Cash on Delivery
3103,2024-07-28,North,Electronics,Laptop,1,3571,5,3392.45,967.08,Cash on Delivery
3104,2024-03-31,West,Home,Chair,2,2030,5,3857.0,600.49,Net Banking
3105,2024-03-23,East,Books,Biography,3,341,0,1023.0,120.5,Card
3106,2024-01-04,South,Home,Sofa,1,1416,15,1203.6,137.81,Cash on Delivery
3107,2024-01-01,North,Sports,Football,3,4907,0,14721.0,1741.4,Cash on Delivery
3108,2024-01-23,West,Books,Biography,1,1005,10,904.5,124.08,UPI
3109,2024-08-24,West,Home,Table,1,4965,5,4716.75,659.98,UPI
3110,2024-09-15,East,Electronics,Smart Watch,1,337,15,286.45,43.34,UPI
3111,2024-07-30,East,Books,Comics,3,2159,5,6153.15,1596.68,Net Banking
3112,2024-02-29,West,Books,Biography,3,1377,20,3304.8,500.41,Net Banking
3113,2024-04-19,South,Sports,Football,4,1956,10,7041.6,1846.22,UPI
3114,2024-04-23,East,Electronics,Laptop,3,671,5,1912.35,325.79,Net Banking
3115,2024-06-21,West,Fashion,Shirt,3,2047,10,5526.9,1036.68,Card
3116,2024-08-17,North,Fashion,Jacket,4,2536,20,8115.2,1518.23,Net Banking
3117,2024-03-31,East,Fashion,Jeans,3,4739,20,11373.6,1581.46,Cash on Delivery
3118,2024-06-20,West,Home,Table,3,3625,5,10331.25,2149.3,Cash on Delivery
3119,2024-06-29,West,Electronics,Smart Watch,3,710,15,1810.5,311.44,Cash on Delivery
3120,2024-10-31,West,Electronics,Headphones,2,1987,20,3179.2,434.13,UPI
3121,2024-01-15,East,Electronics,Headphones,1,648,15,550.8,124.36,Cash on Delivery
3122,2024-02-18,South,Books,Novel,1,982,0,982.0,189.07,Net Banking
3123,2024-12-17,South,Books,Novel,3,2716,15,6925.8,1637.23,UPI
3124,2024-12-23,North,Fashion,Jeans,4,3338,5,12684.4,2067.88,Cash on Delivery
3125,2024-10-16,North,Electronics,Mobile,1,1407,5,1336.65,250.69,Cash on Delivery
3126,2024-06-21,North,Home,Chair,2,3721,0,7442.0,861.69,UPI
3127,2024-01-17,East,Fashion,Jeans,5,2426,15,10310.5,2337.84,Cash on Delivery
3128,2024-08-25,North,Sports,Tennis Racket,4,1118,15,3801.2,915.47,Card
3129,2024-01-25,East,Books,Novel,5,3299,0,16495.0,4662.99,UPI
3130,2024-04-14,East,Electronics,Smart Watch,5,2071,10,9319.5,2372.49,UPI
3131,2024-08-07,North,Books,Novel,3,3152,5,8983.2,2583.01,Card
3132,2024-04-23,North,Electronics,Headphones,1,4746,10,4271.4,962.65,UPI
3133,2024-03-16,East,Home,Table,3,2295,10,6196.5,1469.84,Cash on Delivery
3134,2024-10-18,West,Electronics,Headphones,1,572,0,572.0,103.82,Net Banking
3135,2024-02-07,North,Books,Novel,4,4979,15,16928.6,4885.27,UPI
3136,2024-09-02,West,Books,Dictionary,4,2452,0,9808.0,2507.5,Card
3137,2024-10-24,South,Books,Comics,2,1887,20,3019.2,814.14,Cash on Delivery
3138,2024-06-20,North,Home,Table,1,3516,15,2988.6,572.9,Card
3139,2024-07-13,South,Home,Chair,2,3150,0,6300.0,721.83,Card
3140,2024-04-04,South,Home,Lamp,4,1804,10,6494.4,786.82,Cash on Delivery
3141,2024-06-18,South,Books,Novel,5,1524,5,7239.0,1866.61,Cash on Delivery
3142,2024-12-12,North,Electronics,Laptop,1,4980,0,4980.0,1138.58,Net Banking
3143,2024-05-04,South,Electronics,Headphones,1,4731,20,3784.8,1069.98,Cash on Delivery
3144,2024-11-11,North,Electronics,Mobile,1,3445,15,2928.25,552.9,Card
3145,2024-06-14,East,Electronics,Headphones,4,3036,20,9715.2,2052.79,Net Banking
3146,2024-04-28,North,Books,Biography,2,3769,10,6784.2,905.67,UPI
3147,2024-02-09,South,Fashion,Jacket,1,1458,15,1239.3,215.65,Card
3148,2024-02-16,West,Home,Sofa,1,1332,0,1332.0,374.91,UPI
3149,2024-02-20,South,Home,Table,5,350,5,1662.5,229.11,Card
3150,2024-01-03,North,Books,Biography,3,4596,0,13788.0,2818.97,Net Banking
3151,2024-06-19,West,Home,Chair,1,1218,20,974.4,182.51,Cash on Delivery
3152,2024-07-14,East,Books,Novel,5,4099,15,17420.75,2325.6,UPI
3153,2024-02-04,North,Books,Novel,3,2236,15,5701.8,1180.25,Card
3154,2024-06-18,South,Books,Dictionary,5,4228,5,20083.0,5236.46,Cash on Delivery
3155,2024-03-24,North,Home,Chair,5,1431,5,6797.25,1661.77,Net Banking
3156,2024-11-16,South,Electronics,Laptop,5,2051,20,8204.0,1303.69,Card
3157,2024-05-22,South,Fashion,Jeans,1,2364,0,2364.0,367.57,Net Banking
3158,2024-12-24,North,Fashion,Jeans,1,3752,10,3376.8,727.55,Card
3159,2024-12-22,North,Electronics,Mobile,2,595,5,1130.5,334.33,Cash on Delivery
3160,2024-12-22,South,Fashion,Jeans,2,3895,15,6621.5,1137.81,Card
3161,2024-06-20,East,Electronics,Mobile,2,639,5,1214.1,243.63,Net Banking
3162,2024-06-25,East,Electronics,Smart Watch,4,1914,0,7656.0,1810.16,UPI
3163,2024-11-08,West,Books,Biography,4,4065,10,14634.0,2627.93,UPI
3164,2024-07-31,South,Books,Biography,1,487,5,462.65,137.93,UPI
3165,2024-03-02,East,Electronics,Smart Watch,4,634,5,2409.2,521.37,Card
3166,2024-03-24,South,Electronics,Headphones,5,2560,0,12800.0,2867.43,Net Banking
3167,2024-07-06,South,Fashion,Shirt,1,3738,15,3177.3,326.62,UPI
3168,2024-03-19,West,Sports,Tennis Racket,4,4072,0,16288.0,2877.0,Net Banking
3169,2024-06-02,East,Electronics,Smart Watch,3,795,10,2146.5,464.16,Cash on Delivery
3170,2024-04-25,West,Electronics,Smart Watch,4,1908,10,6868.8,1517.54,Card
3171,2024-04-07,East,Books,Dictionary,1,2776,20,2220.8,389.5,Net Banking
3172,2024-05-10,West,Fashion,Jeans,2,3854,0,7708.0,907.17,Card
3173,2024-02-21,South,Fashion,Jacket,3,4844,10,13078.8,2005.12,Card
3174,2024-11-23,West,Books,Novel,5,1103,20,4412.0,1262.1,Card
3175,2024-10-13,North,Fashion,Shoes,5,4976,15,21148.0,3230.02,Card
3176,2024-07-05,South,Home,Table,3,4075,5,11613.75,3226.21,UPI
3177,2024-12-19,South,Books,Biography,2,2435,5,4626.5,1341.1,UPI
3178,2024-05-16,North,Fashion,Shirt,3,4633,15,11814.15,2139.94,Cash on Delivery
3179,2024-07-24,West,Home,Sofa,5,2500,15,10625.0,1765.5,Net Banking
3180,2024-05-18,East,Books,Comics,2,3253,5,6180.7,1157.75,Net Banking
3181,2024-02-10,West,Sports,Gym Bag,1,3829,5,3637.55,1022.84,Card
3182,2024-10-20,East,Fashion,Shoes,3,481,20,1154.4,276.53,UPI
3183,2024-07-09,North,Home,Lamp,3,1818,15,4635.9,1016.14,Cash on Delivery
3184,2024-01-07,West,Books,Dictionary,3,3959,5,11283.15,1382.96,Card
3185,2024-04-02,South,Sports,Tennis Racket,2,3314,20,5302.4,1577.25,Cash on Delivery
3186,2024-03-21,East,Sports,Football,1,2469,20,1975.2,428.03,Card
3187,2024-08-19,East,Sports,Football,3,2830,5,8065.5,1965.39,UPI
3188,2024-01-16,South,Books,Dictionary,4,2151,0,8604.0,2514.18,UPI
3189,2024-02-10,West,Books,Novel,5,3218,5,15285.5,1962.93,UPI
3190,2024-12-02,North,Home,Sofa,5,2600,10,11700.0,1536.02,Cash on Delivery
3191,2024-01-25,West,Home,Table,5,4073,10,18328.5,2811.81,Net Banking
3192,2024-03-16,South,Electronics,Smart Watch,2,507,20,811.2,147.79,Cash on Delivery
3193,2024-07-27,West,Fashion,Jacket,4,1381,20,4419.2,821.95,Cash on Delivery
3194,2024-11-18,West,Fashion,Jeans,1,1213,10,1091.7,308.08,UPI
3195,2024-06-15,West,Home,Table,5,815,0,4075.0,1163.47,Cash on Delivery
3196,2024-03-06,North,Books,Novel,1,1545,15,1313.25,356.24,Card
3197,2024-11-05,South,Electronics,Headphones,3,4093,5,11665.05,1446.27,UPI
3198,2024-09-10,North,Home,Table,2,3560,20,5696.0,1487.94,UPI
3199,2024-12-29,South,Fashion,Shirt,1,1922,15,1633.7,366.74,Cash on Delivery
3200,2024-05-06,South,Fashion,Jacket,1,1827,20,1461.6,358.46,Net Banking
3201,2024-03-27,East,Home,Table,5,3185,5,15128.75,4264.93,Card
3202,2024-01-01,South,Fashion,Jacket,5,1857,20,7428.0,1639.2,Card
3203,2024-08-06,West,Home,Lamp,2,3200,5,6080.0,765.11,Net Banking
3204,2024-01-24,North,Electronics,Headphones,4,3553,0,14212.0,4000.39,Net Banking
3205,2024-04-12,West,Books,Biography,5,4378,0,21890.0,5535.94,Card
3206,2024-06-30,North,Sports,Football,1,4325,0,4325.0,567.41,UPI
3207,2024-09-30,South,Books,Biography,1,4338,15,3687.3,1049.44,Cash on Delivery
3208,2024-03-15,West,Home,Sofa,2,2956,15,5025.2,1260.07,Card
3209,2024-11-07,South,Fashion,Jeans,2,1622,20,2595.2,268.29,UPI
3210,2024-04-01,South,Home,Lamp,3,4889,20,11733.6,1535.42,Card
3211,2024-04-18,North,Home,Sofa,4,1799,20,5756.8,1718.87,Cash on Delivery
3212,2024-09-29,West,Home,Chair,2,4222,5,8021.8,909.14,UPI
3213,2024-09-05,West,Electronics,Headphones,4,2559,0,10236.0,2718.01,UPI
3214,2024-04-22,East,Home,Table,1,4901,10,4410.9,572.09,UPI
3215,2024-10-19,West,Sports,Cricket Bat,1,4467,10,4020.3,935.9,Card
3216,2024-07-04,West,Sports,Tennis Racket,1,2870,10,2583.0,666.8,UPI
3217,2024-02-06,North,Home,Lamp,2,851,10,1531.8,179.67,Cash on Delivery
3218,2024-10-22,East,Electronics,Headphones,4,2525,0,10100.0,2160.54,UPI
3219,2024-01-31,East,Sports,Cricket Bat,4,4782,15,16258.8,2789.21,Card
3220,2024-12-07,South,Sports,Football,1,2377,5,2258.15,422.09,Card
3221,2024-04-13,West,Electronics,Laptop,1,1413,0,1413.0,183.6,UPI
3222,2024-07-26,West,Books,Biography,5,3605,15,15321.25,3162.25,Net Banking
3223,2024-04-28,South,Electronics,Smart Watch,1,1651,15,1403.35,278.02,Net Banking
3224,2024-12-22,South,Electronics,Mobile,4,3489,0,13956.0,2680.62,Cash on Delivery
3225,2024-04-13,West,Books,Dictionary,3,2243,5,6392.55,1841.96,Cash on Delivery
3226,2024-04-03,West,Electronics,Laptop,3,2829,5,8062.65,856.06,Cash on Delivery
3227,2024-01-13,South,Fashion,Shirt,1,1598,0,1598.0,347.12,Cash on Delivery
3228,2024-09-02,West,Home,Sofa,3,2616,20,6278.4,1431.58,Cash on Delivery
3229,2024-06-07,North,Electronics,Laptop,2,3747,20,5995.2,1156.19,Cash on Delivery
3230,2024-06-07,West,Books,Dictionary,4,2739,20,8764.8,1661.5,Net Banking
3231,2024-05-11,South,Electronics,Smart Watch,4,3147,15,10699.8,2547.89,UPI
3232,2024-08-28,North,Home,Chair,4,2301,10,8283.6,1349.79,Card
3233,2024-08-13,West,Fashion,Shirt,3,4928,15,12566.4,2805.97,Net Banking
3234,2024-01-26,East,Electronics,Laptop,2,4963,15,8437.1,1219.57,Card
3235,2024-08-24,North,Home,Sofa,2,3314,10,5965.2,727.9,Card
3236,2024-09-25,West,Sports,Cricket Bat,3,2223,0,6669.0,1805.07,Cash on Delivery
3237,2024-06-01,West,Books,Comics,3,2607,15,6647.85,1538.92,Card
3238,2024-11-09,East,Home,Lamp,2,2818,10,5072.4,1304.18,Cash on Delivery
3239,2024-05-25,South,Electronics,Smart Watch,5,2286,10,10287.0,1596.11,Net Banking
3240,2024-03-15,West,Fashion,Shoes,3,440,20,1056.0,265.92,Card
3241,2024-04-21,East,Fashion,Shirt,5,3741,5,17769.75,3928.67,Net Banking
3242,2024-03-07,North,Books,Comics,2,1591,0,3182.0,933.81,Net Banking
3243,2024-04-08,North,Electronics,Mobile,4,655,15,2227.0,368.27,Cash on Delivery
3244,2024-01-20,East,Home,Sofa,3,4171,20,10010.4,1265.14,Card
3245,2024-07-14,North,Fashion,Shirt,3,2578,20,6187.2,1154.33,Cash on Delivery
3246,2024-02-24,South,Electronics,Mobile,5,747,0,3735.0,479.15,Cash on Delivery
3247,2024-04-07,South,Fashion,Shirt,4,3030,15,10302.0,2811.04,Net Banking
3248,2024-10-20,West,Home,Lamp,1,4849,15,4121.65,1212.47,UPI
3249,2024-12-22,North,Books,Biography,3,3253,20,7807.2,1246.57,Cash on Delivery
3250,2024-01-25,West,Home,Sofa,2,993,0,1986.0,287.11,Cash on Delivery
3251,2024-01-18,South,Fashion,Shoes,2,3637,5,6910.3,1980.2,Card
3252,2024-12-01,East,Fashion,Jeans,4,2698,5,10252.4,1568.87,Card
3253,2024-10-03,East,Electronics,Laptop,2,3992,20,6387.2,1169.73,Net Banking
3254,2024-03-19,East,Electronics,Laptop,2,4961,10,8929.8,1574.2,UPI
3255,2024-06-03,West,Electronics,Smart Watch,3,827,15,2108.85,322.02,UPI
3256,2024-01-25,North,Fashion,Shoes,2,2170,20,3472.0,898.51,Cash on Delivery
3257,2024-03-22,East,Fashion,Jeans,4,3501,10,12603.6,1717.05,Cash on Delivery
3258,2024-03-10,South,Fashion,Jeans,5,1555,20,6220.0,1608.75,UPI
3259,2024-04-27,East,Electronics,Mobile,4,4999,0,19996.0,2861.53,UPI
3260,2024-12-09,South,Electronics,Mobile,3,3644,15,9292.2,1748.74,UPI
3261,2024-11-08,East,Sports,Gym Bag,1,3884,15,3301.4,423.9,Net Banking
3262,2024-04-17,East,Books,Comics,2,764,5,1451.6,225.87,Cash on Delivery
3263,2024-04-30,South,Electronics,Laptop,2,4855,10,8739.0,2300.22,Card
3264,2024-02-04,East,Electronics,Mobile,2,682,5,1295.8,269.57,Net Banking
3265,2024-05-29,North,Books,Novel,4,1635,5,6213.0,1443.8,Card
3266,2024-02-22,North,Electronics,Headphones,4,3688,10,13276.8,3081.69,Net Banking
3267,2024-05-15,East,Sports,Gym Bag,3,3690,0,11070.0,2484.77,Card
3268,2024-03-19,East,Electronics,Smart Watch,5,2162,20,8648.0,2373.7,Net Banking
3269,2024-10-26,East,Sports,Cricket Bat,5,825,5,3918.75,513.79,UPI
3270,2024-05-06,West,Home,Sofa,5,2608,10,11736.0,3320.95,Card
3271,2024-03-07,South,Sports,Cricket Bat,4,4997,0,19988.0,5174.61,UPI
3272,2024-04-30,North,Electronics,Laptop,1,4649,15,3951.65,1158.63,UPI
3273,2024-05-29,North,Home,Sofa,1,4022,0,4022.0,1096.36,Net Banking
3274,2024-12-21,South,Electronics,Mobile,3,1148,20,2755.2,810.92,Cash on Delivery
3275,2024-09-09,East,Home,Table,1,4346,0,4346.0,584.68,Card
3276,2024-07-03,South,Sports,Tennis Racket,2,4867,15,8273.9,1128.21,UPI
3277,2024-12-16,South,Home,Table,1,3377,5,3208.15,562.64,Cash on Delivery
3278,2024-05-28,South,Home,Sofa,2,312,20,499.2,131.43,Card
3279,2024-09-17,West,Home,Lamp,1,2796,20,2236.8,599.74,Net Banking
3280,2024-07-10,North,Books,Comics,3,4106,0,12318.0,3213.62,UPI
3281,2024-09-11,East,Books,Dictionary,1,2865,5,2721.75,701.14,Net Banking
3282,2024-07-31,West,Home,Table,4,2013,5,7649.4,2214.7,Cash on Delivery
3283,2024-03-22,South,Fashion,Shoes,4,4379,15,14888.6,2438.48,Card
3284,2024-03-13,North,Home,Table,4,959,15,3260.6,553.84,UPI
3285,2024-02-29,North,Books,Biography,3,4991,5,14224.35,1851.75,Cash on Delivery
3286,2024-12-06,West,Electronics,Headphones,2,644,5,1223.6,267.09,Cash on Delivery
3287,2024-11-26,South,Books,Dictionary,4,2301,15,7823.4,1828.13,Card
3288,2024-12-05,East,Sports,Cricket Bat,2,650,15,1105.0,193.81,Cash on Delivery
3289,2024-12-01,East,Home,Chair,1,1893,5,1798.35,440.18,Card
3290,2024-02-02,North,Books,Novel,3,4678,5,13332.3,3211.41,Card
3291,2024-09-18,South,Electronics,Mobile,1,1716,0,1716.0,299.31,Cash on Delivery
3292,2024-06-01,South,Electronics,Headphones,4,4751,15,16153.4,3346.29,Net Banking
3293,2024-07-18,North,Electronics,Laptop,5,2976,10,13392.0,2829.12,UPI
3294,2024-08-14,South,Home,Lamp,1,648,15,550.8,74.65,Net Banking
3295,2024-11-22,South,Books,Dictionary,3,4566,10,12328.2,3146.0,Net Banking
3296,2024-04-21,West,Sports,Tennis Racket,3,1272,20,3052.8,571.08,Card
3297,2024-02-08,North,Home,Table,5,1454,15,6179.5,1617.38,Card
3298,2024-09-29,North,Fashion,Jeans,3,823,0,2469.0,387.3,Cash on Delivery
3299,2024-02-16,East,Fashion,Shirt,4,4486,20,14355.2,3653.36,UPI
3300,2024-11-29,South,Sports,Gym Bag,4,2574,20,8236.8,1961.44,UPI
3301,2024-08-04,North,Fashion,Jeans,5,463,0,2315.0,333.05,Net Banking
3302,2024-03-23,South,Sports,Football,1,811,0,811.0,137.52,Card
3303,2024-06-13,South,Books,Comics,5,3544,5,16834.0,4622.51,UPI
3304,2024-06-30,South,Electronics,Headphones,3,2301,20,5522.4,1545.33,UPI
3305,2024-01-31,West,Books,Biography,5,1700,20,6800.0,1723.54,UPI
3306,2024-03-31,West,Sports,Gym Bag,2,4046,15,6878.2,1972.07,Card
3307,2024-09-15,West,Books,Biography,2,2057,15,3496.9,634.69,UPI
3308,2024-10-09,West,Home,Chair,2,3557,15,6046.9,731.38,Net Banking
3309,2024-04-12,North,Home,Chair,1,1855,5,1762.25,410.19,Card
3310,2024-08-24,North,Fashion,Jeans,5,4462,5,21194.5,3600.21,Card
3311,2024-09-09,West,Books,Novel,3,462,15,1178.1,342.28,Net Banking
3312,2024-11-30,North,Sports,Football,4,3332,20,10662.4,1422.47,UPI
3313,2024-02-29,North,Home,Table,5,1343,15,5707.75,1263.35,Net Banking
3314,2024-10-04,East,Sports,Football,5,3732,20,14928.0,4040.2,Card
3315,2024-07-07,West,Home,Lamp,2,436,5,828.4,199.06,Net Banking
3316,2024-06-14,South,Sports,Gym Bag,5,3199,20,12796.0,3402.28,Card
3317,2024-06-24,East,Sports,Cricket Bat,5,4455,20,17820.0,3797.46,Card
3318,2024-10-23,East,Home,Table,4,373,15,1268.2,314.05,Card
3319,2024-08-04,West,Books,Novel,3,4192,5,11947.2,3022.24,Net Banking
3320,2024-10-10,North,Books,Comics,4,3546,15,12056.4,1257.71,UPI
3321,2024-07-26,East,Books,Dictionary,4,2388,20,7641.6,1302.04,Cash on Delivery
3322,2024-05-04,South,Home,Chair,5,4429,10,19930.5,2441.66,Net Banking
3323,2024-07-13,East,Home,Sofa,2,3565,20,5704.0,1182.36,UPI
3324,2024-12-05,East,Home,Chair,3,2888,0,8664.0,2239.36,Card
3325,2024-03-24,North,Books,Dictionary,3,1700,0,5100.0,1362.41,UPI
3326,2024-01-10,West,Sports,Cricket Bat,1,3549,15,3016.65,476.56,UPI
3327,2024-01-01,East,Books,Biography,5,2369,10,10660.5,2174.92,Card
3328,2024-11-12,North,Books,Biography,3,4252,10,11480.4,2678.97,Card
3329,2024-01-08,East,Books,Dictionary,1,4832,10,4348.8,796.69,Card
3330,2024-07-18,East,Fashion,Jacket,1,687,0,687.0,97.95,Cash on Delivery
3331,2024-10-12,East,Sports,Football,2,441,10,793.8,140.88,UPI
3332,2024-09-14,West,Home,Table,5,2710,15,11517.5,2185.62,UPI
3333,2024-01-16,North,Sports,Football,5,4167,5,19793.25,3619.97,UPI
3334,2024-06-04,West,Electronics,Mobile,3,1306,0,3918.0,572.75,Cash on Delivery
3335,2024-10-13,North,Home,Table,4,4264,10,15350.4,3577.46,Net Banking
3336,2024-02-29,South,Sports,Tennis Racket,3,616,15,1570.8,201.62,Card
3337,2024-04-04,West,Home,Lamp,4,1421,10,5115.6,1465.56,Card
3338,2024-08-13,North,Fashion,Shirt,3,2232,5,6361.2,1821.68,Cash on Delivery
3339,2024-12-16,West,Electronics,Headphones,3,4235,15,10799.25,1735.6,Cash on Delivery
3340,2024-09-30,South,Home,Lamp,5,3880,10,17460.0,2342.16,Card
3341,2024-04-21,North,Fashion,Shoes,4,970,5,3686.0,580.52,Cash on Delivery
3342,2024-02-16,North,Electronics,Mobile,1,2340,15,1989.0,249.71,Card
3343,2024-10-01,South,Electronics,Smart Watch,2,4095,15,6961.5,914.81,Cash on Delivery
3344,2024-04-02,East,Books,Biography,5,2929,10,13180.5,2778.83,Card
3345,2024-09-14,South,Books,Comics,3,1446,10,3904.2,469.6,UPI
3346,2024-01-27,East,Home,Sofa,5,988,15,4199.0,475.8,Cash on Delivery
3347,2024-05-17,East,Books,Novel,3,1059,10,2859.3,542.26,Cash on Delivery
3348,2024-02-27,East,Sports,Cricket Bat,2,3221,5,6119.9,976.2,Cash on Delivery
3349,2024-05-28,East,Sports,Football,5,2759,20,11036.0,2117.73,Cash on Delivery
3350,2024-04-23,North,Books,Biography,3,2195,15,5597.25,1131.25,UPI
3351,2024-11-25,South,Fashion,Shirt,4,981,0,3924.0,932.64,Card
3352,2024-10-12,West,Books,Biography,1,4502,15,3826.7,769.95,Card
3353,2024-10-11,South,Electronics,Headphones,4,4750,15,16150.0,2249.05,Cash on Delivery
3354,2024-07-28,East,Sports,Cricket Bat,1,2867,5,2723.65,338.95,Cash on Delivery
3355,2024-07-01,East,Home,Table,2,4253,20,6804.8,748.53,UPI
3356,2024-08-14,South,Sports,Gym Bag,3,2587,15,6596.85,1314.84,Net Banking
3357,2024-03-10,West,Sports,Cricket Bat,5,834,10,3753.0,543.8,Net Banking
3358,2024-12-19,West,Books,Comics,4,2446,10,8805.6,973.3,UPI
3359,2024-09-29,North,Electronics,Laptop,5,4839,10,21775.5,4266.65,UPI
3360,2024-05-27,South,Fashion,Shoes,1,996,20,796.8,174.41,Cash on Delivery
3361,2024-10-25,West,Fashion,Shoes,3,4515,20,10836.0,1728.43,Net Banking
3362,2024-09-23,South,Home,Sofa,5,3338,15,14186.5,2350.97,Cash on Delivery
3363,2024-10-02,North,Fashion,Shirt,2,1475,0,2950.0,555.25,Net Banking
3364,2024-02-11,South,Books,Novel,3,4632,20,11116.8,1528.63,Net Banking
3365,2024-06-17,East,Sports,Football,5,4634,10,20853.0,5905.17,Cash on Delivery
3366,2024-09-24,South,Electronics,Headphones,4,4366,5,16590.8,3394.72,Net Banking
3367,2024-08-10,South,Electronics,Laptop,2,543,5,1031.7,212.15,Cash on Delivery
3368,2024-10-02,North,Books,Novel,5,2313,20,9252.0,2749.83,Net Banking
3369,2024-02-23,East,Electronics,Headphones,5,393,0,1965.0,486.49,Card
3370,2024-08-04,North,Sports,Gym Bag,3,2885,5,8222.25,1743.57,Net Banking
3371,2024-08-25,South,Books,Biography,3,1032,10,2786.4,693.54,UPI
3372,2024-03-03,South,Electronics,Headphones,2,3532,0,7064.0,1760.53,UPI
3373,2024-06-06,North,Books,Biography,1,2336,20,1868.8,233.84,Net Banking
3374,2024-12-19,East,Fashion,Shoes,1,2293,15,1949.05,211.38,UPI
3375,2024-03-10,North,Books,Comics,5,1307,0,6535.0,1023.91,UPI
3376,2024-04-15,West,Home,Table,2,3580,0,7160.0,2013.07,Net Banking
3377,2024-10-17,South,Sports,Gym Bag,4,946,5,3594.8,855.71,Net Banking
3378,2024-08-08,East,Fashion,Jeans,2,794,0,1588.0,357.82,Cash on Delivery
3379,2024-07-11,East,Electronics,Headphones,4,2317,0,9268.0,2132.87,Net Banking
3380,2024-05-06,South,Fashion,Jacket,3,3140,0,9420.0,1132.78,Cash on Delivery
3381,2024-01-15,South,Sports,Football,5,2265,15,9626.25,1898.6,Net Banking
3382,2024-03-31,West,Fashion,Jacket,4,338,10,1216.8,344.14,Cash on Delivery
3383,2024-02-09,West,Books,Novel,3,2400,0,7200.0,1896.48,Net Banking
3384,2024-07-28,West,Electronics,Laptop,3,1977,10,5337.9,1105.39,Cash on Delivery
3385,2024-03-10,East,Home,Chair,1,606,5,575.7,134.63,UPI
3386,2024-03-09,North,Sports,Cricket Bat,3,1469,15,3745.95,689.03,Net Banking
3387,2024-10-30,East,Books,Novel,3,2516,15,6415.8,790.5,Card
3388,2024-09-10,North,Home,Table,5,3673,20,14692.0,3811.95,Net Banking
3389,2024-11-10,North,Sports,Tennis Racket,5,1722,5,8179.5,1645.15,Cash on Delivery
3390,2024-06-17,East,Books,Dictionary,3,3172,0,9516.0,2580.13,Card
3391,2024-01-11,South,Books,Dictionary,4,1309,15,4450.6,681.73,Card
3392,2024-10-29,North,Sports,Football,4,2519,0,10076.0,1416.88,Card
3393,2024-09-19,West,Books,Novel,2,4792,15,8146.4,1536.72,Cash on Delivery
3394,2024-02-18,South,Fashion,Jeans,4,2626,15,8928.4,1695.52,Cash on Delivery
3395,2024-01-12,North,Fashion,Shirt,5,1223,10,5503.5,762.79,Net Banking
3396,2024-05-14,West,Fashion,Jeans,2,3156,10,5680.8,1462.83,UPI
3397,2024-01-04,South,Electronics,Mobile,1,585,10,526.5,100.06,Card
3398,2024-02-21,North,Home,Lamp,1,763,15,648.55,154.29,Cash on Delivery
3399,2024-01-31,South,Books,Biography,3,3341,5,9521.85,2552.22,UPI
3400,2024-01-15,East,Books,Dictionary,1,1483,5,1408.85,352.4,Net Banking
3401,2024-03-31,South,Books,Dictionary,4,2395,20,7664.0,1390.06,Card
3402,2024-12-21,West,Home,Chair,3,1480,5,4218.0,666.12,Cash on Delivery
3403,2024-01-19,West,Fashion,Jeans,1,1183,20,946.4,251.45,UPI
3404,2024-01-26,West,Fashion,Shoes,5,3835,0,19175.0,4554.22,Card
3405,2024-01-29,South,Sports,Football,5,3571,15,15176.75,3625.6,Card
3406,2024-03-10,North,Fashion,Shirt,5,3046,5,14468.5,2578.07,Net Banking
3407,2024-08-26,South,Electronics,Headphones,4,4754,20,15212.8,1616.14,Cash on Delivery
3408,2024-10-15,North,Sports,Tennis Racket,1,1084,15,921.4,136.99,Cash on Delivery
3409,2024-12-01,West,Electronics,Laptop,2,4080,0,8160.0,1125.27,UPI
3410,2024-10-16,South,Sports,Cricket Bat,1,1194,5,1134.3,236.06,Net Banking
3411,2024-05-09,North,Electronics,Smart Watch,4,4360,5,16568.0,2271.93,UPI
3412,2024-08-30,West,Home,Lamp,1,4363,0,4363.0,933.23,UPI
3413,2024-04-25,East,Electronics,Smart Watch,3,2306,15,5880.3,651.29,Card
3414,2024-01-08,South,Home,Lamp,2,3253,5,6180.7,732.84,Net Banking
3415,2024-10-25,South,Fashion,Shoes,2,2510,0,5020.0,644.48,UPI
3416,2024-12-11,West,Home,Lamp,4,1776,15,6038.4,1349.01,Card
3417,2024-07-28,East,Fashion,Jacket,3,1073,5,3058.05,870.29,Net Banking
3418,2024-12-20,East,Electronics,Smart Watch,5,497,5,2360.75,363.72,Cash on Delivery
3419,2024-06-12,North,Home,Lamp,4,603,5,2291.4,277.61,UPI
3420,2024-11-06,South,Books,Novel,4,4727,15,16071.8,4800.22,Cash on Delivery
3421,2024-03-05,East,Books,Dictionary,4,4854,15,16503.6,4261.77,Net Banking
3422,2024-08-21,West,Fashion,Jacket,1,379,20,303.2,62.19,Cash on Delivery
3423,2024-10-19,South,Home,Chair,4,4866,0,19464.0,5748.58,UPI
3424,2024-01-23,East,Electronics,Smart Watch,5,4946,5,23493.5,2752.28,Cash on Delivery
3425,2024-05-22,South,Electronics,Smart Watch,4,1347,5,5118.6,1315.91,Card
3426,2024-04-24,West,Books,Comics,3,3978,0,11934.0,2396.75,UPI
3427,2024-03-27,East,Books,Dictionary,3,3836,5,10932.6,1416.94,UPI
3428,2024-01-01,South,Electronics,Mobile,4,1515,0,6060.0,1041.45,Cash on Delivery
3429,2024-05-07,North,Fashion,Jeans,1,468,0,468.0,98.14,Net Banking
3430,2024-03-03,West,Home,Sofa,2,1211,20,1937.6,195.63,UPI
3431,2024-07-15,West,Home,Chair,1,489,20,391.2,113.83,UPI
3432,2024-11-12,South,Books,Biography,2,4350,5,8265.0,2370.1,Net Banking
3433,2024-10-07,North,Electronics,Smart Watch,5,3059,10,13765.5,2872.38,UPI
3434,2024-12-16,East,Sports,Gym Bag,4,2306,0,9224.0,1015.86,Cash on Delivery
3435,2024-02-19,West,Fashion,Jeans,1,1092,5,1037.4,301.49,UPI
3436,2024-09-13,East,Books,Novel,1,4848,10,4363.2,1042.2,Cash on Delivery
3437,2024-02-05,South,Fashion,Shoes,1,1849,10,1664.1,434.3,UPI
3438,2024-06-13,East,Home,Table,2,2575,15,4377.5,797.68,Net Banking
3439,2024-01-28,East,Sports,Tennis Racket,5,2539,15,10790.75,2011.27,Card
3440,2024-12-18,South,Electronics,Laptop,3,431,5,1228.35,296.36,UPI
3441,2024-01-01,South,Books,Biography,2,4505,15,7658.5,1679.45,Cash on Delivery
3442,2024-09-11,South,Fashion,Jacket,1,4648,10,4183.2,837.31,UPI
3443,2024-07-29,South,Home,Lamp,4,2162,10,7783.2,1770.17,Card
3444,2024-03-22,South,Home,Table,3,4022,0,12066.0,1226.92,UPI
3445,2024-02-05,South,Books,Novel,5,3019,0,15095.0,3166.79,Net Banking
3446,2024-02-28,East,Fashion,Shoes,5,446,10,2007.0,467.86,Net Banking
3447,2024-07-28,West,Electronics,Laptop,5,1716,5,8151.0,905.38,Net Banking
3448,2024-02-14,North,Electronics,Laptop,2,4900,5,9310.0,1903.66,Net Banking
3449,2024-02-05,South,Electronics,Laptop,2,1341,20,2145.6,529.97,Net Banking
3450,2024-09-11,South,Home,Chair,1,2466,20,1972.8,479.52,UPI
3451,2024-06-05,East,Sports,Gym Bag,2,2418,10,4352.4,767.62,UPI
3452,2024-02-24,West,Fashion,Jeans,4,2092,10,7531.2,1329.74,UPI
3453,2024-06-07,East,Books,Novel,2,356,10,640.8,128.06,Card
3454,2024-09-08,East,Sports,Cricket Bat,2,3164,20,5062.4,1479.34,UPI
3455,2024-07-20,South,Sports,Cricket Bat,3,1131,5,3223.35,854.86,Card
3456,2024-03-19,West,Sports,Football,4,3473,10,12502.8,3580.51,Net Banking
3457,2024-09-18,North,Fashion,Shoes,5,3920,15,16660.0,4505.87,Net Banking
3458,2024-07-04,West,Home,Lamp,4,959,5,3644.2,785.82,Card
3459,2024-06-03,West,Electronics,Laptop,1,4480,10,4032.0,806.88,Net Banking
3460,2024-08-02,South,Fashion,Jeans,3,2527,5,7201.95,1163.26,Cash on Delivery
3461,2024-05-09,North,Sports,Cricket Bat,2,1011,10,1819.8,469.74,Net Banking
3462,2024-07-23,South,Books,Comics,3,2403,20,5767.2,1482.93,UPI
3463,2024-10-06,North,Home,Lamp,1,1128,20,902.4,179.23,Card
3464,2024-04-29,South,Books,Novel,4,2340,0,9360.0,2540.63,Net Banking
3465,2024-02-03,East,Home,Table,5,2655,20,10620.0,2919.29,Card
3466,2024-06-26,West,Books,Comics,5,490,15,2082.5,377.0,UPI
3467,2024-06-08,North,Electronics,Laptop,2,1046,5,1987.4,522.76,Cash on Delivery
3468,2024-01-27,North,Fashion,Shoes,2,2324,0,4648.0,574.92,Net Banking
3469,2024-01-28,North,Home,Sofa,2,4368,5,8299.2,996.7,Net Banking
3470,2024-02-11,South,Electronics,Mobile,1,1951,0,1951.0,427.14,UPI
3471,2024-02-29,North,Electronics,Headphones,1,2019,10,1817.1,515.69,Net Banking
3472,2024-11-18,West,Fashion,Shirt,1,4122,20,3297.6,603.42,UPI
3473,2024-11-21,East,Sports,Cricket Bat,5,717,20,2868.0,435.0,Cash on Delivery
3474,2024-06-23,East,Sports,Tennis Racket,1,1286,0,1286.0,181.59,Net Banking
3475,2024-09-24,South,Fashion,Shoes,1,485,15,412.25,117.3,Net Banking
3476,2024-02-24,South,Electronics,Smart Watch,4,760,5,2888.0,559.09,Net Banking
3477,2024-12-12,North,Sports,Football,5,4150,5,19712.5,2482.9,Card
3478,2024-06-22,East,Books,Dictionary,4,4317,0,17268.0,3576.11,Net Banking
3479,2024-04-03,West,Fashion,Shirt,4,4884,0,19536.0,5468.79,UPI
3480,2024-11-29,East,Home,Chair,3,4113,20,9871.2,1049.26,Card
3481,2024-03-03,South,Home,Lamp,2,2047,15,3479.9,1018.92,Card
3482,2024-05-12,West,Sports,Football,5,3432,20,13728.0,2340.38,Net Banking
3483,2024-05-05,North,Sports,Gym Bag,4,3924,10,14126.4,1599.94,UPI
3484,2024-06-01,South,Books,Comics,1,2936,0,2936.0,725.66,Net Banking
3485,2024-01-24,North,Fashion,Jacket,1,4234,0,4234.0,607.65,Cash on Delivery
3486,2024-10-22,South,Books,Comics,3,2035,0,6105.0,1367.52,Card
3487,2024-02-24,East,Fashion,Shoes,5,840,5,3990.0,417.82,Cash on Delivery
3488,2024-02-06,North,Sports,Football,3,2172,0,6516.0,843.64,Cash on Delivery
3489,2024-04-28,East,Sports,Gym Bag,5,3479,10,15655.5,2831.39,Card
3490,2024-01-09,South,Books,Comics,3,4805,0,14415.0,1710.98,Cash on Delivery
3491,2024-03-03,West,Electronics,Headphones,4,2426,5,9218.8,1826.4,Net Banking
3492,2024-03-11,South,Home,Sofa,5,3060,10,13770.0,3427.24,UPI
3493,2024-10-15,West,Books,Novel,4,2999,0,11996.0,1521.06,Cash on Delivery
3494,2024-12-09,East,Sports,Football,3,2426,5,6914.1,1211.88,UPI
3495,2024-08-10,South,Books,Dictionary,2,3440,0,6880.0,899.23,Cash on Delivery
3496,2024-08-14,West,Home,Lamp,4,4138,5,15724.4,1687.79,UPI
3497,2024-07-15,West,Electronics,Laptop,2,800,20,1280.0,246.74,Cash on Delivery
3498,2024-06-06,South,Home,Sofa,4,801,5,3043.8,363.86,Cash on Delivery
3499,2024-12-27,South,Fashion,Shirt,4,2728,0,10912.0,2925.59,Cash on Delivery
3500,2024-07-20,West,Sports,Cricket Bat,1,1627,20,1301.6,175.13,Cash on Delivery
3501,2024-01-24,South,Books,Dictionary,4,1823,20,5833.6,1185.61,Cash on Delivery
3502,2024-12-15,West,Sports,Gym Bag,3,1414,0,4242.0,802.01,Net Banking
3503,2024-08-31,West,Fashion,Jeans,1,1991,10,1791.9,253.82,Net Banking
3504,2024-09-15,East,Sports,Cricket Bat,5,1327,5,6303.25,1756.23,Net Banking
3505,2024-10-29,West,Sports,Football,1,2456,20,1964.8,557.42,Net Banking
3506,2024-01-14,North,Fashion,Jeans,3,3335,5,9504.75,1444.17,Cash on Delivery
3507,2024-11-01,West,Books,Biography,2,3725,0,7450.0,2170.92,Cash on Delivery
3508,2024-07-29,East,Sports,Gym Bag,1,2874,5,2730.3,645.34,Cash on Delivery
3509,2024-05-10,West,Sports,Football,5,4095,15,17403.75,4214.07,Cash on Delivery
3510,2024-03-16,North,Fashion,Jacket,5,526,5,2498.5,665.19,Cash on Delivery
3511,2024-01-31,South,Fashion,Jacket,4,1366,15,4644.4,1141.26,Card
3512,2024-07-08,South,Fashion,Jeans,4,1146,0,4584.0,1156.61,Net Banking
3513,2024-03-21,North,Sports,Gym Bag,4,1173,15,3988.2,529.94,Cash on Delivery
3514,2024-01-17,North,Books,Comics,3,2497,20,5992.8,1083.68,Card
3515,2024-04-05,North,Home,Table,4,364,5,1383.2,300.02,Card
3516,2024-04-04,West,Electronics,Mobile,5,4802,0,24010.0,2860.34,Cash on Delivery
3517,2024-08-18,West,Sports,Tennis Racket,1,796,15,676.6,141.59,UPI
3518,2024-06-24,South,Sports,Football,1,3577,5,3398.15,642.69,UPI
3519,2024-04-03,East,Electronics,Laptop,5,1924,5,9139.0,1251.59,Net Banking
3520,2024-03-22,West,Home,Lamp,5,2133,0,10665.0,2907.33,Net Banking
3521,2024-10-15,West,Books,Comics,4,2279,20,7292.8,737.05,Card
3522,2024-02-25,East,Electronics,Smart Watch,3,798,5,2274.3,628.15,Cash on Delivery
3523,2024-04-02,South,Books,Biography,2,4084,5,7759.6,2314.39,Net Banking
3524,2024-06-01,South,Books,Novel,5,1265,15,5376.25,776.55,UPI
3525,2024-03-28,North,Books,Dictionary,2,3826,15,6504.2,1239.13,Cash on Delivery
3526,2024-01-12,East,Sports,Cricket Bat,3,1982,20,4756.8,941.13,Cash on Delivery
3527,2024-07-30,West,Sports,Football,3,322,15,821.1,204.98,Cash on Delivery
3528,2024-10-31,North,Electronics,Mobile,5,383,0,1915.0,407.91,Card
3529,2024-11-13,South,Electronics,Mobile,1,3342,10,3007.8,831.43,Card
3530,2024-03-21,East,Electronics,Headphones,5,4989,0,24945.0,5411.98,Card
3531,2024-07-02,South,Home,Table,2,1719,0,3438.0,1002.11,Card
3532,2024-02-28,South,Electronics,Laptop,3,3014,10,8137.8,2202.91,UPI
3533,2024-10-24,East,Books,Biography,3,2991,0,8973.0,1302.94,Net Banking
3534,2024-05-30,South,Books,Comics,5,1886,5,8958.5,1241.2,Card
3535,2024-06-26,South,Fashion,Jacket,5,3795,5,18026.25,1828.74,UPI
3536,2024-08-15,North,Books,Biography,2,2507,10,4512.6,532.91,UPI
3537,2024-09-11,East,Home,Sofa,5,1396,0,6980.0,862.59,Card
3538,2024-03-22,North,Sports,Cricket Bat,4,4066,10,14637.6,3185.14,Cash on Delivery
3539,2024-06-24,West,Electronics,Laptop,2,2497,0,4994.0,1065.08,Net Banking
3540,2024-02-21,South,Books,Novel,2,3540,15,6018.0,693.29,Card
3541,2024-08-30,South,Sports,Tennis Racket,4,1349,15,4586.6,1242.94,Cash on Delivery
3542,2024-12-25,West,Home,Table,3,3438,0,10314.0,2882.35,Card
3543,2024-12-03,North,Electronics,Smart Watch,4,2172,0,8688.0,876.64,Card
3544,2024-02-02,East,Books,Comics,2,2515,0,5030.0,695.2,UPI
3545,2024-03-12,East,Home,Table,3,381,10,1028.7,122.23,Card
3546,2024-10-29,East,Electronics,Laptop,2,704,20,1126.4,304.43,Net Banking
3547,2024-03-08,East,Sports,Cricket Bat,4,1339,10,4820.4,1149.59,Cash on Delivery
3548,2024-01-04,South,Fashion,Shirt,3,2932,20,7036.8,1817.21,Card
3549,2024-04-16,West,Home,Sofa,1,3834,15,3258.9,739.15,Card
3550,2024-03-25,West,Fashion,Jeans,3,1080,10,2916.0,800.5,UPI
3551,2024-11-21,East,Home,Sofa,4,2552,0,10208.0,2824.39,Cash on Delivery
3552,2024-03-10,South,Books,Comics,5,1707,10,7681.5,1842.75,Net Banking
3553,2024-07-04,North,Sports,Cricket Bat,5,2480,15,10540.0,2070.59,Card
3554,2024-03-29,East,Home,Table,3,956,20,2294.4,409.22,Card
3555,2024-03-27,North,Fashion,Shoes,1,4668,5,4434.6,756.25,Net Banking
3556,2024-04-02,South,Home,Sofa,5,3668,5,17423.0,3794.67,Cash on Delivery
3557,2024-10-31,South,Electronics,Laptop,2,2312,10,4161.6,488.73,Card
3558,2024-07-23,West,Electronics,Laptop,4,1694,15,5759.6,621.76,Net Banking
3559,2024-09-01,East,Electronics,Headphones,1,3259,15,2770.15,384.61,UPI
3560,2024-10-21,North,Home,Chair,2,913,0,1826.0,451.87,UPI
3561,2024-06-01,East,Fashion,Jeans,2,4713,20,7540.8,1021.98,Card
3562,2024-08-02,North,Sports,Football,5,2120,15,9010.0,2436.62,UPI
3563,2024-02-26,West,Electronics,Mobile,4,605,10,2178.0,392.03,Net Banking
3564,2024-01-06,West,Sports,Football,4,1363,15,4634.2,724.21,Cash on Delivery
3565,2024-08-15,South,Electronics,Headphones,4,1721,5,6539.8,1008.93,UPI
3566,2024-01-07,South,Sports,Cricket Bat,1,1984,5,1884.8,484.96,UPI
3567,2024-02-20,East,Books,Comics,1,3865,10,3478.5,443.31,Card
3568,2024-08-28,East,Sports,Tennis Racket,3,1252,5,3568.2,684.93,Net Banking
3569,2024-05-08,West,Sports,Tennis Racket,4,559,15,1900.6,516.45,Card
3570,2024-08-30,South,Books,Comics,5,668,10,3006.0,829.66,UPI
3571,2024-09-10,North,Home,Lamp,5,4809,15,20438.25,2124.65,UPI
3572,2024-10-13,South,Books,Biography,3,1797,0,5391.0,1490.29,Cash on Delivery
3573,2024-04-22,East,Fashion,Jacket,3,2489,0,7467.0,1894.5,Card
3574,2024-08-17,West,Home,Lamp,3,1908,20,4579.2,1212.49,Cash on Delivery
3575,2024-07-12,South,Books,Novel,3,2703,20,6487.2,1128.41,Card
3576,2024-12-27,North,Fashion,Jacket,3,4130,5,11770.5,1642.83,Net Banking
3577,2024-11-16,North,Home,Chair,1,3076,5,2922.2,584.94,Cash on Delivery
3578,2024-06-13,East,Home,Sofa,2,1048,15,1781.6,436.89,Card
3579,2024-12-10,North,Books,Novel,5,2105,15,8946.25,1849.42,Cash on Delivery
3580,2024-09-15,East,Sports,Football,4,3663,0,14652.0,2325.57,Net Banking
3581,2024-02-12,East,Books,Comics,2,4044,0,8088.0,1449.66,Net Banking
3582,2024-12-13,East,Books,Dictionary,4,2400,15,8160.0,2201.7,Card
3583,2024-09-22,West,Sports,Cricket Bat,5,850,10,3825.0,886.73,UPI
3584,2024-10-22,North,Home,Chair,2,4009,15,6815.3,1941.68,Card
3585,2024-01-11,East,Electronics,Laptop,3,635,15,1619.25,372.37,Net Banking
3586,2024-04-26,East,Home,Table,4,3809,0,15236.0,2551.91,UPI
3587,2024-09-04,East,Fashion,Jacket,4,4471,5,16989.8,2416.88,Net Banking
3588,2024-04-03,North,Sports,Cricket Bat,4,4158,0,16632.0,3486.05,Card
3589,2024-09-17,West,Fashion,Jacket,4,2603,0,10412.0,2320.44,Net Banking
3590,2024-07-17,East,Books,Dictionary,2,4415,10,7947.0,1869.54,UPI
3591,2024-07-23,West,Sports,Cricket Bat,2,2795,5,5310.5,1270.67,Net Banking
3592,2024-12-21,East,Electronics,Headphones,1,2779,20,2223.2,283.7,UPI
3593,2024-12-15,East,Sports,Football,5,3761,0,18805.0,3930.49,Net Banking
3594,2024-07-24,West,Sports,Football,4,1987,5,7550.6,2021.95,UPI
3595,2024-12-10,West,Fashion,Shirt,2,1752,20,2803.2,750.87,UPI
3596,2024-04-14,West,Books,Biography,1,4902,5,4656.9,855.64,Cash on Delivery
3597,2024-11-08,North,Fashion,Jacket,4,349,20,1116.8,206.14,Cash on Delivery
3598,2024-02-14,West,Home,Table,5,2691,5,12782.25,1355.45,Card
3599,2024-08-18,East,Fashion,Shoes,5,457,0,2285.0,357.5,Net Banking
3600,2024-07-07,South,Electronics,Smart Watch,1,3085,20,2468.0,463.58,UPI
3601,2024-12-03,East,Home,Table,2,4899,20,7838.4,1947.84,Cash on Delivery
3602,2024-09-14,South,Fashion,Shirt,1,4116,20,3292.8,402.81,Net Banking
3603,2024-02-22,West,Electronics,Smart Watch,3,2116,0,6348.0,1071.21,UPI
3604,2024-01-24,South,Sports,Tennis Racket,5,1063,10,4783.5,479.76,Net Banking
3605,2024-08-16,North,Electronics,Smart Watch,5,1578,15,6706.5,1516.76,UPI
3606,2024-08-20,North,Electronics,Mobile,5,4718,0,23590.0,4800.95,UPI
3607,2024-11-29,South,Fashion,Jacket,5,1656,20,6624.0,1915.49,Card
3608,2024-10-16,East,Home,Lamp,1,457,15,388.45,50.29,Cash on Delivery
3609,2024-10-30,East,Fashion,Jacket,1,916,15,778.6,161.92,Net Banking
3610,2024-10-12,North,Electronics,Smart Watch,2,4168,15,7085.6,1263.95,UPI
3611,2024-08-03,North,Electronics,Mobile,2,1283,15,2181.1,242.9,Card
3612,2024-11-18,East,Fashion,Shoes,3,2088,10,5637.6,1469.24,Net Banking
3613,2024-05-31,East,Fashion,Shoes,5,4269,0,21345.0,2481.24,UPI
3614,2024-03-20,South,Fashion,Shoes,3,2060,15,5253.0,1152.16,UPI
3615,2024-10-18,East,Fashion,Jacket,2,373,5,708.7,149.01,Cash on Delivery
3616,2024-05-04,North,Sports,Gym Bag,2,3386,15,5756.2,576.51,Cash on Delivery
3617,2024-05-10,South,Sports,Tennis Racket,3,644,10,1738.8,297.29,Net Banking
3618,2024-12-25,West,Books,Novel,3,2580,0,7740.0,2276.95,Net Banking
3619,2024-09-22,North,Home,Table,3,4969,15,12670.95,3796.41,Card
3620,2024-08-07,West,Home,Lamp,4,1547,5,5878.6,1717.41,Card
3621,2024-03-07,West,Electronics,Smart Watch,4,4633,15,15752.2,2469.01,UPI
3622,2024-11-05,West,Home,Lamp,2,1405,0,2810.0,815.64,Card
3623,2024-07-15,South,Books,Dictionary,2,3664,20,5862.4,1313.04,UPI
3624,2024-06-25,North,Sports,Gym Bag,4,4962,20,15878.4,2884.09,Card
3625,2024-10-11,South,Sports,Cricket Bat,2,2926,20,4681.6,1156.17,Net Banking
3626,2024-01-07,West,Books,Dictionary,4,1834,10,6602.4,1870.28,Net Banking
3627,2024-11-07,South,Home,Chair,3,4602,5,13115.7,1439.73,Cash on Delivery
3628,2024-03-20,East,Fashion,Shirt,2,4624,5,8785.6,2593.59,UPI
3629,2024-11-30,North,Fashion,Jacket,1,336,0,336.0,53.06,UPI
3630,2024-01-18,South,Sports,Gym Bag,5,851,10,3829.5,950.63,Card
3631,2024-06-13,South,Home,Chair,3,1268,0,3804.0,535.7,Net Banking
3632,2024-06-01,South,Fashion,Jacket,1,4724,15,4015.4,919.07,Net Banking
3633,2024-01-29,East,Fashion,Jeans,1,2999,20,2399.2,705.18,Card
3634,2024-08-06,South,Books,Biography,3,2201,0,6603.0,1413.34,Net Banking
3635,2024-11-28,East,Sports,Football,5,3582,5,17014.5,4816.38,UPI
3636,2024-11-17,South,Home,Sofa,1,997,15,847.45,196.42,Card
3637,2024-09-02,West,Electronics,Smart Watch,4,1123,20,3593.6,668.85,Cash on Delivery
3638,2024-12-29,North,Fashion,Shoes,3,2330,10,6291.0,1246.56,UPI
3639,2024-07-26,South,Fashion,Shoes,1,1890,15,1606.5,372.86,Cash on Delivery
3640,2024-02-07,North,Electronics,Laptop,4,4315,15,14671.0,2043.52,Card
3641,2024-01-24,North,Sports,Tennis Racket,2,3732,0,7464.0,1877.3,Card
3642,2024-08-23,North,Fashion,Shoes,5,1924,20,7696.0,1515.0,Card
3643,2024-05-26,East,Electronics,Mobile,2,2707,10,4872.6,755.31,Net Banking
3644,2024-03-06,East,Books,Novel,4,3832,0,15328.0,2893.72,Net Banking
3645,2024-08-29,North,Fashion,Shoes,1,4153,15,3530.05,579.88,UPI
3646,2024-02-10,North,Electronics,Headphones,4,2257,5,8576.6,2339.49,Cash on Delivery
3647,2024-10-12,West,Home,Lamp,2,2395,0,4790.0,1058.61,UPI
3648,2024-06-13,East,Home,Chair,3,4761,0,14283.0,3510.53,UPI
3649,2024-07-22,East,Sports,Tennis Racket,5,3514,10,15813.0,2368.4,UPI
3650,2024-01-07,West,Electronics,Smart Watch,1,714,10,642.6,65.71,Card
3651,2024-11-05,East,Home,Lamp,1,4720,10,4248.0,1261.41,Card
3652,2024-07-20,South,Books,Biography,1,4720,0,4720.0,1114.84,Net Banking
3653,2024-11-17,South,Fashion,Shirt,5,3345,20,13380.0,2822.33,Cash on Delivery
3654,2024-02-16,North,Electronics,Smart Watch,2,3509,10,6316.2,830.51,Cash on Delivery
3655,2024-08-01,West,Sports,Tennis Racket,5,1992,5,9462.0,2313.22,Cash on Delivery
3656,2024-09-14,North,Fashion,Jeans,2,4137,10,7446.6,1137.31,UPI
3657,2024-01-22,West,Books,Novel,4,648,20,2073.6,505.89,Net Banking
3658,2024-04-23,North,Books,Biography,1,1059,20,847.2,226.9,Cash on Delivery
3659,2024-10-02,South,Electronics,Laptop,2,3493,15,5938.1,712.88,Cash on Delivery
3660,2024-02-27,North,Home,Lamp,3,1635,15,4169.25,617.86,UPI
3661,2024-04-25,North,Books,Dictionary,3,4025,5,11471.25,1483.78,Cash on Delivery
3662,2024-05-31,North,Books,Dictionary,4,4210,10,15156.0,2617.01,Cash on Delivery
3663,2024-07-18,South,Sports,Football,2,954,15,1621.8,405.68,Cash on Delivery
3664,2024-07-17,South,Electronics,Headphones,5,2530,15,10752.5,2959.95,Net Banking
3665,2024-01-02,West,Sports,Cricket Bat,2,2333,10,4199.4,1010.48,Net Banking
3666,2024-01-09,North,Home,Table,2,3448,0,6896.0,1710.02,Cash on Delivery
3667,2024-09-21,West,Fashion,Shoes,5,3973,0,19865.0,2844.99,Net Banking
3668,2024-05-02,East,Sports,Football,1,3522,5,3345.9,362.38,Net Banking
3669,2024-11-27,East,Sports,Football,1,1358,20,1086.4,301.39,UPI
3670,2024-10-27,North,Sports,Tennis Racket,5,4764,20,19056.0,2365.55,Card
3671,2024-01-12,South,Electronics,Laptop,1,2243,0,2243.0,288.52,Card
3672,2024-12-22,East,Books,Comics,2,1938,15,3294.6,828.25,Net Banking
3673,2024-01-23,South,Books,Comics,1,1829,15,1554.65,168.42,Net Banking
3674,2024-11-18,East,Fashion,Jacket,4,2718,10,9784.8,1482.96,Cash on Delivery
3675,2024-12-21,North,Books,Biography,3,2641,20,6338.4,1854.16,Cash on Delivery
3676,2024-10-07,South,Home,Lamp,5,1041,0,5205.0,1100.79,UPI
3677,2024-06-18,East,Books,Dictionary,3,4636,5,13212.6,2070.13,Cash on Delivery
3678,2024-01-27,South,Sports,Gym Bag,2,3339,5,6344.1,790.92,Net Banking
3679,2024-03-12,West,Home,Sofa,1,2222,15,1888.7,227.61,Net Banking
3680,2024-08-03,North,Home,Sofa,4,385,10,1386.0,263.04,Card
3681,2024-01-14,South,Sports,Football,2,3194,0,6388.0,1106.37,Cash on Delivery
3682,2024-08-04,South,Electronics,Headphones,1,855,15,726.75,106.16,UPI
3683,2024-07-10,East,Sports,Football,4,742,10,2671.2,548.43,UPI
3684,2024-06-06,East,Fashion,Jeans,3,914,5,2604.9,388.28,Cash on Delivery
3685,2024-12-21,North,Sports,Tennis Racket,4,2464,10,8870.4,1266.33,Cash on Delivery
3686,2024-11-25,East,Sports,Football,4,1308,20,4185.6,1200.07,UPI
3687,2024-07-17,West,Books,Dictionary,3,3614,20,8673.6,1239.99,Cash on Delivery
3688,2024-07-21,South,Electronics,Mobile,3,4354,10,11755.8,2650.23,Net Banking
3689,2024-08-30,East,Books,Novel,4,702,5,2667.6,784.58,Net Banking
3690,2024-11-04,South,Electronics,Headphones,1,1121,20,896.8,122.97,UPI
3691,2024-12-19,West,Home,Sofa,2,2077,5,3946.3,1065.74,Card
3692,2024-05-28,South,Books,Dictionary,2,2023,20,3236.8,969.93,Net Banking
3693,2024-07-21,South,Home,Chair,5,1392,10,6264.0,927.16,Card
3694,2024-11-14,South,Sports,Gym Bag,3,1654,15,4217.7,821.1,Card
3695,2024-01-12,East,Fashion,Jeans,2,682,5,1295.8,191.34,Card
3696,2024-03-30,East,Books,Novel,1,834,15,708.9,158.35,Card
3697,2024-11-05,East,Books,Comics,2,2040,10,3672.0,730.47,UPI
3698,2024-05-17,North,Books,Biography,4,3014,10,10850.4,2955.69,Cash on Delivery
3699,2024-04-13,West,Home,Table,1,3925,10,3532.5,661.58,UPI
3700,2024-04-19,North,Books,Biography,1,330,15,280.5,72.29,Card
3701,2024-04-21,West,Fashion,Jeans,2,1350,15,2295.0,435.77,Net Banking
3702,2024-09-01,West,Fashion,Shirt,5,576,15,2448.0,441.53,Cash on Delivery
3703,2024-01-18,North,Electronics,Smart Watch,2,4875,10,8775.0,969.39,Net Banking
3704,2024-02-13,South,Home,Lamp,5,4424,10,19908.0,2529.4,Cash on Delivery
3705,2024-08-30,East,Electronics,Smart Watch,1,1383,15,1175.55,181.09,Net Banking
3706,2024-08-08,West,Home,Table,4,3742,5,14219.6,2477.77,UPI
3707,2024-11-20,North,Fashion,Shirt,2,3616,5,6870.4,1792.97,Cash on Delivery
3708,2024-10-31,West,Sports,Tennis Racket,1,2616,20,2092.8,396.72,Cash on Delivery
3709,2024-10-21,North,Sports,Cricket Bat,5,2082,20,8328.0,1997.03,Net Banking
3710,2024-06-09,North,Books,Comics,3,4445,15,11334.75,1211.42,Cash on Delivery
3711,2024-03-08,South,Electronics,Headphones,2,3715,15,6315.5,1006.18,Card
3712,2024-12-04,West,Fashion,Shoes,1,1371,0,1371.0,180.14,UPI
3713,2024-12-24,East,Electronics,Headphones,5,3080,5,14630.0,2198.82,UPI
3714,2024-09-11,West,Electronics,Mobile,4,1638,5,6224.4,1754.81,Cash on Delivery
3715,2024-02-02,South,Home,Table,3,3557,15,9070.35,2261.28,Net Banking
3716,2024-01-30,South,Books,Biography,2,3988,20,6380.8,1458.6,Net Banking
3717,2024-04-12,North,Home,Lamp,4,4577,0,18308.0,3238.39,UPI
3718,2024-07-19,West,Home,Lamp,3,4130,20,9912.0,2179.57,Cash on Delivery
3719,2024-04-08,West,Electronics,Headphones,4,2506,20,8019.2,2044.97,Net Banking
3720,2024-01-26,North,Books,Biography,5,3943,5,18729.25,2627.08,UPI
3721,2024-02-20,South,Books,Novel,4,985,15,3349.0,603.34,UPI
3722,2024-06-18,East,Sports,Tennis Racket,3,3983,20,9559.2,1732.8,Cash on Delivery
3723,2024-05-10,East,Sports,Gym Bag,3,3236,15,8251.8,1406.21,Card
3724,2024-06-21,East,Sports,Gym Bag,1,356,0,356.0,63.11,Net Banking
3725,2024-06-29,South,Books,Dictionary,3,770,10,2079.0,237.54,Net Banking
3726,2024-02-05,North,Home,Lamp,2,1734,10,3121.2,849.95,Cash on Delivery
3727,2024-09-30,East,Books,Dictionary,1,1477,5,1403.15,196.89,Net Banking
3728,2024-01-11,South,Sports,Football,3,4149,0,12447.0,3062.43,Net Banking
3729,2024-09-19,South,Fashion,Jacket,1,2743,10,2468.7,322.85,Card
3730,2024-01-16,South,Sports,Football,1,3026,0,3026.0,629.75,Card
3731,2024-11-22,North,Books,Comics,2,2504,20,4006.4,410.35,Net Banking
3732,2024-03-19,West,Electronics,Smart Watch,5,4289,5,20372.75,5462.75,Cash on Delivery
3733,2024-06-01,North,Books,Comics,2,3270,15,5559.0,1233.42,UPI
3734,2024-06-02,West,Home,Chair,2,3199,15,5438.3,1361.52,Net Banking
3735,2024-06-21,East,Books,Novel,4,2124,20,6796.8,1021.17,UPI
3736,2024-05-18,South,Books,Novel,4,308,5,1170.4,284.93,Cash on Delivery
3737,2024-06-19,South,Fashion,Shirt,1,3198,20,2558.4,563.09,Card
3738,2024-02-19,North,Books,Comics,4,1866,10,6717.6,878.08,Card
3739,2024-11-08,West,Books,Dictionary,4,2640,20,8448.0,1582.79,Cash on Delivery
3740,2024-04-13,East,Home,Chair,1,4506,15,3830.1,948.19,Card
3741,2024-02-24,East,Electronics,Mobile,5,3547,20,14188.0,3705.85,Cash on Delivery
3742,2024-01-16,South,Books,Dictionary,2,2100,5,3990.0,1173.92,Net Banking
3743,2024-09-21,East,Home,Sofa,2,4062,15,6905.4,1848.77,Cash on Delivery
3744,2024-12-02,West,Fashion,Shirt,2,320,15,544.0,98.23,Card
3745,2024-05-30,North,Electronics,Headphones,5,1039,15,4415.75,919.26,Card
3746,2024-08-03,East,Fashion,Jacket,3,4913,10,13265.1,2425.71,UPI
3747,2024-08-18,South,Fashion,Jeans,4,1483,5,5635.4,1300.38,UPI
3748,2024-01-19,South,Books,Novel,2,2167,15,3683.9,868.89,UPI
3749,2024-08-26,East,Sports,Tennis Racket,5,3970,0,19850.0,4649.26,Cash on Delivery
3750,2024-04-13,East,Sports,Tennis Racket,1,3946,15,3354.1,668.4,Cash on Delivery
3751,2024-10-25,North,Books,Novel,4,2021,15,6871.4,1393.78,Cash on Delivery
3752,2024-09-18,West,Electronics,Headphones,5,775,20,3100.0,670.24,Cash on Delivery
3753,2024-07-29,South,Books,Dictionary,4,4805,5,18259.0,3671.99,Net Banking
3754,2024-10-30,South,Fashion,Shirt,1,4223,15,3589.55,415.87,Card
3755,2024-03-20,South,Sports,Football,1,528,10,475.2,117.68,UPI
3756,2024-01-04,North,Books,Dictionary,5,1396,0,6980.0,1603.8,Net Banking
3757,2024-09-03,North,Sports,Gym Bag,1,685,15,582.25,126.48,Card
3758,2024-12-04,West,Fashion,Jeans,5,2192,5,10412.0,1613.65,Net Banking
3759,2024-08-23,North,Home,Sofa,2,2890,0,5780.0,1064.36,Cash on Delivery
3760,2024-09-06,South,Books,Dictionary,2,3071,10,5527.8,1316.19,UPI
3761,2024-11-19,North,Sports,Cricket Bat,2,2086,0,4172.0,686.63,Cash on Delivery
3762,2024-11-12,West,Electronics,Headphones,1,3228,5,3066.6,701.46,Net Banking
3763,2024-02-23,East,Books,Biography,3,2457,0,7371.0,1195.84,Card
3764,2024-03-19,North,Electronics,Headphones,3,4259,0,12777.0,2942.29,UPI
3765,2024-06-15,North,Fashion,Shoes,2,3581,20,5729.6,1707.97,UPI
3766,2024-03-13,North,Sports,Football,5,3887,15,16519.75,3693.52,UPI
3767,2024-08-30,East,Fashion,Shoes,3,3792,20,9100.8,1441.43,Net Banking
3768,2024-02-03,North,Books,Comics,2,3767,15,6403.9,1861.97,UPI
3769,2024-09-16,South,Sports,Cricket Bat,5,2915,15,12388.75,1780.58,Net Banking
3770,2024-11-03,East,Fashion,Shirt,5,4381,10,19714.5,3757.61,Card
3771,2024-12-29,South,Fashion,Jacket,1,4470,15,3799.5,1110.77,Card
3772,2024-11-24,North,Electronics,Mobile,3,4881,10,13178.7,3747.41,Cash on Delivery
3773,2024-02-05,South,Fashion,Jeans,2,2758,0,5516.0,966.31,Cash on Delivery
3774,2024-01-13,East,Books,Comics,5,2327,20,9308.0,1736.61,Net Banking
3775,2024-03-31,East,Sports,Cricket Bat,3,3448,15,8792.4,2126.04,Net Banking
3776,2024-05-17,East,Electronics,Headphones,5,2621,0,13105.0,3725.96,Net Banking
3777,2024-03-25,West,Books,Novel,1,3920,0,3920.0,655.95,Card
3778,2024-02-20,West,Electronics,Laptop,5,4820,0,24100.0,5521.46,Cash on Delivery
3779,2024-10-14,East,Fashion,Shoes,4,3467,0,13868.0,3342.84,Cash on Delivery
3780,2024-10-01,West,Fashion,Jacket,3,511,5,1456.35,317.92,Card
3781,2024-01-16,South,Sports,Tennis Racket,2,534,5,1014.6,187.65,Cash on Delivery
3782,2024-08-23,South,Books,Dictionary,1,4869,5,4625.55,847.05,Net Banking
3783,2024-07-20,West,Electronics,Smart Watch,4,3867,0,15468.0,1551.43,Cash on Delivery
3784,2024-05-17,South,Fashion,Shoes,1,1401,5,1330.95,168.67,Card
3785,2024-09-06,North,Books,Novel,2,3885,15,6604.5,1391.87,Net Banking
3786,2024-11-21,North,Home,Chair,4,4005,20,12816.0,1466.58,Card
3787,2024-04-18,West,Home,Lamp,1,2547,10,2292.3,241.56,Card
3788,2024-06-06,North,Fashion,Shoes,4,2790,15,9486.0,2671.19,Net Banking
3789,2024-07-13,North,Fashion,Jacket,1,4802,15,4081.7,609.26,Card
3790,2024-11-23,East,Fashion,Shirt,4,3043,10,10954.8,2372.04,Card
3791,2024-01-14,West,Fashion,Jacket,4,2452,0,9808.0,1566.59,UPI
3792,2024-05-18,North,Fashion,Shoes,2,3040,10,5472.0,616.74,Card
3793,2024-10-20,West,Home,Lamp,4,1452,5,5517.6,1140.43,Card
3794,2024-05-21,West,Electronics,Headphones,2,2212,0,4424.0,665.98,Cash on Delivery
3795,2024-07-02,East,Sports,Football,4,2695,20,8624.0,2293.05,Card
3796,2024-04-19,East,Electronics,Laptop,5,4051,20,16204.0,3296.08,Cash on Delivery
3797,2024-08-13,North,Electronics,Mobile,3,414,20,993.6,163.39,Card
3798,2024-09-14,West,Sports,Gym Bag,1,4509,5,4283.55,472.7,Cash on Delivery
3799,2024-10-25,North,Electronics,Laptop,5,4235,5,20116.25,2356.72,Card
3800,2024-03-28,North,Electronics,Headphones,1,2349,5,2231.55,416.47,Net Banking
3801,2024-11-10,West,Electronics,Laptop,5,935,20,3740.0,715.17,UPI
3802,2024-07-27,West,Sports,Tennis Racket,3,1355,10,3658.5,922.66,UPI
3803,2024-07-09,South,Books,Novel,4,1921,5,7299.8,2079.71,UPI
3804,2024-01-28,South,Home,Table,1,3611,0,3611.0,399.23,Card
3805,2024-03-27,East,Fashion,Jacket,3,454,10,1225.8,347.03,Card
3806,2024-01-19,North,Home,Chair,3,1556,0,4668.0,843.71,Net Banking
3807,2024-02-18,North,Electronics,Headphones,3,2919,20,7005.6,1494.14,UPI
3808,2024-05-22,South,Sports,Gym Bag,2,4554,5,8652.6,1088.02,Card
3809,2024-07-09,East,Electronics,Laptop,2,1368,5,2599.2,605.53,UPI
3810,2024-05-11,North,Sports,Cricket Bat,1,679,0,679.0,83.36,Card
3811,2024-07-05,South,Books,Comics,2,1127,5,2141.3,311.7,Card
3812,2024-06-20,North,Fashion,Jacket,2,1596,5,3032.4,747.75,Cash on Delivery
3813,2024-06-01,East,Sports,Tennis Racket,2,2074,10,3733.2,511.95,Net Banking
3814,2024-08-07,West,Home,Sofa,1,1719,10,1547.1,335.3,Net Banking
3815,2024-11-21,South,Fashion,Shoes,1,3221,5,3059.95,573.6,Net Banking
3816,2024-04-28,East,Sports,Cricket Bat,5,4806,10,21627.0,2929.8,Net Banking
3817,2024-07-08,North,Home,Sofa,3,1754,15,4472.7,1325.56,Net Banking
3818,2024-11-23,East,Home,Chair,4,3495,5,13281.0,2310.18,Card
3819,2024-04-22,West,Books,Novel,4,2758,0,11032.0,1691.43,Cash on Delivery
3820,2024-07-20,East,Fashion,Jacket,2,2663,15,4527.1,1156.63,Cash on Delivery
3821,2024-03-06,South,Sports,Tennis Racket,3,2007,20,4816.8,1040.97,Net Banking
3822,2024-09-09,South,Books,Comics,2,2672,5,5076.8,1398.59,Net Banking
3823,2024-11-26,East,Books,Biography,1,3075,15,2613.75,304.13,Net Banking
3824,2024-07-29,South,Sports,Cricket Bat,3,2523,5,7190.55,2071.15,Cash on Delivery
3825,2024-10-02,West,Books,Comics,2,514,15,873.8,224.53,Net Banking
3826,2024-07-31,West,Fashion,Shoes,5,2236,20,8944.0,1982.74,UPI
3827,2024-12-21,South,Electronics,Headphones,5,982,0,4910.0,877.57,Card
3828,2024-03-07,North,Sports,Football,2,489,15,831.3,217.2,Net Banking
3829,2024-09-03,West,Sports,Football,2,333,0,666.0,103.08,Net Banking
3830,2024-03-03,South,Books,Novel,4,2553,20,8169.6,1156.83,Card
3831,2024-11-24,South,Home,Sofa,5,2739,15,11640.75,2088.03,Cash on Delivery
3832,2024-04-07,South,Home,Table,4,2729,10,9824.4,2457.38,Card
3833,2024-09-15,West,Books,Novel,2,2762,0,5524.0,790.19,Cash on Delivery
3834,2024-11-13,South,Electronics,Laptop,4,3439,10,12380.4,2642.37,UPI
3835,2024-11-03,North,Sports,Gym Bag,4,4811,5,18281.8,2626.91,Card
3836,2024-02-28,North,Electronics,Laptop,4,1180,5,4484.0,762.19,UPI
3837,2024-05-19,East,Sports,Cricket Bat,5,577,0,2885.0,400.83,Card
3838,2024-09-30,West,Home,Table,4,4248,5,16142.4,4703.89,Cash on Delivery
3839,2024-02-06,North,Electronics,Headphones,5,4768,10,21456.0,2525.85,UPI
3840,2024-02-23,South,Sports,Gym Bag,1,905,10,814.5,229.48,UPI
3841,2024-12-01,East,Sports,Football,5,980,0,4900.0,536.61,Cash on Delivery
3842,2024-07-25,South,Fashion,Shirt,5,4902,15,20833.5,5638.44,UPI
3843,2024-04-12,North,Books,Novel,5,624,5,2964.0,469.48,UPI
3844,2024-06-12,East,Home,Lamp,5,2439,5,11585.25,3467.26,Card
3845,2024-09-05,West,Fashion,Shirt,1,4216,20,3372.8,1001.3,UPI
3846,2024-02-20,South,Books,Novel,5,3430,0,17150.0,1988.84,Net Banking
3847,2024-01-09,North,Electronics,Smart Watch,2,1407,0,2814.0,609.49,Cash on Delivery
3848,2024-05-28,West,Fashion,Shoes,1,1623,20,1298.4,274.13,UPI
3849,2024-12-22,South,Electronics,Laptop,5,4063,10,18283.5,2987.94,Net Banking
3850,2024-08-07,West,Electronics,Mobile,4,4478,10,16120.8,3194.69,Cash on Delivery
3851,2024-06-03,South,Fashion,Shirt,5,952,0,4760.0,1349.91,Net Banking
3852,2024-03-01,West,Books,Novel,1,2645,5,2512.75,376.66,Card
3853,2024-06-18,North,Home,Lamp,1,2245,0,2245.0,637.62,Card
3854,2024-06-25,West,Electronics,Smart Watch,2,3482,0,6964.0,1262.6,Cash on Delivery
3855,2024-03-12,East,Home,Table,2,4370,10,7866.0,2192.13,UPI
3856,2024-09-23,West,Home,Lamp,1,4121,20,3296.8,687.58,Cash on Delivery
3857,2024-01-30,West,Books,Comics,4,2612,20,8358.4,1789.05,Card
3858,2024-04-16,North,Electronics,Headphones,5,3091,15,13136.75,2499.71,Net Banking
3859,2024-08-21,East,Home,Lamp,2,1809,15,3075.3,700.03,UPI
3860,2024-07-14,West,Fashion,Jacket,2,3262,15,5545.4,961.53,Cash on Delivery
3861,2024-02-26,North,Electronics,Smart Watch,1,979,10,881.1,239.49,Cash on Delivery
3862,2024-02-22,West,Fashion,Shirt,5,3748,5,17803.0,2708.47,Net Banking
3863,2024-02-21,West,Electronics,Laptop,4,4735,20,15152.0,1693.98,Cash on Delivery
3864,2024-03-03,South,Sports,Cricket Bat,1,4164,15,3539.4,473.22,UPI
3865,2024-10-11,South,Home,Table,2,1470,20,2352.0,304.86,Card
3866,2024-09-26,North,Fashion,Shoes,5,2575,15,10943.75,1809.53,Card
3867,2024-08-19,East,Fashion,Shoes,1,310,10,279.0,33.05,Cash on Delivery
3868,2024-12-07,South,Books,Novel,3,1133,0,3399.0,976.2,Cash on Delivery
3869,2024-01-04,South,Electronics,Headphones,3,3929,5,11197.65,1488.69,Card
3870,2024-09-25,North,Sports,Tennis Racket,3,4308,20,10339.2,3061.53,Net Banking
3871,2024-02-22,South,Fashion,Shirt,5,440,0,2200.0,230.44,Cash on Delivery
3872,2024-09-18,East,Books,Comics,2,2768,0,5536.0,1232.61,Card
3873,2024-11-17,East,Electronics,Headphones,4,4852,15,16496.8,4288.73,Cash on Delivery
3874,2024-01-12,South,Fashion,Shirt,1,4477,20,3581.6,1021.71,Card
3875,2024-08-25,East,Sports,Cricket Bat,4,4881,0,19524.0,4583.02,Card
3876,2024-05-08,South,Books,Novel,1,2117,20,1693.6,415.06,Net Banking
3877,2024-09-09,North,Fashion,Jacket,3,3019,20,7245.6,1192.86,Cash on Delivery
3878,2024-08-02,North,Home,Lamp,5,2579,5,12250.25,2636.04,UPI
3879,2024-01-08,North,Books,Dictionary,3,3243,5,9242.55,1885.15,Net Banking
3880,2024-08-19,North,Sports,Football,4,3016,15,10254.4,1968.22,Card
3881,2024-07-31,West,Home,Lamp,1,979,15,832.15,136.2,Net Banking
3882,2024-03-12,West,Electronics,Mobile,5,866,10,3897.0,847.79,UPI
3883,2024-11-11,North,Home,Table,5,2596,5,12331.0,2414.19,Net Banking
3884,2024-04-02,West,Books,Biography,3,2506,10,6766.2,1298.88,Net Banking
3885,2024-04-18,East,Home,Chair,2,2269,5,4311.1,1207.93,Card
3886,2024-02-26,North,Home,Chair,3,955,15,2435.25,589.06,Cash on Delivery
3887,2024-08-22,South,Home,Lamp,4,1184,10,4262.4,881.96,Cash on Delivery
3888,2024-03-24,West,Home,Chair,2,4387,20,7019.2,1837.62,UPI
3889,2024-04-23,East,Home,Table,4,803,5,3051.4,913.44,Card
3890,2024-11-23,East,Fashion,Shoes,3,1785,5,5087.25,1371.85,Cash on Delivery
3891,2024-11-05,West,Books,Biography,2,677,10,1218.6,126.8,Card
3892,2024-05-31,South,Sports,Gym Bag,5,1042,15,4428.5,582.73,Net Banking
3893,2024-03-02,South,Fashion,Jeans,1,2774,0,2774.0,503.35,Card
3894,2024-07-21,South,Home,Table,4,3433,20,10985.6,1559.77,UPI
3895,2024-09-13,East,Fashion,Jeans,1,2064,0,2064.0,552.74,Card
3896,2024-12-09,East,Electronics,Headphones,1,1815,5,1724.25,187.97,UPI
3897,2024-09-07,North,Books,Novel,5,2260,5,10735.0,1527.9,Card
3898,2024-04-04,North,Books,Dictionary,5,806,0,4030.0,449.86,UPI
3899,2024-07-11,West,Books,Comics,1,3386,5,3216.7,440.18,Cash on Delivery
3900,2024-01-02,North,Home,Sofa,5,3318,10,14931.0,4389.2,Cash on Delivery
3901,2024-03-10,South,Sports,Cricket Bat,1,2640,10,2376.0,583.05,Card
3902,2024-06-18,West,Fashion,Shirt,4,4113,20,13161.6,3338.78,Cash on Delivery
3903,2024-11-10,West,Sports,Tennis Racket,3,2307,15,5882.85,603.4,UPI
3904,2024-08-07,South,Home,Lamp,5,1155,0,5775.0,1351.44,Net Banking
3905,2024-02-04,East,Sports,Gym Bag,1,3122,5,2965.9,687.4,Net Banking
3906,2024-07-27,South,Fashion,Shirt,5,1008,10,4536.0,886.14,UPI
3907,2024-09-01,South,Electronics,Laptop,2,2314,0,4628.0,1087.74,Net Banking
3908,2024-03-10,North,Books,Dictionary,4,4214,15,14327.6,2018.75,Card
3909,2024-03-11,West,Fashion,Jeans,1,4716,10,4244.4,921.69,UPI
3910,2024-03-18,East,Sports,Tennis Racket,4,2107,15,7163.8,836.43,Cash on Delivery
3911,2024-08-20,South,Books,Comics,1,628,0,628.0,180.73,Card
3912,2024-06-25,South,Home,Table,2,899,5,1708.1,219.73,Net Banking
3913,2024-02-22,West,Books,Dictionary,5,2009,5,9542.75,2807.28,Cash on Delivery
3914,2024-04-17,West,Sports,Cricket Bat,4,3105,20,9936.0,1135.84,Cash on Delivery
3915,2024-07-17,North,Books,Biography,1,1105,10,994.5,232.18,UPI
3916,2024-07-07,West,Home,Table,4,2698,5,10252.4,1909.17,Card
3917,2024-05-07,West,Electronics,Mobile,2,2590,10,4662.0,1345.52,Card
3918,2024-05-13,West,Sports,Tennis Racket,3,3461,20,8306.4,1610.22,Net Banking
3919,2024-12-28,East,Books,Dictionary,5,3788,5,17993.0,2391.94,Cash on Delivery
3920,2024-10-23,North,Home,Chair,3,3632,5,10351.2,1687.04,Net Banking
3921,2024-12-10,East,Fashion,Jacket,4,4673,10,16822.8,4571.59,Card
3922,2024-06-12,South,Electronics,Smart Watch,4,3723,15,12658.2,1719.8,Card
3923,2024-06-03,South,Electronics,Smart Watch,3,2506,5,7142.1,818.41,UPI
3924,2024-08-24,North,Sports,Tennis Racket,2,1507,5,2863.3,453.95,Net Banking
3925,2024-07-10,East,Books,Novel,3,4336,20,10406.4,2005.61,Card
3926,2024-02-17,North,Electronics,Headphones,4,498,5,1892.4,276.36,Card
3927,2024-12-21,South,Home,Sofa,2,1881,15,3197.7,732.34,Card
3928,2024-01-07,East,Electronics,Headphones,1,3533,15,3003.05,540.67,Net Banking
3929,2024-02-27,West,Sports,Cricket Bat,2,1451,20,2321.6,430.12,UPI
3930,2024-03-05,South,Electronics,Mobile,1,701,20,560.8,88.85,Cash on Delivery
3931,2024-01-12,South,Sports,Tennis Racket,2,2040,15,3468.0,935.75,Net Banking
3932,2024-11-23,West,Books,Biography,4,1002,5,3807.6,671.04,Cash on Delivery
3933,2024-08-02,West,Home,Lamp,5,1390,0,6950.0,1476.58,Cash on Delivery
3934,2024-10-15,North,Home,Chair,2,1492,10,2685.6,602.45,UPI
3935,2024-07-19,North,Fashion,Shoes,1,934,0,934.0,261.32,Cash on Delivery
3936,2024-09-25,East,Electronics,Smart Watch,5,791,20,3164.0,871.86,Card
3937,2024-05-03,East,Books,Novel,3,858,0,2574.0,402.49,Cash on Delivery
3938,2024-06-18,West,Electronics,Headphones,4,4469,10,16088.4,1852.89,Card
3939,2024-06-29,East,Fashion,Shirt,5,2079,15,8835.75,1431.91,Cash on Delivery
3940,2024-07-14,South,Books,Novel,1,398,0,398.0,113.21,Cash on Delivery
3941,2024-11-07,North,Home,Sofa,4,3992,20,12774.4,1947.49,UPI
3942,2024-09-04,West,Electronics,Mobile,1,3616,20,2892.8,594.25,Card
3943,2024-09-21,North,Electronics,Smart Watch,1,3296,20,2636.8,752.99,Net Banking
3944,2024-08-12,North,Sports,Football,5,4979,15,21160.75,5614.38,Net Banking
3945,2024-06-13,South,Home,Table,2,3690,0,7380.0,1441.3,UPI
3946,2024-10-28,South,Electronics,Headphones,3,1853,10,5003.1,857.07,UPI
3947,2024-05-02,East,Home,Sofa,4,1528,20,4889.6,850.42,Cash on Delivery
3948,2024-08-27,East,Fashion,Jeans,2,3477,15,5910.9,1370.69,UPI
3949,2024-08-07,North,Sports,Tennis Racket,1,3005,20,2404.0,631.96,Net Banking
3950,2024-04-14,South,Books,Dictionary,1,1958,0,1958.0,255.18,Cash on Delivery
3951,2024-05-10,South,Fashion,Jacket,4,3447,15,11719.8,2560.84,Card
3952,2024-06-02,East,Home,Chair,1,1648,10,1483.2,185.63,Cash on Delivery
3953,2024-10-01,South,Sports,Football,1,4759,15,4045.15,1066.45,UPI
3954,2024-09-04,South,Books,Dictionary,1,4041,5,3838.95,810.46,Card
3955,2024-03-06,West,Sports,Gym Bag,1,1290,20,1032.0,163.57,Cash on Delivery
3956,2024-03-15,South,Sports,Gym Bag,1,803,0,803.0,151.38,UPI
3957,2024-09-07,South,Electronics,Laptop,3,1453,5,4141.05,658.6,Cash on Delivery
3958,2024-03-02,East,Fashion,Shirt,4,3962,15,13470.8,1600.16,Net Banking
3959,2024-07-25,North,Books,Dictionary,4,3288,20,10521.6,1966.49,Net Banking
3960,2024-05-27,East,Sports,Gym Bag,1,3393,20,2714.4,735.44,Card
3961,2024-03-11,North,Home,Chair,5,3303,5,15689.25,2075.62,Cash on Delivery
3962,2024-10-23,South,Sports,Tennis Racket,4,1940,5,7372.0,924.72,UPI
3963,2024-09-01,South,Electronics,Headphones,5,408,15,1734.0,180.77,Cash on Delivery
3964,2024-02-12,North,Fashion,Jacket,1,3040,15,2584.0,665.94,UPI
3965,2024-08-02,North,Home,Chair,1,867,15,736.95,178.17,Card
3966,2024-12-08,North,Electronics,Laptop,2,3587,10,6456.6,1369.48,Card
3967,2024-04-22,East,Home,Sofa,5,4033,20,16132.0,4576.69,Card
3968,2024-05-25,South,Home,Lamp,3,4330,0,12990.0,2858.12,UPI
3969,2024-11-20,West,Books,Dictionary,5,1047,10,4711.5,833.37,Net Banking
3970,2024-12-20,South,Sports,Tennis Racket,2,487,5,925.3,109.49,Net Banking
3971,2024-10-02,West,Fashion,Jacket,3,1498,20,3595.2,461.61,Net Banking
3972,2024-12-18,South,Home,Lamp,4,1352,10,4867.2,489.26,UPI
3973,2024-01-09,West,Fashion,Shirt,1,1007,10,906.3,211.45,Net Banking
3974,2024-09-10,North,Home,Chair,5,3068,10,13806.0,1956.23,Card
3975,2024-12-01,South,Electronics,Smart Watch,1,1923,5,1826.85,299.7,Net Banking
3976,2024-10-28,South,Fashion,Jacket,1,1032,0,1032.0,114.94,UPI
3977,2024-06-07,North,Electronics,Mobile,5,3932,20,15728.0,1931.27,UPI
3978,2024-02-03,South,Books,Novel,5,2189,10,9850.5,2362.19,Cash on Delivery
3979,2024-11-20,North,Home,Table,5,2185,0,10925.0,3110.27,Card
3980,2024-09-19,West,Sports,Gym Bag,1,2286,15,1943.1,347.39,UPI
3981,2024-08-22,South,Electronics,Mobile,4,4559,0,18236.0,3095.71,Cash on Delivery
3982,2024-01-19,North,Home,Sofa,3,2104,0,6312.0,1885.4,UPI
3983,2024-11-12,South,Home,Table,1,3844,15,3267.4,934.39,Net Banking
3984,2024-03-12,South,Books,Comics,1,4868,20,3894.4,1158.53,Cash on Delivery
3985,2024-07-26,West,Sports,Cricket Bat,4,3216,0,12864.0,3235.21,UPI
3986,2024-12-02,West,Sports,Gym Bag,1,4470,15,3799.5,743.73,Card
3987,2024-01-13,West,Books,Biography,2,3842,20,6147.2,1261.36,Cash on Delivery
3988,2024-08-05,South,Electronics,Smart Watch,4,3589,5,13638.2,2978.92,Card
3989,2024-08-17,West,Sports,Gym Bag,5,4517,0,22585.0,4832.63,Card
3990,2024-08-25,West,Sports,Football,3,1684,5,4799.4,1008.16,UPI
3991,2024-11-14,East,Home,Table,5,4686,0,23430.0,2978.32,Cash on Delivery
3992,2024-07-13,West,Sports,Gym Bag,2,3853,10,6935.4,2045.29,Net Banking
3993,2024-02-07,South,Home,Chair,5,3325,20,13300.0,1395.53,UPI
3994,2024-10-19,West,Home,Chair,1,3474,10,3126.6,614.59,Card
3995,2024-02-11,East,Electronics,Mobile,4,3174,0,12696.0,2626.51,Net Banking
3996,2024-11-04,West,Electronics,Headphones,1,759,10,683.1,174.04,UPI
3997,2024-06-27,East,Fashion,Shoes,5,1782,20,7128.0,2064.12,Net Banking
3998,2024-02-22,South,Sports,Football,1,1457,20,1165.6,162.29,UPI
3999,2024-09-09,North,Fashion,Shoes,1,4454,15,3785.9,1011.3,UPI
4000,2024-04-26,North,Home,Table,4,3123,5,11867.4,3549.45,Card
4001,2024-01-07,South,Fashion,Jacket,1,4894,0,4894.0,865.69,UPI
4002,2024-03-12,North,Sports,Cricket Bat,2,2443,5,4641.7,1304.04,Net Banking
4003,2024-09-10,East,Home,Sofa,2,4146,10,7462.8,2230.1,Cash on Delivery
4004,2024-05-10,East,Electronics,Headphones,4,3310,15,11254.0,2652.09,Net Banking
4005,2024-04-22,West,Electronics,Smart Watch,2,3264,10,5875.2,884.98,Cash on Delivery
4006,2024-06-30,North,Home,Lamp,3,3419,15,8718.45,2434.76,Net Banking
4007,2024-12-04,East,Books,Biography,5,1924,10,8658.0,1838.2,Card
4008,2024-06-02,South,Home,Sofa,4,4351,5,16533.8,3089.1,Net Banking
4009,2024-01-03,South,Books,Comics,2,540,15,918.0,178.6,Net Banking
4010,2024-06-02,South,Books,Comics,2,3646,20,5833.6,1237.72,Cash on Delivery
4011,2024-06-12,East,Fashion,Jacket,5,559,10,2515.5,263.51,Cash on Delivery
4012,2024-03-25,North,Electronics,Headphones,5,1732,20,6928.0,1065.72,Net Banking
4013,2024-10-17,West,Electronics,Laptop,2,2596,5,4932.4,1398.6,Card
4014,2024-05-18,West,Electronics,Smart Watch,2,4314,5,8196.6,2204.13,Cash on Delivery
4015,2024-10-13,South,Home,Chair,5,534,0,2670.0,492.19,Cash on Delivery
4016,2024-01-12,East,Home,Chair,1,1386,0,1386.0,221.73,Cash on Delivery
4017,2024-08-25,East,Fashion,Shirt,2,3113,5,5914.7,1638.04,Card
4018,2024-04-06,South,Books,Comics,2,4326,20,6921.6,1880.56,Cash on Delivery
4019,2024-03-26,North,Electronics,Laptop,2,2257,10,4062.6,874.36,Cash on Delivery
4020,2024-04-03,South,Sports,Tennis Racket,4,2464,5,9363.2,1968.82,Net Banking
4021,2024-10-10,North,Home,Chair,5,3277,15,13927.25,2015.12,Card
4022,2024-01-21,East,Home,Lamp,3,957,10,2583.9,584.95,Net Banking
4023,2024-06-25,South,Books,Novel,3,1068,0,3204.0,625.83,Cash on Delivery
4024,2024-10-05,South,Home,Lamp,4,556,15,1890.4,240.35,Card
4025,2024-03-12,West,Electronics,Smart Watch,2,2327,15,3955.9,593.53,UPI
4026,2024-02-21,West,Electronics,Headphones,3,3766,5,10733.1,2707.0,Cash on Delivery
4027,2024-07-19,North,Fashion,Jacket,5,2409,20,9636.0,1192.03,Net Banking
4028,2024-05-03,North,Fashion,Shirt,4,4977,5,18912.6,2208.37,Net Banking
4029,2024-06-20,East,Electronics,Mobile,1,3870,15,3289.5,948.05,Cash on Delivery
4030,2024-03-29,South,Electronics,Headphones,2,3730,15,6341.0,922.7,UPI
4031,2024-09-14,South,Fashion,Shoes,5,4855,20,19420.0,5660.04,Cash on Delivery
4032,2024-07-24,East,Home,Chair,2,768,5,1459.2,253.7,Card
4033,2024-02-24,North,Home,Lamp,2,4829,5,9175.1,2358.8,Card
4034,2024-04-04,South,Fashion,Shoes,4,3263,10,11746.8,2212.07,Net Banking
4035,2024-11-17,North,Books,Novel,3,2698,20,6475.2,678.97,Cash on Delivery
4036,2024-04-25,North,Home,Table,5,1963,10,8833.5,1322.78,Cash on Delivery
4037,2024-06-13,South,Electronics,Laptop,5,4263,15,18117.75,2241.9,UPI
4038,2024-06-22,South,Electronics,Smart Watch,5,1239,15,5265.75,1163.69,Net Banking
4039,2024-12-16,South,Electronics,Smart Watch,2,4471,0,8942.0,2399.77,Card
4040,2024-03-21,North,Books,Novel,5,4307,5,20458.25,5401.37,Card
4041,2024-08-10,West,Electronics,Mobile,5,918,10,4131.0,778.82,Net Banking
4042,2024-09-06,North,Sports,Football,3,1421,20,3410.4,691.52,Net Banking
4043,2024-05-10,East,Electronics,Smart Watch,3,963,10,2600.1,708.99,UPI
4044,2024-09-23,North,Home,Lamp,1,1754,0,1754.0,221.33,Net Banking
4045,2024-10-31,North,Fashion,Jacket,2,2836,10,5104.8,1409.43,Card
4046,2024-05-19,West,Home,Sofa,4,686,5,2606.8,598.82,UPI
4047,2024-10-01,East,Electronics,Mobile,4,4062,10,14623.2,2332.69,UPI
4048,2024-10-08,West,Fashion,Jeans,5,4436,0,22180.0,2416.08,Card
4049,2024-05-23,South,Fashion,Jacket,1,697,10,627.3,75.29,Card
4050,2024-04-30,North,Sports,Football,5,2843,5,13504.25,1752.57,UPI
4051,2024-12-16,East,Books,Biography,2,1723,0,3446.0,875.94,Card
4052,2024-10-02,North,Electronics,Smart Watch,4,2120,15,7208.0,1933.32,Card
4053,2024-11-27,West,Books,Novel,2,3416,20,5465.6,560.37,Cash on Delivery
4054,2024-02-11,West,Sports,Gym Bag,2,678,0,1356.0,141.87,Card
4055,2024-05-17,North,Home,Chair,4,372,15,1264.8,155.35,Card
4056,2024-01-04,North,Books,Comics,5,2926,0,14630.0,1990.57,Net Banking
4057,2024-07-04,North,Books,Comics,1,959,20,767.2,117.36,Cash on Delivery
4058,2024-06-22,West,Home,Lamp,5,4171,5,19812.25,4425.4,Cash on Delivery
4059,2024-08-16,South,Sports,Football,4,3804,15,12933.6,1495.76,Net Banking
4060,2024-03-09,South,Electronics,Smart Watch,4,2270,20,7264.0,1241.24,UPI
4061,2024-04-16,West,Sports,Gym Bag,5,2092,0,10460.0,1824.76,Net Banking
4062,2024-03-25,South,Sports,Football,5,4598,15,19541.5,4875.37,UPI
4063,2024-07-14,East,Fashion,Jeans,4,863,10,3106.8,495.3,Net Banking
4064,2024-02-06,West,Fashion,Jacket,2,2089,0,4178.0,665.85,UPI
4065,2024-09-18,North,Sports,Gym Bag,3,1726,0,5178.0,905.73,Cash on Delivery
4066,2024-05-14,West,Fashion,Shirt,5,3752,5,17822.0,4944.45,Net Banking
4067,2024-10-30,East,Sports,Football,4,2865,15,9741.0,2023.49,Net Banking
4068,2024-01-02,North,Books,Dictionary,2,3391,20,5425.6,1148.85,Card
4069,2024-06-25,South,Electronics,Headphones,4,2166,15,7364.4,1810.08,UPI
4070,2024-07-15,South,Books,Biography,5,1230,5,5842.5,1148.11,UPI
4071,2024-10-23,East,Home,Table,1,657,10,591.3,65.03,Card
4072,2024-03-04,West,Electronics,Laptop,2,1350,20,2160.0,283.77,Net Banking
4073,2024-11-29,North,Books,Biography,1,4694,0,4694.0,888.43,Net Banking
4074,2024-10-22,East,Electronics,Smart Watch,4,4607,20,14742.4,3623.97,Cash on Delivery
4075,2024-02-24,West,Sports,Tennis Racket,5,765,10,3442.5,455.26,Card
4076,2024-07-01,North,Sports,Football,3,4775,15,12176.25,3142.76,Net Banking
4077,2024-07-27,North,Books,Novel,1,3844,0,3844.0,763.05,Cash on Delivery
4078,2024-06-29,West,Fashion,Shirt,2,1071,5,2034.9,446.2,Cash on Delivery
4079,2024-04-21,West,Sports,Cricket Bat,1,3728,20,2982.4,480.22,Net Banking
4080,2024-07-19,North,Sports,Football,5,2030,20,8120.0,2197.18,UPI
4081,2024-09-09,North,Books,Biography,1,1997,0,1997.0,399.24,Net Banking
4082,2024-08-03,South,Home,Table,1,3486,5,3311.7,862.68,Card
4083,2024-01-24,North,Electronics,Mobile,4,4616,10,16617.6,2551.67,UPI
4084,2024-07-09,South,Home,Chair,4,1638,20,5241.6,898.68,Cash on Delivery
4085,2024-03-19,South,Books,Comics,3,3749,5,10684.65,2521.75,UPI
4086,2024-02-24,South,Sports,Tennis Racket,5,1562,5,7419.5,2093.45,Cash on Delivery
4087,2024-11-18,North,Sports,Tennis Racket,5,1809,10,8140.5,1721.96,UPI
4088,2024-01-20,West,Home,Sofa,2,1170,5,2223.0,536.48,Net Banking
4089,2024-10-11,South,Electronics,Smart Watch,5,2439,10,10975.5,1664.34,Card
4090,2024-11-04,South,Home,Lamp,1,2871,15,2440.35,350.25,UPI
4091,2024-11-14,West,Fashion,Shirt,5,3576,20,14304.0,3322.75,Cash on Delivery
4092,2024-01-17,East,Electronics,Smart Watch,3,4710,15,12010.5,1526.8,Cash on Delivery
4093,2024-08-02,North,Books,Biography,4,4260,5,16188.0,2682.75,UPI
4094,2024-08-19,North,Sports,Football,2,2067,20,3307.2,641.91,Net Banking
4095,2024-12-27,South,Electronics,Smart Watch,1,4222,5,4010.9,967.92,UPI
4096,2024-02-01,South,Fashion,Shoes,2,1698,10,3056.4,363.14,Card
4097,2024-02-18,South,Sports,Cricket Bat,2,3854,10,6937.2,1121.8,UPI
4098,2024-03-20,East,Books,Novel,3,2499,5,7122.15,1134.6,Cash on Delivery
4099,2024-08-12,East,Electronics,Mobile,2,3313,0,6626.0,1587.2,Cash on Delivery
4100,2024-08-01,North,Sports,Tennis Racket,1,4516,15,3838.6,888.54,Cash on Delivery
4101,2024-04-08,East,Home,Chair,1,2830,15,2405.5,409.68,UPI
4102,2024-12-16,East,Sports,Football,3,1399,10,3777.3,1011.39,UPI
4103,2024-06-11,South,Books,Novel,4,923,0,3692.0,389.26,Card
4104,2024-05-03,East,Sports,Tennis Racket,2,1737,0,3474.0,788.02,Card
4105,2024-10-18,West,Sports,Gym Bag,4,3768,20,12057.6,1623.6,Card
4106,2024-02-03,South,Home,Table,5,3443,0,17215.0,3679.47,UPI
4107,2024-05-30,North,Books,Biography,5,2188,10,9846.0,1234.33,Card
4108,2024-04-13,West,Electronics,Smart Watch,2,4497,5,8544.3,1316.09,Card
4109,2024-08-11,South,Home,Table,3,2009,15,5122.95,892.34,Net Banking
4110,2024-05-25,North,Books,Comics,5,3860,10,17370.0,4557.66,Card
4111,2024-08-18,West,Fashion,Jeans,5,1394,20,5576.0,925.36,UPI
4112,2024-11-07,East,Home,Table,1,3145,5,2987.75,880.84,Cash on Delivery
4113,2024-05-25,North,Home,Sofa,2,4963,15,8437.1,2204.9,Net Banking
4114,2024-05-12,East,Home,Table,5,1087,15,4619.75,836.04,UPI
4115,2024-05-20,South,Sports,Football,1,608,20,486.4,126.29,Cash on Delivery
4116,2024-09-21,South,Fashion,Jacket,3,2633,20,6319.2,1447.17,Net Banking
4117,2024-01-09,West,Sports,Gym Bag,5,4714,20,18856.0,4070.6,Net Banking
4118,2024-11-14,West,Sports,Football,1,3849,20,3079.2,339.63,Cash on Delivery
4119,2024-02-22,North,Sports,Football,1,2060,20,1648.0,250.73,Net Banking
4120,2024-11-30,West,Home,Sofa,3,3731,15,9514.05,2336.45,UPI
4121,2024-05-13,West,Home,Chair,1,1085,15,922.25,182.86,Cash on Delivery
4122,2024-10-21,South,Books,Biography,3,1999,10,5397.3,1198.95,Net Banking
4123,2024-07-28,North,Books,Comics,3,2955,0,8865.0,2031.35,Net Banking
4124,2024-04-01,West,Books,Biography,3,2846,0,8538.0,1085.55,Cash on Delivery
4125,2024-08-16,North,Books,Dictionary,4,4699,20,15036.8,2008.37,Cash on Delivery
4126,2024-10-02,North,Electronics,Headphones,2,3006,0,6012.0,1779.96,Card
4127,2024-11-18,West,Home,Sofa,2,3383,10,6089.4,1235.13,UPI
4128,2024-12-09,East,Sports,Cricket Bat,5,2302,15,9783.5,2660.04,UPI
4129,2024-01-12,East,Sports,Cricket Bat,5,3173,5,15071.75,1564.28,UPI
4130,2024-01-01,West,Electronics,Mobile,5,3391,20,13564.0,2261.02,Card
4131,2024-01-25,South,Home,Lamp,4,4065,10,14634.0,2997.57,Net Banking
4132,2024-04-20,East,Fashion,Jacket,4,1501,0,6004.0,1735.58,Net Banking
4133,2024-05-05,East,Home,Lamp,2,2414,15,4103.8,827.88,Net Banking
4134,2024-02-15,North,Fashion,Shirt,2,1907,5,3623.3,631.02,Net Banking
4135,2024-08-24,West,Sports,Football,2,1316,15,2237.2,358.6,Cash on Delivery
4136,2024-08-15,South,Sports,Gym Bag,4,1413,15,4804.2,715.83,Net Banking
4137,2024-05-15,North,Books,Comics,5,4840,20,19360.0,3827.03,Net Banking
4138,2024-03-11,East,Sports,Tennis Racket,3,2261,10,6104.7,1635.22,Cash on Delivery
4139,2024-05-02,South,Books,Comics,4,4065,10,14634.0,4033.65,UPI
4140,2024-03-17,West,Sports,Gym Bag,4,4867,15,16547.8,2586.07,Cash on Delivery
4141,2024-06-28,West,Electronics,Smart Watch,4,3205,0,12820.0,2072.03,Net Banking
4142,2024-01-31,North,Fashion,Shoes,1,2897,15,2462.45,623.75,Card
4143,2024-07-09,North,Books,Novel,1,4977,10,4479.3,1109.5,Net Banking
4144,2024-12-01,South,Sports,Tennis Racket,2,2679,10,4822.2,813.41,Cash on Delivery
4145,2024-07-29,South,Sports,Tennis Racket,3,1776,5,5061.6,1381.73,Card
4146,2024-02-05,North,Sports,Football,1,2431,15,2066.35,218.58,UPI
4147,2024-06-09,East,Electronics,Mobile,5,3262,15,13863.5,1602.06,Net Banking
4148,2024-05-21,North,Electronics,Laptop,3,4415,5,12582.75,3142.86,Net Banking
4149,2024-09-18,North,Sports,Gym Bag,3,2810,15,7165.5,1359.55,UPI
4150,2024-10-07,North,Sports,Gym Bag,3,4081,20,9794.4,1785.73,Net Banking
4151,2024-01-09,East,Fashion,Shirt,2,3321,15,5645.7,951.97,Cash on Delivery
4152,2024-10-21,East,Books,Novel,2,2206,5,4191.4,422.17,Card
4153,2024-12-14,West,Fashion,Jacket,3,442,10,1193.4,185.75,Net Banking
4154,2024-04-20,South,Fashion,Jacket,2,849,10,1528.2,169.57,UPI
4155,2024-04-19,West,Electronics,Smart Watch,1,2825,15,2401.25,387.82,Card
4156,2024-06-02,East,Books,Novel,4,4398,10,15832.8,2114.18,Net Banking
4157,2024-01-09,North,Home,Table,2,2981,20,4769.6,727.32,UPI
4158,2024-07-30,West,Fashion,Jeans,2,3227,0,6454.0,1338.91,Net Banking
4159,2024-07-06,West,Home,Sofa,3,1082,5,3083.7,363.98,Card
4160,2024-08-02,North,Electronics,Mobile,2,3210,20,5136.0,897.66,Cash on Delivery
4161,2024-12-21,East,Home,Chair,2,4619,20,7390.4,1278.07,Card
4162,2024-03-28,East,Electronics,Smart Watch,3,774,20,1857.6,379.88,UPI
4163,2024-11-13,East,Books,Dictionary,3,4550,0,13650.0,2393.64,Cash on Delivery
4164,2024-10-07,South,Fashion,Jeans,1,2105,10,1894.5,391.21,UPI
4165,2024-05-12,South,Electronics,Laptop,5,832,10,3744.0,1022.97,Card
4166,2024-05-03,East,Fashion,Jeans,2,1142,20,1827.2,502.96,Net Banking
4167,2024-05-31,South,Electronics,Laptop,1,4518,10,4066.2,532.46,Card
4168,2024-11-24,East,Electronics,Laptop,4,1021,5,3879.8,581.55,Cash on Delivery
4169,2024-01-31,South,Home,Lamp,1,814,10,732.6,106.0,Card
4170,2024-01-25,North,Home,Lamp,4,3912,20,12518.4,1472.04,UPI
4171,2024-06-12,East,Books,Dictionary,5,4797,10,21586.5,5023.8,Cash on Delivery
4172,2024-03-02,West,Sports,Gym Bag,2,2802,10,5043.6,1500.93,Cash on Delivery
4173,2024-06-23,North,Books,Biography,2,3630,20,5808.0,1577.09,Cash on Delivery
4174,2024-01-12,West,Fashion,Shirt,3,972,20,2332.8,661.28,UPI
4175,2024-03-22,West,Sports,Football,4,1064,0,4256.0,475.71,Card
4176,2024-03-18,North,Home,Table,4,4687,5,17810.6,3267.9,Card
4177,2024-03-15,East,Electronics,Smart Watch,4,1696,15,5766.4,1540.39,Net Banking
4178,2024-06-25,East,Electronics,Mobile,4,4993,0,19972.0,4976.05,UPI
4179,2024-01-26,South,Books,Biography,3,4332,5,12346.2,3111.4,Net Banking
4180,2024-10-13,South,Fashion,Jeans,1,681,15,578.85,163.57,Cash on Delivery
4181,2024-03-15,South,Home,Sofa,3,1867,20,4480.8,863.07,UPI
4182,2024-06-18,North,Books,Comics,3,3041,5,8666.85,2428.4,UPI
4183,2024-05-27,South,Books,Novel,5,3572,0,17860.0,4665.08,UPI
4184,2024-06-02,South,Books,Novel,2,2447,0,4894.0,899.04,Cash on Delivery
4185,2024-05-11,West,Sports,Tennis Racket,4,3094,0,12376.0,3014.84,UPI
4186,2024-06-17,West,Electronics,Headphones,4,2426,5,9218.8,986.92,Net Banking
4187,2024-07-14,South,Home,Sofa,2,4517,20,7227.2,1434.07,Net Banking
4188,2024-08-01,South,Home,Sofa,1,1987,15,1688.95,391.5,UPI
4189,2024-05-23,North,Fashion,Jeans,1,1100,5,1045.0,220.71,UPI
4190,2024-06-17,West,Sports,Tennis Racket,1,426,5,404.7,81.66,Card
4191,2024-06-06,East,Electronics,Headphones,2,4888,5,9287.2,2694.66,Cash on Delivery
4192,2024-06-06,East,Electronics,Laptop,4,4915,0,19660.0,5729.05,Card
4193,2024-08-30,South,Sports,Cricket Bat,5,3236,0,16180.0,4715.86,Net Banking
4194,2024-09-18,East,Fashion,Shirt,2,1332,15,2264.4,449.9,Cash on Delivery
4195,2024-07-07,West,Books,Dictionary,3,3412,5,9724.2,2125.71,Card
4196,2024-09-26,South,Books,Biography,5,1649,20,6596.0,1848.29,UPI
4197,2024-08-06,South,Fashion,Jeans,3,2017,0,6051.0,1133.7,Cash on Delivery
4198,2024-05-22,West,Books,Comics,4,3654,15,12423.6,2490.64,Net Banking
4199,2024-06-20,West,Home,Table,3,2599,20,6237.6,1029.77,Net Banking
4200,2024-06-25,South,Fashion,Shirt,3,1943,0,5829.0,1675.99,Cash on Delivery
4201,2024-12-17,West,Home,Table,3,4702,15,11990.1,3513.98,UPI
4202,2024-11-29,West,Electronics,Headphones,2,3810,15,6477.0,1066.41,UPI
4203,2024-07-01,West,Electronics,Smart Watch,3,3041,5,8666.85,1331.61,Net Banking
4204,2024-09-28,East,Home,Chair,4,2845,0,11380.0,2529.49,Net Banking
4205,2024-09-15,South,Books,Dictionary,1,708,20,566.4,164.87,Cash on Delivery
4206,2024-10-21,North,Fashion,Shirt,4,1870,0,7480.0,876.45,Cash on Delivery
4207,2024-06-05,South,Sports,Cricket Bat,3,1484,5,4229.4,866.46,Card
4208,2024-08-11,West,Books,Biography,4,3660,20,11712.0,1285.56,Cash on Delivery
4209,2024-10-10,North,Electronics,Laptop,3,366,5,1043.1,145.31,Cash on Delivery
4210,2024-07-23,East,Electronics,Laptop,2,3893,5,7396.7,1294.02,Net Banking
4211,2024-06-25,East,Sports,Football,3,2439,10,6585.3,1207.52,UPI
4212,2024-11-20,West,Fashion,Jeans,1,3883,15,3300.55,894.97,Net Banking
4213,2024-11-15,South,Fashion,Jacket,1,3025,5,2873.75,514.45,Cash on Delivery
4214,2024-07-28,North,Books,Novel,5,1554,20,6216.0,1642.28,Cash on Delivery
4215,2024-06-13,East,Sports,Cricket Bat,1,1698,0,1698.0,468.47,Cash on Delivery
4216,2024-02-15,North,Fashion,Jeans,4,4019,10,14468.4,3978.09,Card
4217,2024-07-22,South,Fashion,Jacket,4,2428,5,9226.4,2661.62,Cash on Delivery
4218,2024-09-03,East,Sports,Tennis Racket,4,320,15,1088.0,230.91,UPI
4219,2024-07-08,North,Home,Chair,5,4435,0,22175.0,4240.24,Cash on Delivery
4220,2024-06-22,East,Electronics,Mobile,3,1086,10,2932.2,647.44,Card
4221,2024-09-21,West,Fashion,Shirt,3,4735,5,13494.75,2752.97,Card
4222,2024-10-25,East,Home,Sofa,4,3944,15,13409.6,2280.99,Cash on Delivery
4223,2024-11-28,North,Electronics,Smart Watch,3,2971,10,8021.7,1965.77,Cash on Delivery
4224,2024-06-21,South,Fashion,Shoes,4,4699,15,15976.6,3697.76,UPI
4225,2024-09-06,South,Sports,Cricket Bat,1,2476,20,1980.8,538.22,UPI
4226,2024-08-26,East,Sports,Cricket Bat,1,3132,5,2975.4,511.73,Net Banking
4227,2024-08-20,North,Electronics,Laptop,1,1308,10,1177.2,269.21,Net Banking
4228,2024-03-09,East,Fashion,Shoes,2,887,10,1596.6,381.34,Net Banking
4229,2024-04-24,East,Fashion,Shoes,4,4399,10,15836.4,2854.64,UPI
4230,2024-08-27,West,Home,Lamp,3,1080,15,2754.0,569.51,Cash on Delivery
4231,2024-06-27,South,Fashion,Shoes,2,1484,20,2374.4,411.59,Cash on Delivery
4232,2024-11-30,East,Books,Novel,4,2769,15,9414.6,1623.31,UPI
4233,2024-04-09,North,Sports,Gym Bag,2,4649,10,8368.2,1887.98,UPI
4234,2024-08-26,South,Sports,Cricket Bat,2,2773,15,4714.1,473.18,UPI
4235,2024-12-08,West,Electronics,Headphones,5,3942,0,19710.0,2974.18,Net Banking
4236,2024-10-19,South,Books,Dictionary,3,1319,20,3165.6,537.71,Cash on Delivery
4237,2024-01-19,South,Home,Chair,4,2621,10,9435.6,2290.75,Net Banking
4238,2024-06-27,North,Electronics,Smart Watch,2,3480,0,6960.0,722.86,Net Banking
4239,2024-10-20,North,Books,Novel,1,3890,0,3890.0,1120.41,Net Banking
4240,2024-06-09,West,Home,Chair,5,3842,20,15368.0,2084.2,Cash on Delivery
4241,2024-12-06,South,Electronics,Smart Watch,1,3291,20,2632.8,690.02,Card
4242,2024-09-06,West,Books,Dictionary,4,2347,10,8449.2,2531.74,Net Banking
4243,2024-03-06,East,Fashion,Shoes,5,3638,0,18190.0,3598.16,Net Banking
4244,2024-04-09,East,Fashion,Jeans,1,2050,5,1947.5,506.68,UPI
4245,2024-03-25,North,Books,Novel,3,1852,0,5556.0,1226.32,Cash on Delivery
4246,2024-08-14,South,Sports,Tennis Racket,4,3619,5,13752.2,2237.89,Net Banking
4247,2024-07-05,North,Electronics,Headphones,2,390,0,780.0,220.61,Card
4248,2024-04-02,South,Sports,Tennis Racket,4,506,20,1619.2,218.3,Cash on Delivery
4249,2024-08-07,West,Sports,Cricket Bat,5,2466,0,12330.0,1581.92,Net Banking
4250,2024-02-08,North,Books,Novel,2,1352,5,2568.8,666.23,Card
4251,2024-11-24,East,Home,Table,2,3393,0,6786.0,1931.67,Net Banking
4252,2024-08-19,East,Books,Biography,5,2807,15,11929.75,3523.44,Cash on Delivery
4253,2024-05-23,West,Home,Lamp,3,2059,5,5868.15,1026.67,Cash on Delivery
4254,2024-02-13,North,Home,Chair,5,1099,20,4396.0,1024.91,Cash on Delivery
4255,2024-01-30,West,Fashion,Jacket,2,4487,0,8974.0,2130.7,Card
4256,2024-10-01,South,Fashion,Shirt,4,3813,20,12201.6,1954.47,UPI
4257,2024-05-13,North,Home,Sofa,3,3429,5,9772.65,1301.35,UPI
4258,2024-02-26,South,Books,Biography,2,2951,10,5311.8,1566.74,UPI
4259,2024-09-17,South,Fashion,Jacket,5,1996,15,8483.0,867.67,UPI
4260,2024-08-03,East,Sports,Gym Bag,4,4255,0,17020.0,4194.8,UPI
4261,2024-01-02,North,Sports,Gym Bag,5,2243,15,9532.75,1672.46,Cash on Delivery
4262,2024-03-16,West,Sports,Gym Bag,1,3708,5,3522.6,1027.52,Net Banking
4263,2024-10-21,West,Electronics,Headphones,5,704,10,3168.0,382.05,Net Banking
4264,2024-05-11,South,Fashion,Shirt,2,3471,10,6247.8,1442.42,Net Banking
4265,2024-01-19,West,Books,Dictionary,3,1194,20,2865.6,637.81,Net Banking
4266,2024-11-26,North,Home,Table,4,2349,20,7516.8,801.58,Net Banking
4267,2024-12-15,East,Electronics,Mobile,2,3054,0,6108.0,1472.23,Net Banking
4268,2024-10-05,North,Electronics,Laptop,3,4876,20,11702.4,1403.92,Net Banking
4269,2024-05-06,West,Fashion,Jacket,1,4087,10,3678.3,496.68,Cash on Delivery
4270,2024-03-12,West,Electronics,Mobile,2,3092,5,5874.8,1059.26,UPI
4271,2024-07-06,West,Fashion,Shirt,5,505,20,2020.0,487.97,Net Banking
4272,2024-10-06,South,Home,Chair,5,2199,5,10445.25,2658.74,Cash on Delivery
4273,2024-05-02,South,Fashion,Shoes,5,977,0,4885.0,887.36,Net Banking
4274,2024-12-19,West,Home,Chair,3,3069,10,8286.3,1454.05,Card
4275,2024-03-18,North,Home,Chair,2,967,10,1740.6,190.45,UPI
4276,2024-10-16,South,Books,Biography,1,4980,10,4482.0,777.76,Net Banking
4277,2024-02-11,South,Books,Novel,3,4017,0,12051.0,2392.8,Net Banking
4278,2024-10-20,South,Sports,Football,1,3129,15,2659.65,532.1,UPI
4279,2024-05-09,South,Home,Chair,3,3429,0,10287.0,1707.56,Net Banking
4280,2024-02-29,East,Books,Biography,2,2258,15,3838.6,679.57,Cash on Delivery
4281,2024-07-17,West,Books,Dictionary,4,4107,15,13963.8,3791.75,UPI
4282,2024-05-01,East,Home,Table,3,4027,5,11476.95,3082.15,Net Banking
4283,2024-06-19,South,Electronics,Mobile,2,2464,20,3942.4,1018.12,Net Banking
4284,2024-10-27,East,Sports,Tennis Racket,1,302,10,271.8,56.69,UPI
4285,2024-01-11,South,Home,Sofa,1,4735,0,4735.0,1411.81,Net Banking
4286,2024-10-23,South,Home,Lamp,4,721,15,2451.4,536.54,Cash on Delivery
4287,2024-07-19,West,Home,Sofa,1,1161,0,1161.0,127.99,Net Banking
4288,2024-09-19,East,Home,Sofa,3,3176,15,8098.8,1362.9,Card
4289,2024-05-17,South,Books,Dictionary,2,3473,20,5556.8,789.16,Cash on Delivery
4290,2024-09-27,North,Electronics,Mobile,5,4457,10,20056.5,5843.01,Net Banking
4291,2024-11-28,North,Home,Sofa,4,3404,20,10892.8,2677.26,Card
4292,2024-01-18,South,Sports,Football,5,1383,15,5877.75,1506.81,Net Banking
4293,2024-11-30,West,Books,Dictionary,4,3896,20,12467.2,2180.73,UPI
4294,2024-08-15,South,Fashion,Jacket,4,2125,15,7225.0,1399.39,Card
4295,2024-03-29,North,Electronics,Laptop,4,2252,10,8107.2,1010.49,Net Banking
4296,2024-04-08,West,Fashion,Shirt,5,1675,10,7537.5,1057.84,Card
4297,2024-07-24,South,Fashion,Shirt,2,2182,10,3927.6,612.65,UPI
4298,2024-04-07,East,Electronics,Smart Watch,2,318,15,540.6,120.23,Card
4299,2024-09-15,West,Home,Sofa,3,1451,20,3482.4,561.03,Card
4300,2024-05-09,West,Home,Table,1,570,15,484.5,131.93,Cash on Delivery
4301,2024-10-23,East,Books,Comics,5,4222,10,18999.0,2832.4,UPI
4302,2024-09-28,East,Books,Novel,2,3266,10,5878.8,1720.24,Card
4303,2024-06-19,South,Electronics,Headphones,4,3660,10,13176.0,3875.39,Cash on Delivery
4304,2024-12-13,West,Electronics,Smart Watch,5,4642,15,19728.5,4120.72,UPI
4305,2024-09-03,South,Fashion,Shirt,5,1365,5,6483.75,807.02,UPI
4306,2024-10-03,East,Electronics,Laptop,5,3587,15,15244.75,4337.14,Card
4307,2024-05-08,South,Sports,Gym Bag,5,4371,5,20762.25,5507.67,UPI
4308,2024-12-07,East,Fashion,Shoes,4,1722,20,5510.4,1451.92,Net Banking
4309,2024-04-03,East,Books,Dictionary,3,1240,15,3162.0,321.48,Card
4310,2024-04-01,West,Books,Novel,1,458,10,412.2,47.7,UPI
4311,2024-12-14,East,Books,Dictionary,3,949,5,2704.65,778.4,Card
4312,2024-02-04,North,Fashion,Shirt,4,3256,10,11721.6,2031.53,Cash on Delivery
4313,2024-07-26,West,Sports,Tennis Racket,5,1426,0,7130.0,792.22,Cash on Delivery
4314,2024-12-14,West,Sports,Cricket Bat,3,446,0,1338.0,228.93,Net Banking
4315,2024-01-29,East,Books,Dictionary,3,1699,0,5097.0,743.97,Net Banking
4316,2024-09-16,East,Sports,Tennis Racket,5,1845,5,8763.75,899.86,Cash on Delivery
4317,2024-08-06,South,Sports,Cricket Bat,5,2070,15,8797.5,1820.92,UPI
4318,2024-07-24,East,Electronics,Laptop,3,3948,20,9475.2,1238.46,Card
4319,2024-01-04,East,Sports,Football,5,3103,20,12412.0,2988.05,Net Banking
4320,2024-12-08,North,Electronics,Headphones,1,4932,15,4192.2,835.38,Net Banking
4321,2024-10-14,South,Fashion,Shirt,3,903,20,2167.2,273.37,UPI
4322,2024-01-02,South,Fashion,Shoes,2,2158,5,4100.2,1205.07,Net Banking
4323,2024-06-24,West,Home,Table,5,3089,20,12356.0,1634.76,UPI
4324,2024-02-12,East,Books,Comics,1,933,15,793.05,212.91,Net Banking
4325,2024-06-07,North,Home,Table,4,3038,15,10329.2,1658.26,UPI
4326,2024-11-03,West,Fashion,Shoes,2,3675,5,6982.5,1236.57,Cash on Delivery
4327,2024-08-18,North,Electronics,Mobile,2,2760,20,4416.0,1282.82,Net Banking
4328,2024-04-11,West,Fashion,Jacket,4,1707,10,6145.2,979.63,Cash on Delivery
4329,2024-07-04,West,Home,Lamp,5,4358,5,20700.5,4569.02,Net Banking
4330,2024-03-21,East,Sports,Football,4,2818,5,10708.4,2986.2,UPI
4331,2024-05-30,South,Books,Novel,3,4674,0,14022.0,3199.0,Card
4332,2024-08-02,North,Sports,Gym Bag,1,708,20,566.4,89.16,UPI
4333,2024-07-26,South,Home,Sofa,4,3701,5,14063.8,2216.41,Card
4334,2024-04-23,South,Sports,Cricket Bat,3,2443,20,5863.2,766.66,UPI
4335,2024-02-21,North,Sports,Cricket Bat,5,992,10,4464.0,1270.41,UPI
4336,2024-04-03,West,Home,Table,2,1190,0,2380.0,596.02,Card
4337,2024-01-06,North,Sports,Tennis Racket,3,4325,10,11677.5,2151.24,UPI
4338,2024-08-17,South,Electronics,Headphones,5,2124,5,10089.0,2984.11,Cash on Delivery
4339,2024-11-11,South,Home,Table,5,4713,5,22386.75,5973.07,Cash on Delivery
4340,2024-03-27,West,Sports,Gym Bag,4,975,10,3510.0,525.94,UPI
4341,2024-01-22,South,Fashion,Jacket,3,4109,5,11710.65,2114.2,UPI
4342,2024-07-27,North,Fashion,Jeans,5,610,0,3050.0,568.72,Net Banking
4343,2024-06-11,East,Electronics,Headphones,2,3999,20,6398.4,1265.46,Cash on Delivery
4344,2024-11-02,East,Home,Chair,2,2336,0,4672.0,841.48,Net Banking
4345,2024-11-14,West,Fashion,Shirt,4,3279,10,11804.4,3414.04,Card
4346,2024-04-18,South,Fashion,Shoes,5,3578,20,14312.0,1486.23,Cash on Delivery
4347,2024-06-20,East,Books,Biography,2,4505,15,7658.5,1620.44,Card
4348,2024-04-29,South,Sports,Cricket Bat,5,1107,5,5258.25,784.82,Net Banking
4349,2024-06-07,South,Home,Lamp,2,713,5,1354.7,402.55,Net Banking
4350,2024-04-07,South,Electronics,Mobile,3,4196,10,11329.2,1181.95,Cash on Delivery
4351,2024-07-23,North,Sports,Cricket Bat,2,2185,10,3933.0,428.56,UPI
4352,2024-12-28,South,Electronics,Mobile,2,2975,0,5950.0,1569.44,Net Banking
4353,2024-11-20,East,Electronics,Headphones,3,4677,15,11926.35,1321.77,Cash on Delivery
4354,2024-02-10,South,Electronics,Headphones,2,2750,10,4950.0,884.34,UPI
4355,2024-09-05,East,Books,Biography,3,1017,5,2898.45,475.78,UPI
4356,2024-12-18,North,Books,Novel,2,3128,0,6256.0,1062.64,Card
4357,2024-06-09,North,Home,Lamp,5,4153,0,20765.0,3460.2,Net Banking
4358,2024-05-22,North,Home,Sofa,4,3840,5,14592.0,1966.06,Card
4359,2024-12-09,North,Sports,Cricket Bat,4,1285,15,4369.0,554.1,UPI
4360,2024-08-22,West,Books,Comics,2,2888,5,5487.2,558.88,UPI
4361,2024-09-13,East,Sports,Football,1,2668,5,2534.6,281.21,Net Banking
4362,2024-12-20,West,Home,Sofa,4,933,10,3358.8,463.41,Card
4363,2024-08-01,North,Sports,Football,5,610,0,3050.0,331.92,Cash on Delivery
4364,2024-10-02,South,Electronics,Laptop,5,1518,15,6451.5,1717.46,UPI
4365,2024-10-11,North,Books,Biography,3,3500,0,10500.0,1860.33,Card
4366,2024-09-27,West,Books,Novel,5,4175,20,16700.0,4121.09,UPI
4367,2024-10-12,North,Home,Sofa,3,588,20,1411.2,248.88,Net Banking
4368,2024-03-20,West,Books,Biography,4,1742,20,5574.4,595.65,Net Banking
4369,2024-08-22,North,Sports,Cricket Bat,5,1219,10,5485.5,1039.42,Card
4370,2024-09-30,West,Fashion,Shoes,3,445,15,1134.75,230.53,UPI
4371,2024-02-22,West,Fashion,Shirt,5,3932,20,15728.0,3964.2,Cash on Delivery
4372,2024-05-13,East,Home,Lamp,5,4794,5,22771.5,4151.96,UPI
4373,2024-08-18,East,Sports,Gym Bag,5,589,15,2503.25,440.03,Net Banking
4374,2024-08-08,East,Home,Chair,4,1127,0,4508.0,833.97,Cash on Delivery
4375,2024-09-14,East,Electronics,Headphones,4,1997,10,7189.2,1076.86,UPI
4376,2024-06-27,South,Electronics,Smart Watch,5,1500,0,7500.0,1829.64,Card
4377,2024-09-03,West,Books,Comics,3,2052,5,5848.2,1486.06,Net Banking
4378,2024-02-25,South,Fashion,Shirt,1,3400,15,2890.0,686.38,Net Banking
4379,2024-01-07,West,Books,Biography,1,3340,10,3006.0,629.76,Card
4380,2024-06-21,East,Electronics,Mobile,1,1434,10,1290.6,375.64,Cash on Delivery
4381,2024-12-06,North,Home,Chair,3,2723,20,6535.2,1950.83,UPI
4382,2024-03-10,West,Books,Biography,4,4053,5,15401.4,3143.21,Net Banking
4383,2024-05-07,North,Home,Sofa,4,2057,0,8228.0,1155.54,Cash on Delivery
4384,2024-06-09,North,Books,Biography,1,545,20,436.0,50.53,Card
4385,2024-06-09,South,Fashion,Shoes,1,4328,10,3895.2,472.38,Net Banking
4386,2024-07-02,West,Home,Sofa,2,4494,20,7190.4,1433.09,Card
4387,2024-11-19,South,Electronics,Smart Watch,2,3059,5,5812.1,1107.02,Cash on Delivery
4388,2024-05-26,North,Sports,Football,2,1343,5,2551.7,274.23,Card
4389,2024-12-03,West,Electronics,Headphones,4,3999,0,15996.0,2189.7,UPI
4390,2024-06-21,East,Home,Chair,1,4531,5,4304.45,1095.23,UPI
4391,2024-04-21,West,Electronics,Smart Watch,4,655,20,2096.0,545.4,Card
4392,2024-11-21,West,Books,Biography,5,4832,10,21744.0,5528.73,Net Banking
4393,2024-07-19,West,Books,Novel,2,3710,0,7420.0,1226.36,Net Banking
4394,2024-05-12,East,Books,Comics,3,2781,5,7925.85,816.07,Card
4395,2024-05-05,East,Books,Biography,5,4758,15,20221.5,2796.2,UPI
4396,2024-02-26,West,Sports,Cricket Bat,1,2759,10,2483.1,268.95,UPI
4397,2024-03-03,South,Books,Novel,4,3418,20,10937.6,2870.41,Cash on Delivery
4398,2024-02-17,West,Books,Biography,1,3439,0,3439.0,360.76,Net Banking
4399,2024-12-02,North,Books,Novel,5,1325,10,5962.5,1606.3,Net Banking
4400,2024-05-28,East,Books,Biography,4,3652,20,11686.4,2459.31,Card
4401,2024-09-21,South,Electronics,Laptop,3,943,10,2546.1,302.09,UPI
4402,2024-03-21,North,Electronics,Laptop,3,379,10,1023.3,290.95,Card
4403,2024-09-14,West,Home,Chair,5,318,10,1431.0,232.34,UPI
4404,2024-08-20,North,Home,Sofa,5,2551,0,12755.0,3333.32,Net Banking
4405,2024-05-14,West,Electronics,Headphones,5,2042,0,10210.0,1065.48,UPI
4406,2024-08-22,East,Home,Sofa,3,4181,5,11915.85,3446.94,Card
4407,2024-08-18,East,Home,Sofa,1,4027,10,3624.3,382.23,Card
4408,2024-07-20,West,Home,Lamp,1,2181,5,2071.95,459.33,Card
4409,2024-01-09,North,Books,Comics,2,3613,10,6503.4,742.44,Net Banking
4410,2024-06-27,West,Fashion,Jeans,4,3172,5,12053.6,3472.17,UPI
4411,2024-11-25,South,Sports,Gym Bag,1,596,0,596.0,62.79,Net Banking
4412,2024-07-17,West,Home,Lamp,1,1657,10,1491.3,216.49,UPI
4413,2024-08-25,North,Home,Chair,3,3911,10,10559.7,3063.54,Net Banking
4414,2024-09-21,West,Books,Comics,5,4550,20,18200.0,2808.71,Cash on Delivery
4415,2024-08-21,North,Electronics,Smart Watch,2,3620,0,7240.0,760.71,UPI
4416,2024-10-20,North,Sports,Football,4,4283,5,16275.4,3755.85,Cash on Delivery
4417,2024-08-14,South,Home,Table,1,3938,20,3150.4,380.1,UPI
4418,2024-05-17,North,Electronics,Smart Watch,1,2577,20,2061.6,215.9,UPI
4419,2024-04-26,North,Home,Lamp,3,3037,20,7288.8,1345.33,Cash on Delivery
4420,2024-04-27,East,Fashion,Jeans,5,3635,10,16357.5,2859.37,Card
4421,2024-01-29,West,Books,Novel,1,2029,5,1927.55,331.61,UPI
4422,2024-11-10,West,Home,Table,4,3150,5,11970.0,2919.1,UPI
4423,2024-08-06,South,Sports,Gym Bag,1,4022,5,3820.9,1116.87,Cash on Delivery
4424,2024-06-17,West,Fashion,Shoes,2,1906,20,3049.6,806.73,Net Banking
4425,2024-12-25,West,Fashion,Jeans,4,4833,15,16432.2,3824.7,Cash on Delivery
4426,2024-11-07,East,Electronics,Mobile,5,1944,0,9720.0,2711.0,Net Banking
4427,2024-09-01,North,Sports,Gym Bag,4,348,10,1252.8,216.44,UPI
4428,2024-07-17,West,Fashion,Shoes,5,1326,0,6630.0,1830.99,UPI
4429,2024-05-14,North,Fashion,Shoes,4,4865,20,15568.0,2142.09,Cash on Delivery
4430,2024-05-31,West,Sports,Tennis Racket,2,4683,20,7492.8,1420.43,UPI
4431,2024-12-04,West,Home,Lamp,1,2190,20,1752.0,426.56,Cash on Delivery
4432,2024-07-04,North,Fashion,Jacket,5,3536,15,15028.0,4369.43,Card
4433,2024-01-28,North,Home,Table,3,495,20,1188.0,338.32,Net Banking
4434,2024-02-07,North,Electronics,Laptop,1,753,0,753.0,198.49,Net Banking
4435,2024-03-12,West,Sports,Football,2,4902,10,8823.6,2272.57,UPI
4436,2024-09-28,North,Electronics,Mobile,1,4855,20,3884.0,497.1,Card
4437,2024-02-07,North,Home,Sofa,5,3616,15,15368.0,1929.78,Card
4438,2024-11-17,East,Electronics,Headphones,5,1322,15,5618.5,1321.77,Net Banking
4439,2024-02-06,East,Fashion,Jacket,3,3732,0,11196.0,2476.35,Card
4440,2024-05-27,South,Books,Biography,1,3664,5,3480.8,870.65,Net Banking
4441,2024-05-14,West,Electronics,Smart Watch,1,2129,0,2129.0,279.13,Net Banking
4442,2024-07-30,South,Electronics,Smart Watch,4,4451,5,16913.8,2763.26,UPI
4443,2024-10-19,East,Sports,Gym Bag,1,2297,5,2182.15,316.55,UPI
4444,2024-08-20,East,Fashion,Jeans,2,4671,5,8874.9,2459.25,Net Banking
4445,2024-03-25,West,Electronics,Mobile,5,2269,15,9643.25,2089.06,Cash on Delivery
4446,2024-05-07,South,Fashion,Shoes,5,3695,10,16627.5,2521.19,Cash on Delivery
4447,2024-04-23,North,Sports,Gym Bag,1,909,10,818.1,209.95,Card
4448,2024-09-02,East,Electronics,Smart Watch,1,4557,0,4557.0,747.78,Net Banking
4449,2024-09-03,East,Electronics,Headphones,3,757,15,1930.35,462.74,Card
4450,2024-01-09,North,Books,Dictionary,2,3219,20,5150.4,615.96,Card
4451,2024-07-21,South,Home,Sofa,4,1678,0,6712.0,1224.88,Net Banking
4452,2024-03-30,South,Electronics,Mobile,2,2954,20,4726.4,753.35,UPI
4453,2024-08-21,East,Books,Comics,5,4951,15,21041.75,4075.4,Card
4454,2024-05-10,East,Books,Biography,4,2887,10,10393.2,1179.52,Card
4455,2024-08-21,North,Sports,Tennis Racket,1,827,15,702.95,165.25,Net Banking
4456,2024-08-08,West,Electronics,Mobile,2,3209,15,5455.3,1590.59,Net Banking
4457,2024-04-15,South,Electronics,Laptop,3,4851,10,13097.7,3222.78,Card
4458,2024-01-17,North,Fashion,Shirt,5,651,10,2929.5,526.09,Card
4459,2024-03-28,South,Books,Biography,3,4876,5,13896.6,2810.66,Card
4460,2024-04-27,West,Electronics,Laptop,5,4598,5,21840.5,2547.58,Net Banking
4461,2024-03-09,East,Sports,Tennis Racket,5,3158,5,15000.5,2051.74,Net Banking
4462,2024-05-09,West,Electronics,Laptop,1,4808,10,4327.2,551.91,Net Banking
4463,2024-02-03,South,Electronics,Smart Watch,4,3821,5,14519.8,3279.24,Cash on Delivery
4464,2024-02-11,East,Fashion,Shoes,3,1048,0,3144.0,325.92,Cash on Delivery
4465,2024-04-16,East,Electronics,Laptop,5,2396,5,11381.0,1431.32,Card
4466,2024-06-13,South,Electronics,Laptop,4,387,15,1315.8,167.01,Card
4467,2024-04-11,South,Electronics,Mobile,1,1859,10,1673.1,395.79,Cash on Delivery
4468,2024-10-13,South,Sports,Tennis Racket,5,1239,15,5265.75,1334.89,Card
4469,2024-11-09,West,Electronics,Laptop,4,2111,0,8444.0,1557.12,Net Banking
4470,2024-07-10,East,Sports,Gym Bag,1,2337,5,2220.15,603.05,Cash on Delivery
4471,2024-10-24,North,Home,Lamp,1,3491,0,3491.0,653.44,Cash on Delivery
4472,2024-10-09,North,Sports,Football,5,2654,10,11943.0,3078.38,Cash on Delivery
4473,2024-12-20,East,Electronics,Laptop,1,4312,15,3665.2,585.94,Net Banking
4474,2024-01-10,South,Fashion,Shirt,3,1085,0,3255.0,558.99,Cash on Delivery
4475,2024-12-28,West,Books,Dictionary,1,1898,0,1898.0,315.03,Card
4476,2024-06-15,South,Home,Lamp,2,1632,5,3100.8,719.79,UPI
4477,2024-01-30,West,Books,Biography,4,2791,5,10605.8,1802.65,Cash on Delivery
4478,2024-02-24,West,Home,Sofa,2,3084,5,5859.6,1284.21,UPI
4479,2024-04-02,East,Electronics,Laptop,2,2959,10,5326.2,1072.21,Net Banking
4480,2024-05-21,South,Sports,Gym Bag,4,630,5,2394.0,278.88,Net Banking
4481,2024-12-27,South,Books,Novel,1,2386,10,2147.4,559.33,UPI
4482,2024-03-08,North,Books,Dictionary,5,3837,0,19185.0,4985.31,Cash on Delivery
4483,2024-01-24,East,Fashion,Jeans,3,2716,10,7333.2,1607.81,Card
4484,2024-02-24,West,Home,Lamp,4,2931,15,9965.4,1984.96,UPI
4485,2024-08-14,South,Fashion,Jacket,1,2802,10,2521.8,488.09,Card
4486,2024-09-28,North,Home,Lamp,1,3487,0,3487.0,731.92,Cash on Delivery
4487,2024-04-13,North,Books,Dictionary,1,3155,5,2997.25,408.55,Card
4488,2024-12-14,North,Sports,Gym Bag,1,4510,5,4284.5,661.78,Net Banking
4489,2024-02-29,South,Electronics,Mobile,1,4361,10,3924.9,698.96,UPI
4490,2024-04-22,South,Fashion,Jacket,4,1161,10,4179.6,999.7,UPI
4491,2024-09-19,East,Fashion,Jacket,2,4505,10,8109.0,2001.11,Net Banking
4492,2024-12-30,South,Electronics,Headphones,5,4129,15,17548.25,4199.92,UPI
4493,2024-05-21,North,Books,Novel,4,2243,15,7626.2,1658.52,Cash on Delivery
4494,2024-08-19,East,Home,Sofa,3,2570,0,7710.0,2081.7,UPI
4495,2024-06-01,West,Sports,Cricket Bat,2,3458,10,6224.4,976.99,Card
4496,2024-11-08,North,Sports,Tennis Racket,4,553,10,1990.8,298.42,Card
4497,2024-08-18,North,Books,Comics,4,4988,15,16959.2,2930.12,Cash on Delivery
4498,2024-09-26,West,Books,Biography,3,3713,20,8911.2,1019.52,Net Banking
4499,2024-11-29,East,Home,Table,1,4304,5,4088.8,455.32,Net Banking
4500,2024-11-24,West,Electronics,Smart Watch,4,1069,5,4062.2,663.2,UPI
4501,2024-05-24,South,Electronics,Smart Watch,4,1583,5,6015.4,831.02,Cash on Delivery
4502,2024-12-15,South,Electronics,Mobile,4,3085,5,11723.0,3408.9,Cash on Delivery
4503,2024-08-22,South,Electronics,Mobile,1,1432,15,1217.2,198.42,Card
4504,2024-10-31,East,Fashion,Shoes,1,2632,20,2105.6,400.27,Cash on Delivery
4505,2024-05-29,South,Electronics,Mobile,2,2312,10,4161.6,817.4,UPI
4506,2024-12-21,North,Sports,Tennis Racket,5,2290,10,10305.0,1677.58,Cash on Delivery
4507,2024-02-07,South,Sports,Football,1,635,15,539.75,66.23,Cash on Delivery
4508,2024-07-19,East,Fashion,Jacket,3,3252,20,7804.8,1208.33,Net Banking
4509,2024-11-21,North,Electronics,Mobile,5,4917,5,23355.75,6666.53,UPI
4510,2024-02-22,North,Fashion,Jacket,4,2961,0,11844.0,2220.99,Net Banking
4511,2024-05-25,South,Fashion,Jeans,5,2240,0,11200.0,1936.88,Cash on Delivery
4512,2024-10-24,South,Sports,Tennis Racket,1,2402,10,2161.8,376.03,Cash on Delivery
4513,2024-09-12,South,Home,Chair,4,2038,10,7336.8,1362.74,Net Banking
4514,2024-10-22,South,Sports,Tennis Racket,2,1421,15,2415.7,439.63,Card
4515,2024-07-23,East,Books,Novel,4,589,0,2356.0,480.41,Card
4516,2024-03-17,South,Books,Dictionary,4,4910,0,19640.0,2685.74,Card
4517,2024-08-09,East,Electronics,Smart Watch,3,491,15,1252.05,151.29,UPI
4518,2024-10-26,North,Sports,Football,3,1183,5,3371.55,363.23,Card
4519,2024-03-24,East,Fashion,Shoes,5,571,15,2426.75,454.49,Net Banking
4520,2024-10-28,South,Electronics,Smart Watch,1,4815,5,4574.25,1084.89,Card
4521,2024-04-24,West,Electronics,Mobile,5,1501,0,7505.0,754.17,Cash on Delivery
4522,2024-10-13,North,Electronics,Smart Watch,2,1719,15,2922.3,316.85,UPI
4523,2024-06-10,South,Fashion,Jeans,4,3941,10,14187.6,1934.71,UPI
4524,2024-02-01,West,Home,Lamp,5,4686,15,19915.5,5135.35,Card
4525,2024-08-03,South,Sports,Cricket Bat,2,4547,0,9094.0,2655.42,Card
4526,2024-03-11,East,Books,Novel,3,3707,15,9452.85,1636.62,Cash on Delivery
4527,2024-11-27,West,Home,Sofa,1,4951,15,4208.35,1109.72,UPI
4528,2024-04-21,West,Sports,Tennis Racket,2,2405,10,4329.0,586.05,Net Banking
4529,2024-01-08,East,Sports,Gym Bag,4,4353,20,13929.6,3917.39,Cash on Delivery
4530,2024-08-10,East,Sports,Football,4,2905,15,9877.0,1912.39,UPI
4531,2024-11-02,West,Electronics,Mobile,2,4770,10,8586.0,1124.87,UPI
4532,2024-01-01,West,Fashion,Jeans,1,3393,10,3053.7,378.37,UPI
4533,2024-07-22,West,Home,Table,1,4526,15,3847.1,410.31,Net Banking
4534,2024-10-22,South,Books,Novel,1,3588,15,3049.8,491.39,Net Banking
4535,2024-05-14,South,Home,Chair,4,4590,5,17442.0,4875.27,Card
4536,2024-02-13,South,Fashion,Shoes,3,2512,0,7536.0,2017.32,UPI
4537,2024-08-29,East,Books,Novel,5,461,20,1844.0,346.67,UPI
4538,2024-11-28,West,Electronics,Smart Watch,1,3306,5,3140.7,338.82,Net Banking
4539,2024-10-07,West,Electronics,Laptop,3,776,10,2095.2,304.26,Net Banking
4540,2024-07-30,West,Books,Comics,5,3407,15,14479.75,3473.37,Cash on Delivery
4541,2024-01-27,East,Electronics,Laptop,1,1050,0,1050.0,299.54,UPI
4542,2024-01-07,North,Sports,Football,4,4848,10,17452.8,1843.28,Card
4543,2024-12-26,South,Home,Chair,3,2667,20,6400.8,1246.31,Card
4544,2024-07-05,North,Books,Biography,1,397,5,377.15,84.49,Net Banking
4545,2024-06-13,East,Books,Dictionary,4,3034,5,11529.2,3154.75,Net Banking
4546,2024-12-08,East,Books,Dictionary,3,1668,10,4503.6,586.68,Cash on Delivery
4547,2024-08-13,East,Fashion,Shirt,1,3613,10,3251.7,398.66,Card
4548,2024-08-15,East,Home,Chair,1,1837,5,1745.15,334.58,Card
4549,2024-01-03,West,Sports,Gym Bag,4,4671,0,18684.0,4646.87,Net Banking
4550,2024-07-04,East,Books,Comics,4,1024,15,3481.6,557.88,UPI
4551,2024-09-20,West,Books,Comics,5,4470,0,22350.0,3464.4,UPI
4552,2024-12-11,East,Electronics,Mobile,5,3583,5,17019.25,2666.04,UPI
4553,2024-04-17,East,Home,Sofa,3,3009,0,9027.0,1922.64,Net Banking
4554,2024-02-19,East,Fashion,Shoes,2,2899,5,5508.1,1623.8,UPI
4555,2024-07-29,North,Electronics,Laptop,5,3346,0,16730.0,4892.39,Cash on Delivery
4556,2024-03-01,South,Sports,Tennis Racket,2,925,5,1757.5,301.22,Net Banking
4557,2024-01-21,North,Books,Biography,4,1926,10,6933.6,1654.61,UPI
4558,2024-12-05,West,Fashion,Jeans,3,1568,10,4233.6,945.11,Net Banking
4559,2024-10-07,East,Fashion,Shirt,3,2728,20,6547.2,1736.62,Net Banking
4560,2024-08-16,North,Electronics,Mobile,3,4154,10,11215.8,2487.33,Cash on Delivery
4561,2024-02-23,North,Home,Sofa,3,1729,20,4149.6,620.7,Net Banking
4562,2024-04-03,West,Sports,Tennis Racket,2,960,10,1728.0,321.33,Net Banking
4563,2024-08-04,North,Sports,Tennis Racket,3,3119,5,8889.15,1993.83,Card
4564,2024-06-18,West,Sports,Gym Bag,5,4738,20,18952.0,3642.67,Net Banking
4565,2024-04-30,East,Home,Lamp,5,2413,15,10255.25,2581.23,UPI
4566,2024-07-31,North,Home,Chair,5,1415,20,5660.0,1687.95,Card
4567,2024-12-23,West,Electronics,Headphones,2,4016,10,7228.8,1682.12,UPI
4568,2024-03-19,East,Books,Biography,4,2341,20,7491.2,1652.27,UPI
4569,2024-07-27,East,Home,Lamp,4,2285,15,7769.0,1893.72,Cash on Delivery
4570,2024-12-25,East,Electronics,Laptop,4,4841,15,16459.4,2093.98,Card
4571,2024-06-10,West,Fashion,Shirt,1,3731,10,3357.9,747.66,UPI
4572,2024-05-03,West,Fashion,Shirt,1,1375,5,1306.25,248.06,Cash on Delivery
4573,2024-11-21,South,Fashion,Shirt,4,1743,15,5926.2,672.51,Net Banking
4574,2024-02-23,East,Fashion,Shoes,4,3184,15,10825.6,1489.72,UPI
4575,2024-10-12,South,Fashion,Shirt,5,417,15,1772.25,370.23,Card
4576,2024-06-26,West,Sports,Football,4,935,10,3366.0,805.79,Cash on Delivery
4577,2024-02-10,West,Books,Comics,4,2197,10,7909.2,1475.87,Cash on Delivery
4578,2024-03-28,South,Books,Novel,5,4578,5,21745.5,3647.11,UPI
4579,2024-07-18,West,Books,Dictionary,5,639,10,2875.5,767.29,Cash on Delivery
4580,2024-08-17,South,Books,Comics,5,4408,5,20938.0,6254.33,Cash on Delivery
4581,2024-11-11,South,Electronics,Headphones,1,2286,0,2286.0,534.85,Card
4582,2024-08-09,North,Books,Dictionary,2,2017,5,3832.3,1086.81,Card
4583,2024-08-06,East,Sports,Gym Bag,2,3925,15,6672.5,1394.74,Card
4584,2024-01-15,South,Books,Comics,4,1479,20,4732.8,911.32,Net Banking
4585,2024-08-12,North,Fashion,Jeans,5,4257,15,18092.25,3839.31,Cash on Delivery
4586,2024-11-22,West,Electronics,Laptop,2,4698,5,8926.2,2363.44,Cash on Delivery
4587,2024-08-19,West,Home,Lamp,2,3102,15,5273.4,710.31,Card
4588,2024-12-27,North,Sports,Football,3,3008,5,8572.8,1439.64,Cash on Delivery
4589,2024-03-28,South,Books,Dictionary,1,1330,15,1130.5,162.93,Card
4590,2024-03-19,West,Books,Comics,1,2857,5,2714.15,699.52,UPI
4591,2024-10-23,East,Home,Lamp,3,3663,20,8791.2,1940.45,Card
4592,2024-07-03,North,Sports,Gym Bag,3,1154,0,3462.0,633.94,UPI
4593,2024-07-13,East,Books,Dictionary,4,4070,5,15466.0,3178.71,Cash on Delivery
4594,2024-09-12,East,Books,Novel,3,4518,10,12198.6,3040.2,Net Banking
4595,2024-06-29,South,Fashion,Jeans,2,877,5,1666.3,261.08,Cash on Delivery
4596,2024-12-12,West,Books,Dictionary,1,386,15,328.1,91.29,Card
4597,2024-09-06,East,Books,Comics,5,2585,5,12278.75,2263.58,UPI
4598,2024-04-25,East,Sports,Football,2,784,0,1568.0,197.18,UPI
4599,2024-03-14,North,Fashion,Shirt,2,4433,15,7536.1,890.94,Net Banking
4600,2024-10-07,South,Books,Biography,3,3775,20,9060.0,2037.69,Cash on Delivery
4601,2024-04-11,North,Electronics,Laptop,1,3298,5,3133.1,442.84,Cash on Delivery
4602,2024-02-06,West,Home,Sofa,1,1359,15,1155.15,228.95,Net Banking
4603,2024-06-29,East,Home,Sofa,5,3834,20,15336.0,2662.61,Cash on Delivery
4604,2024-06-24,East,Sports,Tennis Racket,5,4969,10,22360.5,6601.99,UPI
4605,2024-09-20,West,Home,Table,2,4913,0,9826.0,1853.4,Cash on Delivery
4606,2024-12-19,North,Home,Lamp,5,2137,20,8548.0,1444.57,Card
4607,2024-02-08,East,Home,Table,2,805,15,1368.5,381.6,Card
4608,2024-09-08,North,Sports,Tennis Racket,1,1815,0,1815.0,290.17,Cash on Delivery
4609,2024-08-30,East,Home,Lamp,2,791,5,1502.9,162.42,Card
4610,2024-06-02,West,Sports,Tennis Racket,2,510,20,816.0,200.84,Card
4611,2024-05-26,East,Electronics,Mobile,2,1711,0,3422.0,879.98,Cash on Delivery
4612,2024-10-21,South,Electronics,Mobile,4,2213,10,7966.8,1822.78,UPI
4613,2024-06-30,South,Home,Chair,1,4819,0,4819.0,830.5,Card
4614,2024-02-15,North,Sports,Tennis Racket,1,2612,15,2220.2,491.9,Cash on Delivery
4615,2024-02-28,South,Fashion,Jeans,3,2777,15,7081.35,719.69,UPI
4616,2024-04-19,South,Fashion,Shoes,3,4415,10,11920.5,2319.71,Card
4617,2024-09-09,South,Books,Dictionary,4,3802,20,12166.4,2228.91,Card
4618,2024-11-13,South,Fashion,Shoes,1,1254,5,1191.3,125.31,Card
4619,2024-10-13,North,Electronics,Mobile,2,623,0,1246.0,196.87,Cash on Delivery
4620,2024-12-12,North,Electronics,Mobile,5,4764,20,19056.0,4616.91,Net Banking
4621,2024-12-12,East,Sports,Tennis Racket,2,1842,0,3684.0,975.89,UPI
4622,2024-02-18,South,Books,Novel,1,2077,5,1973.15,323.96,Card
4623,2024-12-30,South,Sports,Cricket Bat,4,3566,15,12124.4,1342.98,Cash on Delivery
4624,2024-11-12,North,Electronics,Smart Watch,1,2083,20,1666.4,467.23,UPI
4625,2024-03-22,East,Electronics,Smart Watch,1,2930,0,2930.0,358.64,Card
4626,2024-02-09,East,Electronics,Mobile,3,3313,15,8448.15,891.81,Net Banking
4627,2024-07-02,West,Home,Sofa,3,775,15,1976.25,376.98,Card
4628,2024-04-10,South,Sports,Cricket Bat,1,3391,5,3221.45,397.96,UPI
4629,2024-04-06,North,Sports,Football,1,2884,15,2451.4,723.92,UPI
4630,2024-01-07,South,Books,Dictionary,1,3777,15,3210.45,879.44,UPI
4631,2024-03-11,West,Home,Lamp,5,3551,15,15091.75,3581.03,Card
4632,2024-09-24,West,Fashion,Jeans,1,539,15,458.15,55.72,Cash on Delivery
4633,2024-05-07,West,Electronics,Laptop,1,2547,0,2547.0,539.68,Card
4634,2024-05-30,East,Fashion,Jeans,2,550,15,935.0,156.64,Net Banking
4635,2024-10-22,South,Home,Table,2,4134,10,7441.2,1636.73,UPI
4636,2024-12-17,South,Sports,Cricket Bat,5,2962,20,11848.0,3171.63,Card
4637,2024-10-21,East,Home,Lamp,3,2891,0,8673.0,1234.29,UPI
4638,2024-08-07,South,Sports,Football,3,4554,5,12978.9,3318.15,Card
4639,2024-03-15,West,Sports,Cricket Bat,2,3547,20,5675.2,1522.3,Card
4640,2024-09-22,North,Fashion,Shirt,3,2228,15,5681.4,858.27,Cash on Delivery
4641,2024-02-20,West,Home,Sofa,3,4537,15,11569.35,2864.7,Cash on Delivery
4642,2024-08-22,West,Sports,Cricket Bat,1,1367,0,1367.0,246.15,UPI
4643,2024-05-13,South,Home,Lamp,5,3923,15,16672.75,2999.88,UPI
4644,2024-05-09,North,Home,Lamp,5,1147,0,5735.0,1432.94,Cash on Delivery
4645,2024-12-25,West,Electronics,Headphones,2,4756,0,9512.0,2295.69,Card
4646,2024-07-16,North,Sports,Football,4,4715,15,16031.0,1982.27,Cash on Delivery
4647,2024-01-12,West,Electronics,Mobile,1,1031,20,824.8,182.71,Net Banking
4648,2024-07-22,East,Home,Lamp,3,3405,10,9193.5,2592.14,Card
4649,2024-05-16,West,Books,Biography,5,2392,5,11362.0,2272.02,UPI
4650,2024-12-11,East,Electronics,Mobile,3,2878,10,7770.6,2318.56,Cash on Delivery
4651,2024-11-03,North,Sports,Gym Bag,1,2191,0,2191.0,592.11,UPI
4652,2024-10-27,South,Sports,Cricket Bat,4,1527,5,5802.6,1704.43,Net Banking
4653,2024-09-30,South,Sports,Tennis Racket,1,3945,5,3747.75,667.53,Card
4654,2024-11-05,East,Home,Chair,4,475,20,1520.0,210.88,UPI
4655,2024-07-29,West,Books,Novel,3,571,20,1370.4,168.15,Card
4656,2024-08-30,South,Home,Chair,3,4622,10,12479.4,2650.56,Card
4657,2024-12-30,North,Sports,Football,4,1714,15,5827.6,1664.31,Cash on Delivery
4658,2024-05-25,North,Books,Comics,3,1784,20,4281.6,1245.65,Cash on Delivery
4659,2024-12-22,West,Books,Dictionary,5,2997,10,13486.5,1721.38,UPI
4660,2024-01-07,West,Sports,Tennis Racket,2,4188,10,7538.4,1007.97,UPI
4661,2024-12-22,North,Electronics,Smart Watch,4,1976,10,7113.6,1146.76,Cash on Delivery
4662,2024-03-24,South,Home,Table,3,1262,15,3218.1,779.81,Card
4663,2024-08-26,West,Sports,Tennis Racket,1,678,0,678.0,80.07,UPI
4664,2024-05-02,South,Books,Novel,5,2625,10,11812.5,2240.76,UPI
4665,2024-03-29,East,Electronics,Headphones,5,2608,0,13040.0,3126.6,Cash on Delivery
4666,2024-03-27,East,Fashion,Shoes,2,4738,5,9002.2,2052.33,Net Banking
4667,2024-12-03,East,Books,Dictionary,4,4329,20,13852.8,4137.96,UPI
4668,2024-12-30,South,Fashion,Shirt,4,2968,15,10091.2,1561.95,Net Banking
4669,2024-09-25,North,Sports,Football,3,4540,20,10896.0,1372.67,UPI
4670,2024-02-29,East,Sports,Football,1,316,15,268.6,65.95,UPI
4671,2024-02-22,North,Sports,Football,3,3587,10,9684.9,1461.6,UPI
4672,2024-06-03,North,Books,Biography,5,4047,10,18211.5,4735.88,Card
4673,2024-05-29,East,Sports,Cricket Bat,2,2275,15,3867.5,1160.24,Net Banking
4674,2024-11-19,West,Books,Dictionary,1,762,15,647.7,137.35,UPI
4675,2024-10-08,South,Fashion,Shoes,2,3038,0,6076.0,798.17,UPI
4676,2024-12-06,West,Fashion,Jeans,4,4983,20,15945.6,1787.19,Net Banking
4677,2024-10-08,North,Sports,Gym Bag,2,4733,15,8046.1,1384.87,Card
4678,2024-02-25,West,Fashion,Shoes,1,3657,10,3291.3,594.09,Card
4679,2024-08-16,South,Electronics,Laptop,4,378,20,1209.6,324.85,UPI
4680,2024-12-26,West,Electronics,Mobile,5,797,20,3188.0,721.45,Net Banking
4681,2024-05-19,South,Sports,Cricket Bat,1,4385,0,4385.0,938.95,Card
4682,2024-12-16,South,Books,Comics,4,4328,10,15580.8,3243.38,Net Banking
4683,2024-06-23,East,Fashion,Jacket,1,4189,10,3770.1,884.61,Cash on Delivery
4684,2024-02-15,West,Sports,Tennis Racket,2,3798,15,6456.6,1155.95,Cash on Delivery
4685,2024-01-02,North,Books,Biography,4,2523,15,8578.2,1675.54,Cash on Delivery
4686,2024-04-01,East,Electronics,Mobile,3,1384,5,3944.4,442.57,Net Banking
4687,2024-06-25,North,Sports,Cricket Bat,2,1324,15,2250.8,523.67,Cash on Delivery
4688,2024-08-24,West,Fashion,Shoes,2,2278,0,4556.0,1013.06,UPI
4689,2024-03-16,West,Home,Chair,2,3044,0,6088.0,1135.63,Cash on Delivery
4690,2024-12-28,West,Fashion,Shoes,4,4220,10,15192.0,1890.41,Cash on Delivery
4691,2024-04-17,West,Books,Biography,5,502,0,2510.0,612.5,Cash on Delivery
4692,2024-05-12,South,Sports,Gym Bag,2,1414,15,2403.8,449.26,Card
4693,2024-04-22,East,Fashion,Jeans,4,1605,20,5136.0,750.76,Card
4694,2024-08-29,South,Sports,Cricket Bat,3,2003,0,6009.0,643.38,Card
4695,2024-04-14,East,Electronics,Laptop,2,2000,10,3600.0,1033.64,UPI
4696,2024-12-15,East,Sports,Football,2,1865,5,3543.5,982.89,Card
4697,2024-10-07,East,Electronics,Mobile,3,3565,0,10695.0,1343.04,Net Banking
4698,2024-12-17,West,Electronics,Headphones,2,3903,0,7806.0,1705.52,Cash on Delivery
4699,2024-05-31,West,Electronics,Smart Watch,5,3459,20,13836.0,1429.43,Net Banking
4700,2024-08-25,East,Home,Lamp,3,1480,0,4440.0,770.47,Card
4701,2024-11-18,West,Books,Biography,3,546,10,1474.2,208.23,Card
4702,2024-03-08,West,Sports,Cricket Bat,5,4636,10,20862.0,4659.49,Cash on Delivery
4703,2024-12-12,North,Books,Biography,2,4042,20,6467.2,1823.98,Net Banking
4704,2024-10-31,South,Books,Biography,1,3349,0,3349.0,494.33,UPI
4705,2024-03-06,West,Books,Comics,3,3272,0,9816.0,2318.41,UPI
4706,2024-07-25,West,Home,Chair,4,3858,20,12345.6,2234.03,UPI
4707,2024-10-17,East,Sports,Cricket Bat,4,3720,15,12648.0,1501.62,Cash on Delivery
4708,2024-01-01,South,Books,Dictionary,2,4883,20,7812.8,1341.26,UPI
4709,2024-02-22,South,Fashion,Shoes,3,1501,15,3827.55,674.52,Card
4710,2024-04-26,West,Home,Lamp,2,3918,10,7052.4,995.66,Net Banking
4711,2024-06-13,East,Books,Comics,5,2667,0,13335.0,1869.73,Cash on Delivery
4712,2024-09-19,East,Home,Sofa,4,3314,5,12593.2,1446.92,UPI
4713,2024-08-27,North,Sports,Cricket Bat,1,1525,0,1525.0,157.29,Card
4714,2024-04-14,West,Fashion,Jacket,2,1674,10,3013.2,744.76,Net Banking
4715,2024-11-02,South,Fashion,Jeans,3,4436,15,11311.8,1737.27,Card
4716,2024-06-03,West,Electronics,Smart Watch,1,1086,20,868.8,108.4,UPI
4717,2024-07-30,West,Books,Dictionary,1,3923,5,3726.85,1100.29,Card
4718,2024-11-10,West,Home,Lamp,5,4977,5,23640.75,5505.81,Cash on Delivery
4719,2024-11-02,North,Home,Lamp,4,3828,0,15312.0,3940.98,UPI
4720,2024-01-08,North,Fashion,Jacket,4,2697,10,9709.2,2210.79,UPI
4721,2024-05-10,West,Home,Lamp,2,2527,15,4295.9,803.62,Cash on Delivery
4722,2024-03-07,South,Sports,Cricket Bat,5,3908,20,15632.0,4321.26,Cash on Delivery
4723,2024-10-10,East,Books,Novel,4,3877,10,13957.2,3959.35,UPI
4724,2024-08-15,East,Fashion,Jacket,4,3925,0,15700.0,3433.32,Card
4725,2024-11-12,East,Home,Table,3,655,20,1572.0,414.82,Cash on Delivery
4726,2024-09-18,West,Fashion,Shirt,2,2949,0,5898.0,766.5,UPI
4727,2024-04-28,East,Books,Dictionary,4,1654,10,5954.4,1703.36,Cash on Delivery
4728,2024-02-22,West,Home,Lamp,5,3003,5,14264.25,4269.99,Card
4729,2024-04-17,North,Home,Sofa,2,4432,15,7534.4,849.12,UPI
4730,2024-10-27,West,Home,Lamp,5,2681,15,11394.25,2112.87,Cash on Delivery
4731,2024-10-25,West,Electronics,Mobile,4,2426,15,8248.4,1280.49,Net Banking
4732,2024-01-23,West,Electronics,Laptop,1,1825,5,1733.75,213.53,Cash on Delivery
4733,2024-11-22,East,Fashion,Jacket,3,4815,15,12278.25,2971.73,UPI
4734,2024-04-20,North,Books,Novel,3,1304,10,3520.8,719.04,Card
4735,2024-09-20,South,Fashion,Shoes,5,3707,15,15754.75,1579.48,Card
4736,2024-04-08,North,Home,Lamp,1,1670,20,1336.0,224.11,Net Banking
4737,2024-08-26,North,Books,Novel,1,861,5,817.95,221.76,Cash on Delivery
4738,2024-11-02,East,Electronics,Laptop,5,748,15,3179.0,793.27,UPI
4739,2024-03-02,South,Home,Chair,4,3361,0,13444.0,3702.71,Cash on Delivery
4740,2024-12-04,South,Books,Novel,5,3673,20,14692.0,2756.28,Net Banking
4741,2024-11-01,West,Sports,Football,1,4693,0,4693.0,1071.89,Card
4742,2024-03-19,East,Fashion,Jeans,1,4317,0,4317.0,949.88,UPI
4743,2024-03-24,South,Books,Biography,2,908,5,1725.2,268.94,Cash on Delivery
4744,2024-08-29,East,Fashion,Shirt,1,727,5,690.65,135.09,UPI
4745,2024-07-17,East,Sports,Tennis Racket,4,1565,15,5321.0,803.35,UPI
4746,2024-01-31,North,Sports,Football,2,3695,5,7020.5,1714.15,Card
4747,2024-02-26,North,Sports,Tennis Racket,4,2905,15,9877.0,2318.67,Card
4748,2024-12-08,North,Electronics,Smart Watch,1,4740,0,4740.0,1326.46,Card
4749,2024-10-24,South,Fashion,Jeans,1,1791,10,1611.9,276.34,Net Banking
4750,2024-11-03,West,Fashion,Shirt,2,2111,0,4222.0,1089.88,Cash on Delivery
4751,2024-10-07,North,Sports,Football,5,3469,0,17345.0,3714.33,Net Banking
4752,2024-01-26,East,Electronics,Headphones,1,3116,5,2960.2,348.74,Card
4753,2024-12-18,North,Fashion,Jacket,5,1303,15,5537.75,1424.34,UPI
4754,2024-12-20,East,Books,Novel,3,3634,0,10902.0,3001.2,UPI
4755,2024-08-05,North,Books,Dictionary,3,612,20,1468.8,393.87,Cash on Delivery
4756,2024-01-06,East,Books,Comics,3,4936,10,13327.2,1412.25,Net Banking
4757,2024-08-09,North,Books,Comics,4,1378,15,4685.2,714.28,Net Banking
4758,2024-02-10,East,Books,Biography,5,632,15,2686.0,407.14,Cash on Delivery
4759,2024-08-08,North,Home,Table,3,3241,15,8264.55,2363.52,Net Banking
4760,2024-11-05,South,Fashion,Shoes,5,2656,15,11288.0,2045.92,Net Banking
4761,2024-09-10,South,Electronics,Headphones,1,1084,15,921.4,265.02,Cash on Delivery
4762,2024-10-25,North,Fashion,Jacket,4,2704,15,9193.6,2556.07,Cash on Delivery
4763,2024-07-17,West,Electronics,Mobile,2,3953,15,6720.1,785.99,Net Banking
4764,2024-05-18,West,Fashion,Jacket,1,1853,10,1667.7,365.81,Card
4765,2024-09-11,West,Sports,Gym Bag,1,1323,15,1124.55,195.58,Card
4766,2024-03-08,North,Sports,Tennis Racket,2,815,10,1467.0,387.83,Net Banking
4767,2024-06-23,South,Fashion,Shirt,3,1512,10,4082.4,554.64,Card
4768,2024-11-03,West,Fashion,Shoes,1,305,20,244.0,40.07,Cash on Delivery
4769,2024-06-22,West,Sports,Football,2,1184,10,2131.2,620.52,UPI
4770,2024-03-01,East,Fashion,Shirt,2,3007,5,5713.3,1448.37,Card
4771,2024-05-27,East,Books,Comics,4,436,10,1569.6,349.27,Card
4772,2024-10-23,South,Fashion,Jeans,2,1312,0,2624.0,579.66,Card
4773,2024-10-02,South,Home,Lamp,1,2570,0,2570.0,401.45,UPI
4774,2024-12-18,East,Sports,Cricket Bat,2,4114,15,6993.8,1527.08,Card
4775,2024-04-26,South,Home,Chair,1,1240,15,1054.0,301.56,Card
4776,2024-11-30,West,Electronics,Mobile,5,4935,20,19740.0,2293.04,UPI
4777,2024-08-25,West,Electronics,Laptop,2,2845,5,5405.5,1592.92,Cash on Delivery
4778,2024-06-26,South,Books,Dictionary,3,3262,20,7828.8,1524.22,Cash on Delivery
4779,2024-04-10,South,Fashion,Jacket,3,4414,20,10593.6,3072.89,Card
4780,2024-04-13,East,Sports,Cricket Bat,3,2720,5,7752.0,974.06,Cash on Delivery
4781,2024-06-18,North,Home,Chair,4,4612,20,14758.4,3710.93,UPI
4782,2024-09-18,East,Electronics,Mobile,3,3294,5,9387.9,1979.0,Card
4783,2024-07-12,North,Sports,Cricket Bat,3,3915,15,9983.25,1942.37,Net Banking
4784,2024-01-29,West,Electronics,Mobile,3,2929,20,7029.6,1331.05,Card
4785,2024-02-22,South,Sports,Tennis Racket,1,2062,15,1752.7,369.98,Card
4786,2024-12-30,West,Home,Table,2,1080,0,2160.0,423.69,Cash on Delivery
4787,2024-02-11,East,Electronics,Headphones,2,331,0,662.0,68.22,Net Banking
4788,2024-06-08,East,Home,Lamp,2,3428,10,6170.4,1052.09,Net Banking
4789,2024-04-26,South,Home,Table,1,4222,0,4222.0,1106.82,Cash on Delivery
4790,2024-01-15,East,Fashion,Jeans,5,3993,5,18966.75,4256.98,Net Banking
4791,2024-07-05,North,Electronics,Laptop,2,2778,5,5278.2,838.7,Net Banking
4792,2024-09-19,West,Books,Comics,1,4647,20,3717.6,748.42,Net Banking
4793,2024-11-06,South,Sports,Football,1,3301,20,2640.8,576.1,Net Banking
4794,2024-10-25,West,Home,Table,4,2098,20,6713.6,842.64,Cash on Delivery
4795,2024-05-15,South,Electronics,Mobile,1,1612,5,1531.4,210.17,Cash on Delivery
4796,2024-06-08,West,Books,Novel,1,2674,15,2272.9,321.27,UPI
4797,2024-05-10,West,Books,Biography,5,4095,10,18427.5,3537.46,Net Banking
4798,2024-07-24,North,Electronics,Smart Watch,2,3598,15,6116.6,1114.6,Cash on Delivery
4799,2024-03-02,West,Electronics,Laptop,4,1440,5,5472.0,1482.7,Card
4800,2024-09-03,North,Fashion,Jeans,5,2041,20,8164.0,1494.56,Card
4801,2024-11-02,West,Books,Comics,2,3795,10,6831.0,1650.8,Card
4802,2024-10-18,North,Fashion,Jeans,3,3250,20,7800.0,2337.35,Net Banking
4803,2024-04-28,West,Fashion,Shirt,4,3552,0,14208.0,3942.56,Cash on Delivery
4804,2024-10-23,South,Electronics,Mobile,3,2467,5,7030.95,2107.15,Cash on Delivery
4805,2024-05-13,North,Books,Novel,5,2833,15,12040.25,2050.42,Card
4806,2024-08-30,North,Fashion,Shirt,4,2225,15,7565.0,1599.74,UPI
4807,2024-06-22,South,Electronics,Headphones,4,2367,20,7574.4,901.12,Net Banking
4808,2024-02-07,East,Books,Comics,5,3349,20,13396.0,3836.75,Card
4809,2024-04-09,West,Books,Biography,5,1916,0,9580.0,1357.63,Net Banking
4810,2024-08-31,West,Sports,Tennis Racket,2,4304,15,7316.8,1406.61,Net Banking
4811,2024-02-15,South,Sports,Tennis Racket,3,4879,15,12441.45,1423.06,Cash on Delivery
4812,2024-10-07,North,Sports,Tennis Racket,5,3134,5,14886.5,3794.36,UPI
4813,2024-12-13,South,Books,Comics,4,4325,5,16435.0,2274.57,UPI
4814,2024-04-24,North,Sports,Gym Bag,3,525,0,1575.0,187.1,UPI
4815,2024-04-11,East,Books,Novel,3,4606,0,13818.0,2232.48,Card
4816,2024-02-14,West,Sports,Tennis Racket,5,1580,0,7900.0,1203.25,UPI
4817,2024-06-08,North,Electronics,Smart Watch,4,2348,15,7983.2,1922.41,UPI
4818,2024-07-14,East,Books,Novel,4,2136,20,6835.2,1587.79,UPI
4819,2024-10-26,West,Sports,Gym Bag,2,3471,15,5900.7,804.27,UPI
4820,2024-04-24,North,Sports,Football,2,1886,15,3206.2,436.82,Cash on Delivery
4821,2024-05-16,East,Fashion,Shirt,5,3469,20,13876.0,2958.1,Card
4822,2024-09-07,North,Home,Sofa,3,3264,15,8323.2,1861.17,Card
4823,2024-08-26,North,Sports,Football,1,3049,10,2744.1,646.42,UPI
4824,2024-07-27,South,Sports,Cricket Bat,4,337,20,1078.4,199.29,Cash on Delivery
4825,2024-04-12,North,Books,Dictionary,1,4590,10,4131.0,969.59,Net Banking
4826,2024-07-29,West,Home,Sofa,5,2703,5,12839.25,3720.54,Card
4827,2024-07-21,West,Home,Lamp,1,1678,15,1426.3,199.9,Net Banking
4828,2024-12-01,East,Sports,Gym Bag,5,3525,10,15862.5,3919.15,Net Banking
4829,2024-06-30,East,Sports,Gym Bag,5,2471,15,10501.75,2614.06,Cash on Delivery
4830,2024-05-09,West,Fashion,Shoes,3,2919,0,8757.0,2131.28,Card
4831,2024-10-13,South,Electronics,Headphones,4,4356,5,16552.8,3643.32,UPI
4832,2024-08-13,East,Home,Sofa,2,2419,10,4354.2,1199.61,Card
4833,2024-04-11,North,Home,Lamp,4,4600,0,18400.0,3218.52,Card
4834,2024-05-06,West,Books,Comics,5,1844,5,8759.0,2140.03,UPI
4835,2024-08-31,East,Sports,Gym Bag,5,651,10,2929.5,768.36,UPI
4836,2024-04-21,South,Fashion,Jacket,1,2551,0,2551.0,434.56,Net Banking
4837,2024-07-27,North,Fashion,Shoes,3,1146,0,3438.0,895.37,Card
4838,2024-07-21,West,Home,Table,5,3837,5,18225.75,2559.23,Cash on Delivery
4839,2024-04-21,West,Sports,Tennis Racket,3,3528,15,8996.4,2241.12,Card
4840,2024-01-28,South,Fashion,Jacket,5,4187,10,18841.5,2304.16,Card
4841,2024-08-11,North,Books,Comics,1,1027,0,1027.0,139.47,Net Banking
4842,2024-10-30,North,Electronics,Smart Watch,5,2986,0,14930.0,2662.74,Cash on Delivery
4843,2024-08-06,West,Sports,Gym Bag,2,4546,5,8637.4,2584.04,UPI
4844,2024-05-18,East,Electronics,Headphones,2,2933,15,4986.1,1358.42,Cash on Delivery
4845,2024-08-27,East,Sports,Cricket Bat,1,3117,5,2961.15,538.87,Card
4846,2024-11-21,West,Electronics,Smart Watch,3,3844,15,9802.2,1098.75,UPI
4847,2024-02-18,South,Books,Novel,5,1793,5,8516.75,2355.81,Net Banking
4848,2024-12-10,South,Fashion,Shirt,2,4330,15,7361.0,1109.38,Cash on Delivery
4849,2024-12-21,South,Electronics,Mobile,4,3668,20,11737.6,2220.51,Cash on Delivery
4850,2024-11-24,West,Books,Novel,5,841,0,4205.0,948.62,Net Banking
4851,2024-09-27,North,Home,Chair,4,2489,0,9956.0,1983.15,Net Banking
4852,2024-04-26,West,Fashion,Shoes,5,2502,20,10008.0,2940.32,UPI
4853,2024-05-29,West,Home,Lamp,2,3845,10,6921.0,1605.58,UPI
4854,2024-03-01,West,Home,Table,2,4511,0,9022.0,2010.71,Card
4855,2024-11-15,West,Sports,Cricket Bat,3,2312,0,6936.0,1287.35,Cash on Delivery
4856,2024-10-27,East,Books,Comics,3,641,20,1538.4,326.75,Cash on Delivery
4857,2024-08-11,South,Fashion,Shirt,2,575,15,977.5,220.2,Cash on Delivery
4858,2024-04-15,South,Electronics,Headphones,4,743,0,2972.0,738.97,Card
4859,2024-05-05,West,Electronics,Mobile,4,1904,5,7235.2,754.39,Card
4860,2024-06-29,East,Home,Sofa,3,326,5,929.1,98.36,UPI
4861,2024-11-17,South,Home,Chair,4,2007,5,7626.6,801.95,Card
4862,2024-03-06,South,Books,Comics,1,4874,10,4386.6,442.5,Cash on Delivery
4863,2024-06-03,South,Fashion,Shirt,1,3449,20,2759.2,345.63,UPI
4864,2024-06-01,North,Books,Novel,5,2245,0,11225.0,3164.43,Cash on Delivery
4865,2024-11-03,West,Books,Comics,2,4528,10,8150.4,1537.92,Net Banking
4866,2024-07-10,South,Sports,Cricket Bat,3,2999,10,8097.3,1193.06,UPI
4867,2024-05-20,West,Electronics,Mobile,2,1838,20,2940.8,805.98,Net Banking
4868,2024-11-27,North,Fashion,Shoes,5,3112,5,14782.0,4052.7,Cash on Delivery
4869,2024-09-19,North,Sports,Gym Bag,3,3072,20,7372.8,797.76,UPI
4870,2024-12-11,East,Electronics,Smart Watch,3,2444,20,5865.6,1118.55,UPI
4871,2024-06-15,East,Home,Chair,5,4841,10,21784.5,4728.12,UPI
4872,2024-01-14,East,Electronics,Mobile,3,3635,10,9814.5,1062.07,Cash on Delivery
4873,2024-07-07,East,Sports,Gym Bag,3,3186,20,7646.4,1831.72,Card
4874,2024-06-02,North,Home,Chair,5,1398,5,6640.5,1257.23,Cash on Delivery
4875,2024-07-08,West,Sports,Gym Bag,4,2524,10,9086.4,1952.53,Card
4876,2024-10-27,South,Home,Chair,2,4513,15,7672.1,994.89,Cash on Delivery
4877,2024-06-18,West,Fashion,Jacket,5,615,0,3075.0,610.98,Cash on Delivery
4878,2024-08-11,East,Home,Lamp,5,3708,15,15759.0,4401.14,UPI
4879,2024-03-01,South,Sports,Cricket Bat,5,3092,15,13141.0,3046.06,Net Banking
4880,2024-08-18,East,Fashion,Shoes,5,2110,10,9495.0,2661.71,Card
4881,2024-03-19,East,Sports,Gym Bag,5,470,15,1997.5,320.05,Card
4882,2024-07-07,West,Sports,Cricket Bat,4,3252,5,12357.6,3226.0,Cash on Delivery
4883,2024-07-05,East,Electronics,Mobile,1,4366,0,4366.0,485.4,Cash on Delivery
4884,2024-08-10,East,Home,Table,3,3213,20,7711.2,2256.95,Cash on Delivery
4885,2024-12-24,West,Fashion,Shirt,5,2058,5,9775.5,1706.83,Net Banking
4886,2024-01-16,North,Sports,Gym Bag,5,3217,0,16085.0,2578.5,UPI
4887,2024-06-17,North,Books,Dictionary,3,1945,0,5835.0,1136.25,Cash on Delivery
4888,2024-10-11,South,Sports,Tennis Racket,1,4042,20,3233.6,473.08,Net Banking
4889,2024-11-26,South,Sports,Football,1,3742,0,3742.0,766.0,Cash on Delivery
4890,2024-02-17,North,Electronics,Laptop,3,3345,20,8028.0,1118.95,UPI
4891,2024-01-17,South,Electronics,Headphones,2,658,5,1250.2,226.51,UPI
4892,2024-04-04,South,Books,Biography,2,4974,15,8455.8,1256.52,UPI
4893,2024-09-27,West,Electronics,Mobile,5,1689,0,8445.0,1789.66,Card
4894,2024-07-25,West,Home,Lamp,5,1113,15,4730.25,1204.25,Net Banking
4895,2024-04-05,South,Fashion,Shoes,1,4753,5,4515.35,721.53,UPI
4896,2024-06-06,West,Home,Table,4,2692,15,9152.8,1424.35,Net Banking
4897,2024-09-10,East,Home,Chair,4,4877,5,18532.6,4694.29,Card
4898,2024-09-22,West,Books,Dictionary,2,3923,20,6276.8,1613.01,Cash on Delivery
4899,2024-07-17,West,Electronics,Smart Watch,3,2533,20,6079.2,1296.67,Cash on Delivery
4900,2024-10-18,North,Books,Dictionary,3,2407,15,6137.85,1614.8,Card
4901,2024-06-08,South,Books,Comics,1,2979,10,2681.1,701.42,Net Banking
4902,2024-10-11,East,Fashion,Jeans,1,1550,15,1317.5,340.5,UPI
4903,2024-03-03,East,Books,Dictionary,5,3483,15,14802.75,2718.67,UPI
4904,2024-05-16,South,Books,Biography,5,1495,5,7101.25,1654.58,Card
4905,2024-09-05,South,Sports,Gym Bag,2,729,5,1385.1,268.08,Card
4906,2024-06-03,North,Books,Comics,4,826,5,3138.8,636.98,Net Banking
4907,2024-06-16,West,Books,Comics,5,2303,0,11515.0,3289.24,Cash on Delivery
4908,2024-09-14,East,Books,Dictionary,4,3571,10,12855.6,3408.47,Net Banking
4909,2024-07-21,North,Sports,Football,3,3063,0,9189.0,2480.53,Card
4910,2024-03-25,East,Sports,Gym Bag,3,2462,5,7016.7,2060.26,Card
4911,2024-04-08,East,Sports,Football,4,1179,10,4244.4,1241.17,Cash on Delivery
4912,2024-08-14,South,Home,Lamp,1,803,10,722.7,94.08,Net Banking
4913,2024-11-19,North,Home,Sofa,3,1424,0,4272.0,640.42,UPI
4914,2024-04-30,East,Books,Novel,1,3087,15,2623.95,458.7,UPI
4915,2024-04-05,East,Fashion,Shoes,1,4751,0,4751.0,1069.84,Card
4916,2024-05-22,West,Fashion,Jacket,4,1977,5,7512.6,2034.73,UPI
4917,2024-09-08,South,Fashion,Jeans,5,1084,0,5420.0,978.0,UPI
4918,2024-06-27,East,Electronics,Laptop,2,1339,20,2142.4,249.17,Cash on Delivery
4919,2024-01-10,West,Sports,Tennis Racket,3,471,10,1271.7,342.66,Net Banking
4920,2024-01-23,West,Fashion,Shoes,1,1226,10,1103.4,157.91,Card
4921,2024-02-09,West,Home,Chair,4,3300,0,13200.0,1902.98,Net Banking
4922,2024-06-22,South,Electronics,Mobile,1,3588,20,2870.4,624.41,Cash on Delivery
4923,2024-01-23,North,Fashion,Jacket,3,3961,5,11288.85,3310.85,Card
4924,2024-04-01,North,Home,Table,5,1334,15,5669.5,886.71,UPI
4925,2024-07-24,West,Sports,Gym Bag,3,3561,0,10683.0,1443.35,Card
4926,2024-05-08,East,Electronics,Smart Watch,3,4479,0,13437.0,2468.43,Card
4927,2024-01-28,East,Sports,Tennis Racket,3,1527,15,3893.85,745.21,Card
4928,2024-01-04,West,Fashion,Jacket,1,1479,15,1257.15,307.76,UPI
4929,2024-06-12,West,Electronics,Headphones,5,4293,0,21465.0,3976.46,UPI
4930,2024-08-20,North,Sports,Football,2,981,20,1569.6,185.62,Net Banking
4931,2024-12-22,South,Books,Biography,2,3289,5,6249.1,1342.74,Card
4932,2024-02-11,East,Fashion,Shirt,3,4639,10,12525.3,3091.43,Cash on Delivery
4933,2024-02-25,West,Sports,Tennis Racket,1,3923,20,3138.4,500.14,Card
4934,2024-07-30,North,Books,Biography,2,2523,5,4793.7,858.98,Cash on Delivery
4935,2024-06-04,East,Books,Comics,1,4998,0,4998.0,642.43,UPI
4936,2024-02-20,East,Electronics,Laptop,3,4759,20,11421.6,1217.03,Cash on Delivery
4937,2024-08-01,South,Electronics,Mobile,3,3505,10,9463.5,2315.54,Card
4938,2024-08-26,North,Fashion,Jeans,3,4248,10,11469.6,2752.48,Card
4939,2024-01-17,East,Electronics,Laptop,1,3622,10,3259.8,478.07,Net Banking
4940,2024-06-23,West,Fashion,Shirt,1,2508,15,2131.8,239.4,Card
4941,2024-07-13,South,Books,Biography,2,4931,15,8382.7,993.41,Cash on Delivery
4942,2024-09-09,West,Books,Novel,4,3940,10,14184.0,1522.82,UPI
4943,2024-07-12,North,Fashion,Jeans,1,768,10,691.2,168.81,UPI
4944,2024-05-27,South,Books,Biography,1,4298,20,3438.4,489.55,Net Banking
4945,2024-06-30,East,Sports,Football,3,653,15,1665.15,283.2,Cash on Delivery
4946,2024-07-07,South,Fashion,Shoes,3,4126,0,12378.0,2881.47,Net Banking
4947,2024-08-05,West,Electronics,Headphones,2,401,15,681.7,141.52,Cash on Delivery
4948,2024-11-19,West,Fashion,Jeans,1,1611,15,1369.35,144.07,Card
4949,2024-03-01,North,Sports,Football,5,3872,20,15488.0,4215.03,UPI
4950,2024-10-11,West,Electronics,Mobile,1,857,20,685.6,106.73,UPI
4951,2024-12-07,North,Electronics,Smart Watch,1,1908,5,1812.6,362.37,Net Banking
4952,2024-01-26,East,Fashion,Shirt,5,4083,15,17352.75,4592.51,Net Banking
4953,2024-02-23,West,Electronics,Headphones,2,3459,20,5534.4,696.72,UPI
4954,2024-08-18,West,Books,Comics,5,3586,10,16137.0,3014.44,Net Banking
4955,2024-03-17,East,Fashion,Shoes,4,4911,0,19644.0,5855.83,Card
4956,2024-05-24,North,Electronics,Headphones,2,3317,15,5638.9,834.74,Net Banking
4957,2024-08-27,East,Books,Biography,1,699,15,594.15,101.83,Net Banking
4958,2024-02-27,West,Home,Sofa,2,3274,20,5238.4,650.24,Card
4959,2024-07-10,East,Sports,Gym Bag,5,3980,10,17910.0,3578.87,Card
4960,2024-03-04,East,Books,Comics,2,4699,5,8928.1,1558.57,Net Banking
4961,2024-05-10,South,Fashion,Shoes,1,957,20,765.6,107.21,Net Banking
4962,2024-10-26,South,Sports,Football,4,4321,0,17284.0,3724.12,Net Banking
4963,2024-05-05,South,Books,Biography,3,2257,0,6771.0,965.39,UPI
4964,2024-07-10,South,Books,Dictionary,1,2929,15,2489.65,513.05,Net Banking
4965,2024-03-10,East,Fashion,Jeans,3,1757,15,4480.35,1065.92,UPI
4966,2024-10-12,West,Books,Comics,3,4232,20,10156.8,1267.35,Card
4967,2024-03-06,South,Fashion,Jacket,3,3317,0,9951.0,1894.79,Card
4968,2024-05-05,North,Fashion,Jeans,4,4069,20,13020.8,2425.78,UPI
4969,2024-12-20,West,Books,Comics,3,754,10,2035.8,336.17,Net Banking
4970,2024-12-08,North,Sports,Gym Bag,4,2762,5,10495.6,1205.24,Card
4971,2024-02-05,East,Home,Table,3,1990,10,5373.0,803.41,UPI
4972,2024-09-20,East,Home,Sofa,1,1452,15,1234.2,162.4,Cash on Delivery
4973,2024-04-05,West,Electronics,Mobile,5,3356,15,14263.0,3262.38,Net Banking
4974,2024-01-03,South,Books,Comics,2,1122,15,1907.4,395.15,Net Banking
4975,2024-10-23,East,Books,Comics,1,3574,20,2859.2,719.96,Card
4976,2024-10-30,North,Home,Lamp,1,852,0,852.0,136.29,Net Banking
4977,2024-02-24,South,Sports,Tennis Racket,3,2580,20,6192.0,805.27,UPI
4978,2024-07-08,West,Books,Novel,5,1230,5,5842.5,1705.29,Card
4979,2024-02-21,South,Sports,Tennis Racket,5,2812,20,11248.0,3121.86,UPI
4980,2024-01-28,West,Electronics,Headphones,1,1845,10,1660.5,318.17,Net Banking
4981,2024-06-14,East,Electronics,Smart Watch,2,3448,5,6551.2,1050.67,Cash on Delivery
4982,2024-12-29,South,Home,Sofa,1,1757,0,1757.0,467.55,Cash on Delivery
4983,2024-02-12,South,Home,Sofa,2,2347,20,3755.2,589.18,Net Banking
4984,2024-11-15,East,Sports,Cricket Bat,2,2562,15,4355.4,769.19,UPI
4985,2024-10-19,West,Home,Lamp,1,714,15,606.9,66.85,Card
4986,2024-03-09,North,Books,Novel,4,3228,0,12912.0,2301.39,Cash on Delivery
4987,2024-09-06,North,Electronics,Headphones,2,303,5,575.7,76.62,UPI
4988,2024-08-11,North,Home,Sofa,4,4515,0,18060.0,5076.47,Cash on Delivery
4989,2024-08-10,East,Home,Chair,3,1298,5,3699.3,531.47,Card
4990,2024-06-17,North,Sports,Tennis Racket,2,4542,10,8175.6,2420.83,UPI
4991,2024-10-16,North,Sports,Tennis Racket,4,1110,10,3996.0,980.64,Card
4992,2024-11-25,South,Electronics,Headphones,3,1760,5,5016.0,587.52,UPI
4993,2024-05-25,South,Electronics,Headphones,5,2514,20,10056.0,1232.67,UPI
4994,2024-10-24,South,Electronics,Laptop,5,3264,15,13872.0,3887.71,Card
4995,2024-03-24,South,Electronics,Headphones,4,2933,5,11145.4,1127.29,UPI
4996,2024-12-25,West,Electronics,Laptop,3,651,5,1855.35,204.7,Cash on Delivery
4997,2024-12-19,West,Home,Sofa,4,3281,20,10499.2,1674.19,UPI
4998,2024-12-08,West,Books,Biography,2,1320,5,2508.0,582.9,Net Banking
4999,2024-04-07,West,Home,Chair,3,2537,20,6088.8,759.58,Cash on Delivery
5000,2024-03-11,North,Fashion,Shirt,1,1105,5,1049.75,117.92,Cash on Delivery
5001,2024-05-28,East,Fashion,Shirt,4,4671,5,17749.8,4924.54,Card
5002,2024-09-01,North,Fashion,Shoes,2,1508,10,2714.4,485.63,Net Banking
5003,2024-03-22,South,Electronics,Mobile,1,1442,10,1297.8,193.86,Cash on Delivery
5004,2024-03-09,West,Fashion,Jacket,1,3971,15,3375.35,597.35,Cash on Delivery
5005,2024-09-06,West,Books,Biography,4,3536,15,12022.4,1929.32,Net Banking
5006,2024-01-11,North,Fashion,Shirt,4,3069,5,11662.2,3016.99,UPI
5007,2024-03-15,North,Fashion,Jeans,3,898,0,2694.0,640.05,Net Banking
5008,2024-02-03,South,Home,Sofa,3,2565,5,7310.25,1363.01,Cash on Delivery
5009,2024-12-24,South,Sports,Cricket Bat,4,3858,5,14660.4,3169.37,Cash on Delivery
5010,2024-11-27,North,Fashion,Jeans,5,1686,20,6744.0,1452.06,Net Banking
5011,2024-05-20,West,Fashion,Jeans,5,3793,20,15172.0,1581.96,UPI
5012,2024-10-23,East,Fashion,Jeans,4,2192,0,8768.0,1790.54,Cash on Delivery
5013,2024-05-07,North,Fashion,Shirt,4,1832,0,7328.0,1686.61,Cash on Delivery
5014,2024-09-10,North,Home,Sofa,3,356,15,907.8,269.33,UPI
5015,2024-04-11,North,Sports,Tennis Racket,5,4818,10,21681.0,4623.87,Net Banking
5016,2024-05-01,West,Home,Sofa,5,3709,15,15763.25,1971.18,UPI
5017,2024-10-09,East,Books,Novel,5,3236,0,16180.0,3594.83,Cash on Delivery
5018,2024-02-21,East,Home,Lamp,2,1634,10,2941.2,636.89,Cash on Delivery
5019,2024-04-16,North,Fashion,Jeans,3,851,10,2297.7,364.94,Net Banking
5020,2024-12-10,North,Home,Chair,1,3664,15,3114.4,503.67,UPI
5021,2024-01-16,South,Fashion,Jacket,4,3212,20,10278.4,1048.02,Cash on Delivery
5022,2024-03-09,West,Home,Chair,2,4368,5,8299.2,1063.4,Cash on Delivery
5023,2024-03-12,West,Sports,Gym Bag,1,1927,5,1830.65,262.32,UPI
5024,2024-06-29,West,Books,Novel,1,4611,20,3688.8,851.26,Card
5025,2024-06-11,East,Home,Sofa,2,1283,0,2566.0,720.1,Net Banking
5026,2024-05-02,South,Books,Dictionary,4,2081,0,8324.0,978.37,Card
5027,2024-10-24,West,Electronics,Laptop,2,2272,0,4544.0,1196.35,Cash on Delivery
5028,2024-05-04,North,Home,Chair,2,4662,0,9324.0,1882.39,UPI
5029,2024-06-04,East,Sports,Tennis Racket,1,606,0,606.0,76.23,Card
5030,2024-08-04,North,Electronics,Headphones,5,1014,15,4309.5,470.2,Cash on Delivery
5031,2024-05-24,West,Electronics,Smart Watch,5,3950,5,18762.5,2565.65,UPI
5032,2024-12-06,North,Books,Dictionary,2,1351,0,2702.0,421.57,Cash on Delivery
5033,2024-07-29,South,Sports,Tennis Racket,2,2813,10,5063.4,637.69,UPI
5034,2024-11-18,North,Home,Chair,1,2710,15,2303.5,231.25,UPI
5035,2024-10-19,South,Home,Chair,1,2220,10,1998.0,346.21,Net Banking
5036,2024-08-04,North,Home,Table,4,1502,5,5707.6,1345.87,Cash on Delivery
5037,2024-10-10,North,Sports,Cricket Bat,4,3394,0,13576.0,3287.49,Net Banking
5038,2024-09-13,West,Sports,Gym Bag,4,3887,10,13993.2,3819.49,Card
5039,2024-11-10,North,Sports,Gym Bag,2,2045,20,3272.0,678.64,Card
5040,2024-07-03,North,Sports,Cricket Bat,3,4450,15,11347.5,1644.99,Cash on Delivery
5041,2024-11-26,East,Electronics,Headphones,3,4406,15,11235.3,3211.93,UPI
5042,2024-09-12,East,Sports,Cricket Bat,1,4711,20,3768.8,1054.38,UPI
5043,2024-06-12,East,Books,Dictionary,1,2331,0,2331.0,395.26,Net Banking
5044,2024-12-04,South,Books,Comics,5,1168,20,4672.0,1062.94,Card
5045,2024-10-25,North,Sports,Cricket Bat,3,2584,10,6976.8,1536.22,Card
5046,2024-04-26,North,Fashion,Jacket,5,2890,10,13005.0,1381.38,Net Banking
5047,2024-11-21,West,Books,Comics,4,369,5,1402.2,414.24,Net Banking
5048,2024-07-02,South,Electronics,Headphones,4,4878,10,17560.8,2409.03,Cash on Delivery
5049,2024-08-18,South,Home,Lamp,3,2487,10,6714.9,1929.82,UPI
5050,2024-11-25,West,Books,Dictionary,4,4423,20,14153.6,2938.42,Card
5051,2024-05-21,North,Fashion,Shirt,1,4031,5,3829.45,903.09,UPI
5052,2024-12-18,West,Electronics,Headphones,1,1322,5,1255.9,199.7,UPI
5053,2024-12-21,West,Sports,Tennis Racket,5,427,10,1921.5,228.57,UPI
5054,2024-03-17,West,Home,Sofa,4,970,20,3104.0,570.17,Cash on Delivery
5055,2024-08-28,East,Sports,Cricket Bat,3,4376,0,13128.0,3139.44,Net Banking
5056,2024-04-28,North,Electronics,Laptop,1,4413,15,3751.05,724.85,UPI
5057,2024-01-15,East,Fashion,Jeans,4,685,10,2466.0,571.92,Card
5058,2024-12-02,South,Sports,Cricket Bat,3,3381,15,8621.55,2194.49,Net Banking
5059,2024-08-25,South,Home,Chair,1,2436,5,2314.2,469.05,UPI
5060,2024-05-24,East,Sports,Cricket Bat,4,4999,5,18996.2,2977.2,UPI
5061,2024-05-05,North,Books,Novel,2,784,0,1568.0,317.26,Cash on Delivery
5062,2024-09-18,North,Fashion,Jeans,3,3226,15,8226.3,2164.49,UPI
5063,2024-05-18,West,Electronics,Mobile,3,960,15,2448.0,272.64,Card
5064,2024-05-31,East,Fashion,Jacket,2,1566,10,2818.8,782.67,Net Banking
5065,2024-04-15,South,Electronics,Headphones,4,1431,10,5151.6,609.34,Card
5066,2024-11-23,East,Electronics,Laptop,3,1194,0,3582.0,439.54,UPI
5067,2024-11-28,West,Fashion,Shirt,1,4304,0,4304.0,643.75,Net Banking
5068,2024-05-15,North,Books,Biography,1,3253,5,3090.35,418.15,Cash on Delivery
5069,2024-06-10,West,Fashion,Jacket,2,3294,5,6258.6,1327.5,Card
5070,2024-05-18,North,Sports,Football,4,1190,10,4284.0,1000.81,Cash on Delivery
5071,2024-06-11,North,Fashion,Jacket,5,2554,10,11493.0,1872.4,Net Banking
5072,2024-05-18,West,Books,Biography,5,1342,20,5368.0,932.68,UPI
5073,2024-10-30,North,Books,Comics,2,1868,5,3549.2,493.23,Cash on Delivery
5074,2024-06-21,North,Fashion,Shoes,2,3030,5,5757.0,1160.59,UPI
5075,2024-04-18,East,Electronics,Smart Watch,1,4372,20,3497.6,411.34,Net Banking
5076,2024-09-09,East,Home,Lamp,2,3233,5,6142.7,958.87,Net Banking
5077,2024-01-18,East,Sports,Gym Bag,3,2540,20,6096.0,1085.72,Card
5078,2024-07-18,East,Home,Sofa,1,699,15,594.15,60.45,Card
5079,2024-08-24,South,Home,Sofa,4,3283,10,11818.8,3078.39,Net Banking
5080,2024-03-03,East,Books,Biography,3,3411,0,10233.0,2216.08,Card
5081,2024-04-11,North,Electronics,Headphones,4,1587,10,5713.2,860.73,Cash on Delivery
5082,2024-03-13,North,Books,Dictionary,1,3856,0,3856.0,827.89,Card
5083,2024-07-03,North,Home,Sofa,4,4917,5,18684.6,3352.54,Card
5084,2024-03-08,East,Electronics,Smart Watch,2,1318,15,2240.6,570.84,Card
5085,2024-05-16,South,Home,Chair,5,2734,5,12986.5,3049.2,Cash on Delivery
5086,2024-10-29,East,Fashion,Jacket,2,2288,15,3889.6,459.6,Net Banking
5087,2024-12-30,East,Home,Sofa,3,2809,20,6741.6,1616.16,Cash on Delivery
5088,2024-02-25,West,Books,Comics,5,1250,5,5937.5,1126.49,Card
5089,2024-12-15,South,Sports,Tennis Racket,4,1172,20,3750.4,546.49,Card
5090,2024-08-31,South,Home,Chair,2,2009,15,3415.3,930.67,Card
5091,2024-01-21,West,Sports,Football,4,2516,0,10064.0,2549.1,Cash on Delivery
5092,2024-04-28,East,Home,Sofa,3,1113,0,3339.0,443.0,Net Banking
5093,2024-09-29,North,Books,Novel,1,3168,0,3168.0,910.94,Card
5094,2024-09-26,North,Books,Biography,4,2691,10,9687.6,2107.37,Card
5095,2024-06-11,West,Fashion,Jacket,4,4244,10,15278.4,2085.69,Card
5096,2024-11-07,South,Home,Table,4,1885,5,7163.0,1741.26,Card
5097,2024-01-01,North,Sports,Cricket Bat,3,1280,0,3840.0,393.15,Net Banking
5098,2024-12-22,South,Sports,Gym Bag,1,2409,5,2288.55,638.06,Cash on Delivery
5099,2024-08-31,West,Books,Dictionary,3,2074,15,5288.7,601.1,Cash on Delivery
5100,2024-02-03,North,Fashion,Shirt,3,1786,0,5358.0,1136.23,Card
5101,2024-04-29,South,Books,Dictionary,1,4955,10,4459.5,492.1,Card
5102,2024-05-20,South,Sports,Gym Bag,1,1366,20,1092.8,213.39,Card
5103,2024-11-06,East,Electronics,Headphones,1,1609,15,1367.65,319.99,Cash on Delivery
5104,2024-03-18,West,Electronics,Mobile,5,451,0,2255.0,499.48,Net Banking
5105,2024-06-26,West,Fashion,Shirt,1,1583,0,1583.0,323.71,Cash on Delivery
5106,2024-02-08,East,Fashion,Jeans,5,3687,0,18435.0,2327.99,Card
5107,2024-04-11,East,Home,Sofa,1,4070,10,3663.0,692.66,UPI
5108,2024-01-02,North,Fashion,Jeans,5,4607,20,18428.0,2051.73,Net Banking
5109,2024-03-03,North,Books,Comics,4,3054,0,12216.0,1635.23,Cash on Delivery
5110,2024-09-21,North,Fashion,Shirt,4,4504,20,14412.8,2661.17,Cash on Delivery
5111,2024-06-04,East,Sports,Tennis Racket,5,3069,0,15345.0,3338.15,UPI
5112,2024-07-30,East,Home,Chair,5,3885,5,18453.75,5171.69,Net Banking
5113,2024-02-23,West,Books,Comics,2,3948,5,7501.2,1502.8,Cash on Delivery
5114,2024-11-29,East,Books,Novel,2,622,10,1119.6,289.58,Card
5115,2024-07-16,East,Books,Comics,1,2423,15,2059.55,266.19,Net Banking
5116,2024-08-05,East,Home,Table,5,1948,20,7792.0,2188.39,UPI
5117,2024-10-15,East,Sports,Gym Bag,1,3917,20,3133.6,873.9,Net Banking
5118,2024-01-28,East,Books,Comics,4,2517,20,8054.4,926.86,UPI
5119,2024-11-15,West,Sports,Gym Bag,2,3812,10,6861.6,1989.34,Net Banking
5120,2024-05-22,East,Fashion,Jacket,2,4023,15,6839.1,755.56,Card
5121,2024-05-12,North,Books,Biography,4,2478,10,8920.8,2097.8,Card
5122,2024-11-17,North,Fashion,Jacket,3,3907,0,11721.0,1858.31,Net Banking
5123,2024-07-20,West,Books,Biography,3,859,20,2061.6,551.69,Cash on Delivery
5124,2024-12-08,West,Books,Biography,5,1443,0,7215.0,1924.5,Card
5125,2024-09-04,South,Fashion,Jacket,3,4365,0,13095.0,1678.74,Net Banking
5126,2024-08-22,South,Fashion,Shirt,2,339,0,678.0,142.73,Cash on Delivery
5127,2024-06-23,North,Books,Comics,3,2217,5,6318.45,1523.55,Card
5128,2024-09-08,North,Sports,Gym Bag,1,4720,0,4720.0,1298.44,Cash on Delivery
5129,2024-02-07,West,Books,Biography,5,678,5,3220.5,341.91,Cash on Delivery
5130,2024-10-01,East,Fashion,Jacket,2,1324,20,2118.4,430.28,Net Banking
5131,2024-09-12,West,Home,Sofa,1,4382,0,4382.0,811.71,UPI
5132,2024-01-27,North,Home,Sofa,3,2262,5,6446.7,1768.82,UPI
5133,2024-02-12,West,Home,Chair,3,2624,5,7478.4,1327.44,Net Banking
5134,2024-12-28,West,Sports,Cricket Bat,4,1827,0,7308.0,2055.81,Net Banking
5135,2024-08-07,North,Sports,Tennis Racket,3,2388,10,6447.6,1719.37,Net Banking
5136,2024-09-07,East,Electronics,Mobile,5,4391,10,19759.5,2241.0,Card
5137,2024-03-29,South,Books,Comics,1,2353,0,2353.0,576.86,Net Banking
5138,2024-04-14,East,Sports,Cricket Bat,5,1709,0,8545.0,1936.28,Card
5139,2024-04-18,North,Fashion,Jeans,3,4913,0,14739.0,1516.05,UPI
5140,2024-08-02,East,Fashion,Shirt,3,4489,10,12120.3,3449.43,Cash on Delivery
5141,2024-11-28,North,Sports,Gym Bag,3,2478,0,7434.0,1834.84,Net Banking
5142,2024-10-22,North,Sports,Gym Bag,3,2885,15,7356.75,1542.06,Card
5143,2024-12-07,West,Electronics,Laptop,3,3335,15,8504.25,1960.92,Net Banking
5144,2024-09-03,East,Sports,Gym Bag,4,3847,15,13079.8,2356.64,Cash on Delivery
5145,2024-11-24,East,Sports,Football,2,368,20,588.8,137.92,Cash on Delivery
5146,2024-02-01,East,Fashion,Jacket,3,2926,5,8339.1,951.67,Cash on Delivery
5147,2024-08-27,South,Home,Sofa,5,4873,20,19492.0,3850.26,Card
5148,2024-12-20,East,Home,Lamp,2,1664,0,3328.0,619.76,Cash on Delivery
5149,2024-11-26,South,Electronics,Smart Watch,5,4692,15,19941.0,5119.4,Card
5150,2024-06-05,East,Books,Dictionary,1,805,15,684.25,177.96,Card
5151,2024-05-11,South,Sports,Gym Bag,5,606,5,2878.5,381.24,UPI
5152,2024-05-03,South,Fashion,Shirt,1,4756,5,4518.2,1355.3,Card
5153,2024-06-30,North,Electronics,Laptop,1,4464,10,4017.6,938.98,Net Banking
5154,2024-07-01,East,Home,Lamp,5,4380,10,19710.0,3435.57,Cash on Delivery
5155,2024-05-09,North,Fashion,Jacket,3,912,10,2462.4,341.22,Net Banking
5156,2024-11-28,South,Home,Sofa,3,896,15,2284.8,666.09,Card
5157,2024-11-12,North,Books,Dictionary,2,2988,10,5378.4,1580.04,Net Banking
5158,2024-02-04,South,Sports,Cricket Bat,5,3211,20,12844.0,2407.9,Cash on Delivery
5159,2024-08-09,East,Sports,Cricket Bat,4,676,0,2704.0,594.88,UPI
5160,2024-10-30,West,Fashion,Shoes,5,2811,15,11946.75,2200.36,Card
5161,2024-09-05,East,Fashion,Jacket,2,3835,20,6136.0,1669.0,UPI
5162,2024-02-16,South,Books,Dictionary,4,4243,20,13577.6,3331.63,UPI
5163,2024-01-05,West,Electronics,Mobile,1,776,20,620.8,100.92,Card
5164,2024-11-22,South,Fashion,Jacket,1,1353,0,1353.0,345.24,Cash on Delivery
5165,2024-08-01,East,Electronics,Laptop,3,3435,5,9789.75,2596.75,Cash on Delivery
5166,2024-11-19,North,Fashion,Jeans,1,3500,10,3150.0,582.76,Card
5167,2024-07-15,East,Fashion,Jeans,1,4575,5,4346.25,684.92,Card
5168,2024-11-25,South,Fashion,Shoes,5,1048,10,4716.0,485.27,UPI
5169,2024-03-22,East,Sports,Tennis Racket,5,4617,10,20776.5,2350.01,Cash on Delivery
5170,2024-01-26,East,Electronics,Mobile,5,2737,5,13000.75,3258.05,Cash on Delivery
5171,2024-10-26,East,Sports,Tennis Racket,1,2039,5,1937.05,558.51,UPI
5172,2024-02-14,North,Books,Dictionary,2,2470,10,4446.0,448.08,Card
5173,2024-12-25,West,Electronics,Laptop,4,1088,20,3481.6,469.24,Cash on Delivery
5174,2024-05-11,West,Fashion,Jeans,4,2107,15,7163.8,1341.3,Cash on Delivery
5175,2024-06-21,North,Sports,Gym Bag,4,1342,15,4562.8,782.03,Card
5176,2024-07-27,North,Home,Lamp,3,4135,0,12405.0,1686.4,Net Banking
5177,2024-11-06,East,Sports,Football,2,2078,20,3324.8,827.86,Card
5178,2024-04-16,West,Home,Table,1,1437,0,1437.0,243.07,UPI
5179,2024-09-15,South,Home,Table,5,714,15,3034.5,399.1,Cash on Delivery
5180,2024-03-08,West,Fashion,Shoes,4,1847,5,7018.6,1691.28,UPI
5181,2024-06-26,South,Books,Novel,4,1216,20,3891.2,474.45,Net Banking
5182,2024-02-13,East,Books,Biography,3,4084,0,12252.0,3550.47,Card
5183,2024-11-02,South,Electronics,Smart Watch,2,575,15,977.5,265.17,Cash on Delivery
5184,2024-07-19,North,Electronics,Laptop,3,2359,5,6723.15,1201.93,Card
5185,2024-10-28,East,Home,Lamp,2,1613,20,2580.8,675.33,Net Banking
5186,2024-03-25,South,Electronics,Headphones,2,361,0,722.0,139.11,Card
5187,2024-10-06,South,Sports,Gym Bag,3,1587,15,4046.85,816.34,Net Banking
5188,2024-04-21,North,Home,Sofa,1,2088,5,1983.6,412.75,Cash on Delivery
5189,2024-11-20,North,Electronics,Laptop,5,655,0,3275.0,763.47,Card
5190,2024-10-09,West,Fashion,Shoes,4,3953,10,14230.8,2230.5,Cash on Delivery
5191,2024-05-03,West,Sports,Football,2,4828,10,8690.4,2544.42,UPI
5192,2024-06-30,West,Home,Lamp,2,2104,5,3997.6,968.81,Net Banking
5193,2024-03-02,North,Sports,Tennis Racket,3,2730,15,6961.5,1719.28,Cash on Delivery
5194,2024-02-25,West,Sports,Tennis Racket,2,2868,0,5736.0,1511.58,Cash on Delivery
5195,2024-06-16,West,Sports,Gym Bag,3,4939,10,13335.3,3768.87,Net Banking
5196,2024-04-03,North,Sports,Football,2,2093,15,3558.1,885.22,Card
5197,2024-04-04,East,Books,Dictionary,5,2399,5,11395.25,1340.71,Card
5198,2024-04-11,North,Fashion,Shoes,3,3073,10,8297.1,1626.16,Cash on Delivery
5199,2024-05-25,South,Sports,Cricket Bat,4,3548,15,12063.2,1315.07,UPI
5200,2024-01-24,East,Fashion,Jacket,2,770,5,1463.0,327.37,Net Banking
5201,2024-03-03,South,Books,Novel,4,1571,5,5969.8,1301.82,Card
5202,2024-11-06,East,Electronics,Mobile,2,2850,5,5415.0,1197.92,Card
5203,2024-01-14,North,Home,Chair,3,4951,15,12625.05,3529.38,Cash on Delivery
5204,2024-12-03,East,Sports,Gym Bag,2,745,20,1192.0,230.73,Card
5205,2024-09-15,West,Home,Sofa,4,496,0,1984.0,575.71,Net Banking
5206,2024-12-18,East,Fashion,Shoes,4,3830,15,13022.0,2284.8,Cash on Delivery
5207,2024-09-15,West,Books,Biography,1,4929,10,4436.1,630.25,Net Banking
5208,2024-11-20,North,Fashion,Shoes,5,2978,10,13401.0,2892.69,Cash on Delivery
5209,2024-04-17,West,Sports,Cricket Bat,2,3388,15,5759.6,1227.45,Card
5210,2024-07-30,West,Fashion,Shoes,2,4296,5,8162.4,1847.98,Cash on Delivery
5211,2024-05-09,West,Books,Biography,1,2515,15,2137.75,289.38,Card
5212,2024-11-02,West,Home,Sofa,4,1163,0,4652.0,794.04,Cash on Delivery
5213,2024-09-23,North,Sports,Football,4,4504,15,15313.6,2048.37,Net Banking
5214,2024-01-10,South,Books,Dictionary,3,2352,20,5644.8,1573.92,Cash on Delivery
5215,2024-02-14,North,Fashion,Shoes,5,3799,20,15196.0,3669.15,Net Banking
5216,2024-02-21,East,Fashion,Shoes,1,4899,20,3919.2,570.52,Card
5217,2024-08-28,North,Books,Biography,1,3536,20,2828.8,702.22,Cash on Delivery
5218,2024-11-19,South,Sports,Football,2,4346,15,7388.2,1629.05,Card
5219,2024-02-19,North,Books,Novel,2,1610,0,3220.0,371.45,Card
5220,2024-07-05,South,Books,Comics,1,348,5,330.6,48.96,UPI
5221,2024-12-13,North,Fashion,Jeans,2,2285,15,3884.5,883.46,Card
5222,2024-01-24,North,Electronics,Headphones,5,4832,5,22952.0,2660.36,Net Banking
5223,2024-04-03,North,Fashion,Jeans,5,3793,15,16120.25,2215.88,UPI
5224,2024-07-23,North,Books,Comics,2,1100,15,1870.0,368.75,Cash on Delivery
5225,2024-08-25,North,Books,Novel,1,1161,20,928.8,211.55,UPI
5226,2024-04-21,South,Sports,Tennis Racket,2,2708,10,4874.4,1003.74,Cash on Delivery
5227,2024-06-04,North,Books,Dictionary,3,895,10,2416.5,379.23,Net Banking
5228,2024-09-04,North,Sports,Football,4,779,20,2492.8,474.73,Card
5229,2024-10-06,North,Fashion,Jeans,3,736,0,2208.0,496.02,UPI
5230,2024-01-13,North,Fashion,Shoes,2,1978,5,3758.2,460.95,UPI
5231,2024-04-05,South,Home,Table,3,923,20,2215.2,324.94,Cash on Delivery
5232,2024-04-22,South,Sports,Gym Bag,3,1508,0,4524.0,1252.29,UPI
5233,2024-09-27,West,Electronics,Laptop,4,4920,10,17712.0,4341.38,Card
5234,2024-07-24,West,Fashion,Jeans,4,517,0,2068.0,516.71,UPI
5235,2024-11-02,North,Sports,Football,4,4136,20,13235.2,2412.6,Card
5236,2024-03-27,East,Electronics,Mobile,1,3028,5,2876.6,579.46,Cash on Delivery
5237,2024-02-12,South,Sports,Gym Bag,1,1697,5,1612.15,174.37,Cash on Delivery
5238,2024-02-09,South,Sports,Tennis Racket,1,2617,0,2617.0,450.65,Card
5239,2024-01-02,North,Books,Comics,1,3107,0,3107.0,588.69,Cash on Delivery
5240,2024-08-16,East,Books,Comics,2,4787,10,8616.6,1573.15,Net Banking
5241,2024-01-26,West,Electronics,Mobile,5,2352,15,9996.0,1903.41,Net Banking
5242,2024-06-22,North,Electronics,Mobile,4,3517,10,12661.2,2937.09,UPI
5243,2024-08-14,East,Books,Biography,3,363,0,1089.0,217.27,Card
5244,2024-03-01,West,Fashion,Jacket,2,1426,20,2281.6,313.67,UPI
5245,2024-02-02,South,Books,Biography,1,3257,0,3257.0,384.32,Card
5246,2024-11-12,North,Fashion,Shoes,4,1901,15,6463.4,1336.84,UPI
5247,2024-02-02,East,Books,Novel,1,1764,10,1587.6,171.92,Cash on Delivery
5248,2024-05-19,East,Electronics,Smart Watch,4,936,0,3744.0,719.51,Net Banking
5249,2024-11-18,West,Books,Comics,5,3868,20,15472.0,3268.15,Card
5250,2024-10-05,East,Electronics,Mobile,1,3968,20,3174.4,333.46,Cash on Delivery
5251,2024-06-20,North,Electronics,Mobile,5,811,0,4055.0,486.44,Cash on Delivery
5252,2024-03-07,West,Sports,Gym Bag,4,3896,15,13246.4,3714.61,Cash on Delivery
5253,2024-08-18,North,Home,Sofa,1,4264,0,4264.0,911.0,UPI
5254,2024-03-07,East,Sports,Tennis Racket,1,4258,15,3619.3,910.89,UPI
5255,2024-08-13,North,Fashion,Jeans,3,3167,5,9025.95,1453.78,Card
5256,2024-11-21,East,Sports,Cricket Bat,2,1518,0,3036.0,678.41,Cash on Delivery
5257,2024-07-03,East,Books,Biography,5,4920,20,19680.0,3834.85,Card
5258,2024-04-20,South,Books,Dictionary,4,1704,20,5452.8,1208.0,Card
5259,2024-10-21,North,Home,Sofa,2,2388,0,4776.0,1331.82,Card
5260,2024-09-30,West,Books,Dictionary,2,4629,10,8332.2,2109.36,Cash on Delivery
5261,2024-07-20,South,Home,Lamp,4,2335,20,7472.0,1579.93,Cash on Delivery
5262,2024-12-04,South,Home,Table,5,934,20,3736.0,921.33,Net Banking
5263,2024-04-30,South,Sports,Gym Bag,2,4177,5,7936.3,1322.97,Card
5264,2024-05-05,West,Home,Chair,2,763,0,1526.0,278.04,Card
5265,2024-05-10,North,Home,Chair,3,1391,0,4173.0,729.77,Card
5266,2024-04-03,West,Home,Table,2,3586,5,6813.4,1771.09,Net Banking
5267,2024-07-04,East,Fashion,Jeans,4,563,10,2026.8,314.53,Cash on Delivery
5268,2024-08-27,South,Electronics,Headphones,3,2679,5,7635.15,891.87,UPI
5269,2024-03-26,East,Home,Lamp,3,4950,10,13365.0,2614.33,Cash on Delivery
5270,2024-02-08,South,Electronics,Headphones,3,3401,5,9692.85,1949.56,Cash on Delivery
5271,2024-05-08,North,Fashion,Shirt,4,2537,15,8625.8,1969.58,Card
5272,2024-04-14,South,Sports,Tennis Racket,5,4405,15,18721.25,2521.86,Net Banking
5273,2024-02-01,West,Home,Table,3,4968,0,14904.0,2563.89,UPI
5274,2024-05-22,North,Sports,Tennis Racket,3,3319,0,9957.0,2582.72,Card
5275,2024-05-13,South,Sports,Cricket Bat,1,3082,15,2619.7,687.81,Card
5276,2024-06-02,North,Home,Table,1,4421,0,4421.0,566.17,Net Banking
5277,2024-05-17,West,Fashion,Jacket,2,2827,5,5371.3,1337.21,UPI
5278,2024-10-31,West,Sports,Football,4,3488,0,13952.0,3419.34,Net Banking
5279,2024-09-22,West,Sports,Cricket Bat,3,1139,5,3246.15,843.34,UPI
5280,2024-08-12,West,Sports,Football,3,373,15,951.15,109.86,Cash on Delivery
5281,2024-04-07,North,Electronics,Headphones,1,1180,5,1121.0,183.49,Card
5282,2024-03-25,North,Electronics,Smart Watch,1,2383,0,2383.0,327.54,Net Banking
5283,2024-02-10,South,Books,Dictionary,2,1224,5,2325.6,260.5,Net Banking
5284,2024-11-12,South,Home,Lamp,3,600,15,1530.0,342.25,Net Banking
5285,2024-02-13,East,Books,Dictionary,2,565,0,1130.0,259.3,Cash on Delivery
5286,2024-09-07,South,Home,Lamp,3,3513,0,10539.0,2406.35,Card
5287,2024-11-02,West,Fashion,Jeans,1,3199,20,2559.2,444.39,Cash on Delivery
5288,2024-12-25,West,Books,Comics,3,4154,15,10592.7,1511.24,Net Banking
5289,2024-12-03,South,Books,Biography,1,3085,10,2776.5,554.7,Net Banking
5290,2024-01-21,West,Books,Biography,4,3859,0,15436.0,2991.64,UPI
5291,2024-04-27,East,Home,Table,5,1146,10,5157.0,520.28,Cash on Delivery
5292,2024-10-09,South,Books,Novel,3,3852,0,11556.0,3176.91,Cash on Delivery
5293,2024-07-20,West,Sports,Gym Bag,1,3733,5,3546.35,608.0,Net Banking
5294,2024-03-07,East,Electronics,Smart Watch,1,1704,0,1704.0,189.81,Cash on Delivery
5295,2024-03-07,South,Sports,Cricket Bat,4,2846,10,10245.6,2899.25,UPI
5296,2024-06-13,East,Home,Lamp,1,4410,10,3969.0,1176.94,Card
5297,2024-08-20,South,Sports,Tennis Racket,3,1590,10,4293.0,979.59,Net Banking
5298,2024-08-22,North,Books,Comics,4,3718,10,13384.8,3408.95,Cash on Delivery
5299,2024-03-28,East,Fashion,Jacket,5,3188,5,15143.0,2514.52,Card
5300,2024-03-27,West,Home,Lamp,4,720,0,2880.0,667.97,Cash on Delivery
5301,2024-06-16,South,Fashion,Jacket,5,2542,20,10168.0,2411.14,Net Banking
5302,2024-03-13,West,Fashion,Jeans,4,2387,20,7638.4,2215.45,UPI
5303,2024-02-15,East,Electronics,Mobile,3,611,15,1558.05,156.09,Cash on Delivery
5304,2024-08-28,South,Home,Chair,3,1475,15,3761.25,800.57,Cash on Delivery
5305,2024-12-27,East,Home,Table,1,1952,20,1561.6,428.11,Net Banking
5306,2024-08-10,South,Fashion,Shoes,5,2629,15,11173.25,1274.47,Card
5307,2024-05-05,East,Fashion,Shirt,1,4487,10,4038.3,517.5,Net Banking
5308,2024-04-06,West,Fashion,Shoes,1,864,20,691.2,151.9,Net Banking
5309,2024-12-03,South,Sports,Cricket Bat,4,3161,20,10115.2,2818.3,Card
5310,2024-01-25,East,Fashion,Shirt,1,840,15,714.0,83.54,Net Banking
5311,2024-09-27,South,Fashion,Jeans,1,4433,10,3989.7,631.87,UPI
5312,2024-02-14,West,Home,Table,4,744,5,2827.2,665.51,Card
5313,2024-09-05,North,Fashion,Jacket,2,847,0,1694.0,366.02,Net Banking
5314,2024-08-21,West,Sports,Gym Bag,4,4026,5,15298.8,4140.81,Cash on Delivery
5315,2024-04-16,East,Sports,Tennis Racket,3,2747,10,7416.9,1657.65,UPI
5316,2024-02-25,East,Home,Chair,3,1955,10,5278.5,1342.34,UPI
5317,2024-04-30,West,Electronics,Mobile,5,1973,20,7892.0,1286.61,Card
5318,2024-06-08,South,Electronics,Mobile,2,1844,0,3688.0,520.58,UPI
5319,2024-01-09,East,Books,Comics,1,4105,0,4105.0,528.11,Cash on Delivery
5320,2024-06-12,West,Sports,Cricket Bat,1,3458,15,2939.3,459.38,UPI
5321,2024-05-26,East,Electronics,Headphones,5,4211,15,17896.75,2352.3,Net Banking
5322,2024-03-30,East,Books,Biography,2,4012,20,6419.2,1224.28,UPI
5323,2024-06-25,North,Books,Comics,4,4943,10,17794.8,4715.81,Card
5324,2024-08-24,South,Fashion,Shirt,2,3259,20,5214.4,1168.03,Net Banking
5325,2024-10-29,East,Electronics,Mobile,5,1780,20,7120.0,1088.6,UPI
5326,2024-12-27,East,Books,Comics,1,3446,10,3101.4,697.78,UPI
5327,2024-03-14,East,Books,Comics,4,2701,10,9723.6,1813.57,Cash on Delivery
5328,2024-09-26,North,Fashion,Shirt,3,894,10,2413.8,323.39,Card
5329,2024-09-14,East,Sports,Gym Bag,3,2394,15,6104.7,1697.81,UPI
5330,2024-07-11,West,Books,Dictionary,5,3139,0,15695.0,1961.67,Cash on Delivery
5331,2024-01-23,South,Sports,Football,4,4314,5,16393.2,4127.05,Cash on Delivery
5332,2024-11-21,North,Fashion,Shirt,3,928,15,2366.4,465.5,UPI
5333,2024-04-23,East,Sports,Cricket Bat,4,651,5,2473.8,299.75,UPI
5334,2024-06-28,West,Home,Chair,5,1344,0,6720.0,1189.9,Cash on Delivery
5335,2024-03-05,South,Sports,Tennis Racket,4,3128,10,11260.8,2584.57,Card
5336,2024-08-04,West,Books,Dictionary,5,3072,0,15360.0,4483.5,UPI
5337,2024-07-31,East,Sports,Football,3,4134,0,12402.0,2958.05,Cash on Delivery
5338,2024-10-16,West,Sports,Football,4,4884,20,15628.8,4349.45,UPI
5339,2024-10-18,South,Fashion,Jacket,4,2355,15,8007.0,1824.36,Cash on Delivery
5340,2024-07-31,North,Home,Lamp,4,1254,0,5016.0,721.38,Cash on Delivery
5341,2024-07-21,South,Fashion,Jeans,3,3342,0,10026.0,2026.78,Cash on Delivery
5342,2024-10-17,North,Books,Dictionary,5,1353,0,6765.0,1960.22,Net Banking
5343,2024-10-19,West,Sports,Tennis Racket,5,4282,20,17128.0,2754.77,Net Banking
5344,2024-06-26,South,Books,Dictionary,1,4982,15,4234.7,1210.88,UPI
5345,2024-04-02,North,Fashion,Jacket,3,1978,15,5043.9,1080.1,Card
5346,2024-03-09,West,Home,Chair,3,1390,5,3961.5,399.58,UPI
5347,2024-02-25,West,Sports,Tennis Racket,5,381,0,1905.0,376.37,Card
5348,2024-12-07,West,Books,Novel,2,4123,0,8246.0,2204.74,Cash on Delivery
5349,2024-07-30,West,Home,Table,1,3741,5,3553.95,478.91,UPI
5350,2024-07-19,West,Fashion,Shoes,4,1988,10,7156.8,1417.52,Cash on Delivery
5351,2024-06-01,South,Books,Comics,5,4566,10,20547.0,5343.81,UPI
5352,2024-06-06,South,Electronics,Laptop,2,4140,5,7866.0,815.65,Card
5353,2024-03-06,West,Books,Biography,3,3420,5,9747.0,2433.14,Cash on Delivery
5354,2024-01-07,West,Fashion,Shoes,1,1249,20,999.2,202.81,Card
5355,2024-03-12,West,Fashion,Shirt,5,2999,20,11996.0,2797.94,Net Banking
5356,2024-09-14,South,Electronics,Headphones,1,1143,0,1143.0,264.23,Card
5357,2024-07-16,West,Electronics,Smart Watch,5,545,5,2588.75,588.97,Net Banking
5358,2024-11-28,West,Sports,Cricket Bat,5,2788,15,11849.0,1600.06,UPI
5359,2024-04-12,West,Fashion,Jeans,3,4522,10,12209.4,2042.11,Card
5360,2024-07-03,South,Sports,Football,5,2578,0,12890.0,3435.45,Net Banking
5361,2024-03-05,South,Fashion,Shoes,1,1945,5,1847.75,447.34,Cash on Delivery
5362,2024-05-07,West,Sports,Tennis Racket,4,1103,20,3529.6,798.65,UPI
5363,2024-03-05,West,Electronics,Headphones,5,4025,20,16100.0,1808.31,UPI
5364,2024-03-22,South,Sports,Tennis Racket,3,2692,20,6460.8,1426.07,Cash on Delivery
5365,2024-08-14,South,Books,Biography,1,904,10,813.6,101.02,Net Banking
5366,2024-07-28,East,Sports,Gym Bag,5,1031,5,4897.25,881.46,UPI
5367,2024-03-09,West,Home,Sofa,3,1427,20,3424.8,960.47,Card
5368,2024-10-15,East,Sports,Football,3,4916,0,14748.0,4098.09,Card
5369,2024-07-21,East,Home,Lamp,2,2397,10,4314.6,826.69,Net Banking
5370,2024-12-28,West,Electronics,Mobile,3,3084,0,9252.0,2362.86,UPI
5371,2024-03-13,East,Books,Novel,5,3139,15,13340.75,3321.35,Card
5372,2024-02-14,South,Fashion,Shoes,4,425,0,1700.0,366.92,Cash on Delivery
5373,2024-12-09,North,Fashion,Jacket,4,3436,0,13744.0,2919.01,Cash on Delivery
5374,2024-03-10,North,Fashion,Jacket,5,4336,20,17344.0,1878.66,Net Banking
5375,2024-02-04,North,Electronics,Mobile,2,2058,20,3292.8,948.21,UPI
5376,2024-03-24,West,Fashion,Shirt,4,4205,15,14297.0,4227.63,Net Banking
5377,2024-07-04,West,Electronics,Mobile,2,2718,10,4892.4,981.7,Net Banking
5378,2024-06-26,North,Sports,Gym Bag,4,1124,20,3596.8,812.1,UPI
5379,2024-01-18,West,Sports,Tennis Racket,3,1887,20,4528.8,822.46,Net Banking
5380,2024-05-08,West,Home,Lamp,4,1948,20,6233.6,927.55,Net Banking
5381,2024-05-03,East,Books,Novel,3,3787,20,9088.8,2097.34,Net Banking
5382,2024-04-18,West,Electronics,Headphones,5,1320,0,6600.0,1781.78,Cash on Delivery
5383,2024-09-17,South,Electronics,Mobile,4,3737,5,14200.6,2318.21,Net Banking
5384,2024-05-30,East,Electronics,Laptop,5,723,10,3253.5,334.54,UPI
5385,2024-10-23,East,Sports,Football,5,4124,0,20620.0,2230.61,UPI
5386,2024-07-19,West,Electronics,Laptop,2,4552,20,7283.2,2094.92,Cash on Delivery
5387,2024-10-20,East,Sports,Cricket Bat,4,2618,5,9948.4,2675.22,Card
5388,2024-09-11,North,Electronics,Headphones,2,1179,20,1886.4,389.02,Net Banking
5389,2024-12-04,South,Electronics,Mobile,1,1947,0,1947.0,331.05,Card
5390,2024-04-10,South,Books,Comics,3,855,0,2565.0,300.92,UPI
5391,2024-02-02,North,Home,Lamp,5,2706,5,12853.5,2986.72,Cash on Delivery
5392,2024-05-06,West,Fashion,Shoes,5,597,5,2835.75,714.8,Card
5393,2024-03-25,West,Books,Dictionary,4,3488,15,11859.2,1271.96,Net Banking
5394,2024-10-08,North,Books,Comics,2,2837,0,5674.0,1302.37,Net Banking
5395,2024-07-27,East,Fashion,Jacket,3,1892,0,5676.0,1167.04,Card
5396,2024-05-04,South,Fashion,Jeans,5,3967,0,19835.0,2698.99,Net Banking
5397,2024-10-09,North,Books,Biography,4,1302,10,4687.2,1343.73,UPI
5398,2024-01-29,South,Home,Chair,2,1163,0,2326.0,610.67,Net Banking
5399,2024-12-26,West,Home,Sofa,4,4005,15,13617.0,1556.36,Card
5400,2024-06-12,North,Books,Biography,2,783,5,1487.7,306.66,Net Banking
5401,2024-05-01,North,Sports,Tennis Racket,3,4424,20,10617.6,2659.5,Card
5402,2024-02-26,West,Electronics,Mobile,1,3397,15,2887.45,571.02,Net Banking
5403,2024-08-26,East,Books,Biography,5,4167,5,19793.25,3475.71,Cash on Delivery
5404,2024-02-18,West,Electronics,Mobile,3,3693,15,9417.15,2727.25,Cash on Delivery
5405,2024-06-01,South,Home,Lamp,4,3219,5,12232.2,2092.79,Cash on Delivery
5406,2024-12-28,East,Books,Biography,2,3734,20,5974.4,1282.64,UPI
5407,2024-05-07,North,Electronics,Headphones,1,1219,10,1097.1,271.16,Net Banking
5408,2024-09-10,North,Fashion,Shoes,3,4067,15,10370.85,1632.06,Net Banking
5409,2024-09-15,North,Electronics,Headphones,4,4658,0,18632.0,5479.88,Card
5410,2024-09-05,South,Fashion,Shirt,3,3854,10,10405.8,2502.69,Card
5411,2024-04-15,North,Home,Sofa,2,2751,10,4951.8,868.37,Card
5412,2024-08-19,South,Books,Biography,3,3245,5,9248.25,1440.69,Cash on Delivery
5413,2024-07-25,North,Electronics,Headphones,3,3062,15,7808.1,2113.23,Card
5414,2024-02-26,South,Fashion,Shirt,2,2506,5,4761.4,917.99,Net Banking
5415,2024-09-03,South,Books,Dictionary,5,3395,20,13580.0,3898.89,Cash on Delivery
5416,2024-11-29,South,Sports,Cricket Bat,4,501,5,1903.8,451.02,Cash on Delivery
5417,2024-03-03,West,Home,Sofa,2,3685,20,5896.0,702.78,Card
5418,2024-12-25,South,Books,Biography,5,2598,0,12990.0,3304.38,Card
5419,2024-02-18,North,Fashion,Jeans,4,1819,10,6548.4,970.02,Cash on Delivery
5420,2024-06-11,East,Books,Comics,3,3315,10,8950.5,1010.38,Card
5421,2024-07-24,North,Books,Biography,3,329,0,987.0,274.49,Cash on Delivery
5422,2024-06-16,South,Fashion,Shirt,2,4437,5,8430.3,1569.88,Card
5423,2024-08-06,East,Home,Chair,4,4778,15,16245.2,2795.12,UPI
5424,2024-01-31,South,Books,Dictionary,1,1894,5,1799.3,460.43,Cash on Delivery
5425,2024-11-16,South,Books,Dictionary,5,3640,20,14560.0,2369.58,Cash on Delivery
5426,2024-04-17,West,Fashion,Shoes,4,714,20,2284.8,605.02,Card
5427,2024-07-21,East,Electronics,Mobile,5,3899,5,18520.25,3780.6,Cash on Delivery
5428,2024-10-10,West,Sports,Cricket Bat,2,939,15,1596.3,224.23,UPI
5429,2024-09-20,North,Home,Sofa,1,4142,5,3934.9,979.18,Card
5430,2024-12-07,South,Electronics,Mobile,4,2852,20,9126.4,1002.26,Cash on Delivery
5431,2024-12-14,North,Sports,Tennis Racket,1,3848,5,3655.6,551.36,Card
5432,2024-08-08,North,Electronics,Mobile,1,1102,15,936.7,170.86,Net Banking
5433,2024-09-30,East,Fashion,Jeans,3,2906,10,7846.2,898.19,UPI
5434,2024-11-20,West,Home,Sofa,2,1633,20,2612.8,445.22,UPI
5435,2024-01-23,West,Electronics,Headphones,1,598,15,508.3,125.16,Net Banking
5436,2024-08-14,West,Electronics,Mobile,1,2726,15,2317.1,505.66,UPI
5437,2024-06-08,South,Home,Lamp,5,1167,15,4959.75,1380.01,Card
5438,2024-06-12,North,Home,Chair,4,3485,15,11849.0,2478.07,Cash on Delivery
5439,2024-12-15,South,Sports,Cricket Bat,1,3827,10,3444.3,382.99,Card
5440,2024-01-08,South,Home,Table,5,4987,5,23688.25,4010.63,Cash on Delivery
5441,2024-01-13,North,Sports,Football,1,4101,5,3895.95,870.0,Cash on Delivery
5442,2024-05-09,North,Fashion,Jeans,3,549,15,1399.95,261.43,UPI
5443,2024-05-10,South,Books,Comics,2,1931,0,3862.0,772.1,UPI
5444,2024-05-29,East,Sports,Tennis Racket,3,840,5,2394.0,508.92,Card
5445,2024-07-01,South,Books,Biography,1,1773,20,1418.4,413.66,UPI
5446,2024-03-02,East,Fashion,Shirt,2,1206,15,2050.2,562.96,UPI
5447,2024-09-01,West,Fashion,Jacket,2,3037,0,6074.0,1641.24,UPI
5448,2024-05-02,East,Fashion,Jeans,5,819,5,3890.25,1079.47,Cash on Delivery
5449,2024-03-18,South,Electronics,Mobile,3,675,5,1923.75,379.5,Net Banking
5450,2024-06-30,East,Fashion,Jeans,3,687,5,1957.95,384.48,Net Banking
5451,2024-04-07,East,Home,Table,2,4905,10,8829.0,2184.96,UPI
5452,2024-03-06,West,Fashion,Shirt,3,1086,10,2932.2,619.65,Card
5453,2024-12-09,East,Books,Novel,1,3025,0,3025.0,758.64,Cash on Delivery
5454,2024-04-18,North,Books,Dictionary,3,527,10,1422.9,175.85,Card
5455,2024-05-27,South,Sports,Gym Bag,1,786,20,628.8,69.42,Cash on Delivery
5456,2024-05-08,South,Home,Sofa,5,1178,0,5890.0,1144.62,Net Banking
5457,2024-09-28,South,Electronics,Laptop,3,3220,15,8211.0,1687.97,Cash on Delivery
5458,2024-07-26,West,Sports,Tennis Racket,2,4222,10,7599.6,1946.61,Net Banking
5459,2024-05-29,West,Sports,Football,2,2095,15,3561.5,625.72,UPI
5460,2024-04-08,North,Sports,Tennis Racket,2,354,20,566.4,68.61,UPI
5461,2024-01-03,South,Sports,Cricket Bat,3,1387,20,3328.8,784.52,Cash on Delivery
5462,2024-11-07,South,Home,Table,3,1258,15,3207.9,332.48,Net Banking
5463,2024-10-13,West,Home,Sofa,3,1384,15,3529.2,648.48,Cash on Delivery
5464,2024-08-23,North,Electronics,Mobile,4,1908,15,6487.2,1258.36,UPI
5465,2024-07-16,East,Home,Table,5,849,5,4032.75,676.13,Net Banking
5466,2024-05-03,South,Home,Table,5,2103,0,10515.0,1491.43,Cash on Delivery
5467,2024-04-06,South,Books,Comics,4,642,20,2054.4,473.94,Cash on Delivery
5468,2024-06-04,South,Fashion,Jacket,3,547,0,1641.0,191.7,Net Banking
5469,2024-05-21,East,Sports,Tennis Racket,4,1952,15,6636.8,1800.18,UPI
5470,2024-07-18,West,Books,Novel,4,4674,0,18696.0,4124.92,Cash on Delivery
5471,2024-12-05,West,Home,Sofa,2,3453,0,6906.0,1767.65,UPI
5472,2024-10-04,North,Fashion,Shoes,3,4151,5,11830.35,3332.67,Net Banking
5473,2024-06-09,North,Books,Novel,5,465,10,2092.5,548.38,Net Banking
5474,2024-12-04,South,Sports,Tennis Racket,1,4181,5,3971.95,1036.77,Net Banking
5475,2024-04-02,West,Sports,Football,5,1126,15,4785.5,785.08,Net Banking
5476,2024-08-13,South,Fashion,Jacket,3,874,0,2622.0,279.01,Cash on Delivery
5477,2024-12-21,West,Books,Dictionary,1,1491,15,1267.35,209.8,Net Banking
5478,2024-11-28,South,Fashion,Shirt,5,1263,5,5999.25,1619.19,Cash on Delivery
5479,2024-02-21,North,Fashion,Shoes,5,3612,0,18060.0,4111.09,Cash on Delivery
5480,2024-04-19,East,Home,Lamp,2,4110,5,7809.0,877.28,Cash on Delivery
5481,2024-09-09,South,Sports,Gym Bag,1,4638,10,4174.2,724.98,Net Banking
5482,2024-05-18,North,Electronics,Smart Watch,4,2392,10,8611.2,1803.94,UPI
5483,2024-07-29,North,Home,Chair,1,2526,0,2526.0,648.85,Cash on Delivery
5484,2024-08-15,South,Electronics,Mobile,1,717,15,609.45,99.02,UPI
5485,2024-10-14,South,Books,Dictionary,5,3667,20,14668.0,3639.38,Card
5486,2024-10-28,East,Books,Comics,2,4014,5,7626.6,1895.42,Cash on Delivery
5487,2024-11-19,East,Sports,Cricket Bat,1,4235,5,4023.25,1056.06,Net Banking
5488,2024-12-07,West,Home,Lamp,3,4467,15,11390.85,3044.35,Card
5489,2024-06-30,North,Sports,Football,3,1836,20,4406.4,1097.07,Card
5490,2024-07-24,West,Books,Novel,4,4064,0,16256.0,3440.57,Card
5491,2024-06-28,West,Electronics,Laptop,3,2138,0,6414.0,971.32,Card
5492,2024-12-15,North,Sports,Football,3,1290,5,3676.5,1029.7,Net Banking
5493,2024-08-12,West,Sports,Gym Bag,3,1509,15,3847.95,982.31,UPI
5494,2024-06-15,West,Electronics,Mobile,5,4139,0,20695.0,3886.85,Card
5495,2024-12-18,East,Electronics,Smart Watch,2,4056,5,7706.4,1648.35,UPI
5496,2024-08-12,North,Home,Table,4,3635,15,12359.0,2218.78,Card
5497,2024-10-21,East,Electronics,Mobile,3,2319,0,6957.0,1247.07,Card
5498,2024-01-28,East,Electronics,Headphones,4,2534,15,8615.6,1078.86,Net Banking
5499,2024-11-13,West,Home,Sofa,5,1590,0,7950.0,1879.46,Net Banking
5500,2024-07-20,North,Electronics,Smart Watch,3,3174,0,9522.0,2215.05,Card
5501,2024-03-20,East,Electronics,Mobile,1,4160,5,3952.0,469.18,Card
5502,2024-12-01,West,Electronics,Smart Watch,4,3867,15,13147.8,3865.82,Cash on Delivery
5503,2024-12-20,South,Electronics,Headphones,2,2575,5,4892.5,1102.97,UPI
5504,2024-02-07,South,Sports,Tennis Racket,3,2132,5,6076.2,1756.08,Net Banking
5505,2024-06-19,East,Sports,Football,5,855,5,4061.25,1198.88,UPI
5506,2024-10-12,South,Sports,Cricket Bat,1,2131,15,1811.35,462.17,Net Banking
5507,2024-06-10,East,Books,Dictionary,3,3021,10,8156.7,1033.26,UPI
5508,2024-07-05,West,Electronics,Laptop,1,3149,10,2834.1,839.9,UPI
5509,2024-05-28,North,Fashion,Shoes,5,3564,20,14256.0,2830.42,Cash on Delivery
5510,2024-06-11,South,Electronics,Mobile,3,4774,20,11457.6,2140.32,Card
5511,2024-07-15,South,Books,Dictionary,4,2319,10,8348.4,1554.28,UPI
5512,2024-12-21,East,Fashion,Shoes,1,3299,0,3299.0,648.3,Net Banking
5513,2024-02-04,South,Home,Chair,4,4567,10,16441.2,3577.48,Card
5514,2024-12-08,South,Fashion,Jacket,3,2357,10,6363.9,1310.91,UPI
5515,2024-02-15,West,Electronics,Smart Watch,2,1217,5,2312.3,664.98,Net Banking
5516,2024-06-20,West,Sports,Tennis Racket,1,2920,5,2774.0,798.08,Net Banking
5517,2024-01-02,South,Fashion,Jeans,2,2443,15,4153.1,447.81,UPI
5518,2024-01-23,North,Electronics,Headphones,2,3926,0,7852.0,1751.66,Cash on Delivery
5519,2024-03-10,South,Books,Comics,4,2774,20,8876.8,2070.12,UPI
5520,2024-06-14,West,Sports,Football,5,2345,0,11725.0,2879.26,UPI
5521,2024-04-08,East,Books,Novel,5,642,20,2568.0,318.81,UPI
5522,2024-12-21,North,Fashion,Shoes,3,573,20,1375.2,368.24,UPI
5523,2024-10-29,West,Electronics,Headphones,2,3095,20,4952.0,1208.94,Net Banking
5524,2024-10-18,South,Books,Novel,1,2232,0,2232.0,266.6,Net Banking
5525,2024-08-08,North,Home,Sofa,2,915,5,1738.5,491.16,Cash on Delivery
5526,2024-10-16,East,Sports,Gym Bag,2,4442,0,8884.0,1153.2,Cash on Delivery
5527,2024-11-14,West,Books,Biography,2,722,15,1227.4,323.6,Cash on Delivery
5528,2024-01-01,East,Books,Comics,5,913,5,4336.75,770.89,Card
5529,2024-09-10,North,Fashion,Jeans,3,3844,10,10378.8,1904.0,Cash on Delivery
5530,2024-01-12,West,Electronics,Smart Watch,3,4322,20,10372.8,2347.82,Card
5531,2024-05-28,North,Home,Lamp,3,2226,20,5342.4,1143.07,Net Banking
5532,2024-04-07,East,Electronics,Smart Watch,3,623,20,1495.2,264.84,Cash on Delivery
5533,2024-07-16,South,Fashion,Jeans,1,4164,5,3955.8,1181.37,Net Banking
5534,2024-07-04,South,Home,Chair,4,1108,5,4210.4,984.81,Cash on Delivery
5535,2024-12-18,East,Sports,Tennis Racket,5,3551,0,17755.0,3565.15,UPI
5536,2024-11-20,South,Home,Table,3,596,20,1430.4,205.76,Cash on Delivery
5537,2024-10-28,West,Home,Table,5,4645,10,20902.5,4450.55,UPI
5538,2024-04-01,West,Fashion,Shirt,5,3438,10,15471.0,2725.65,Card
5539,2024-10-02,South,Home,Sofa,4,3868,5,14698.4,1878.03,Net Banking
5540,2024-09-29,South,Fashion,Shirt,4,3089,5,11738.2,3300.25,UPI
5541,2024-09-20,East,Fashion,Shoes,4,4895,0,19580.0,2588.47,Card
5542,2024-07-04,West,Electronics,Laptop,4,960,0,3840.0,706.94,Cash on Delivery
5543,2024-12-07,West,Electronics,Mobile,5,2645,10,11902.5,2272.98,Cash on Delivery
5544,2024-04-05,North,Fashion,Shoes,3,2321,20,5570.4,638.62,Card
5545,2024-08-04,West,Fashion,Shirt,4,4139,20,13244.8,3012.26,Net Banking
5546,2024-02-10,West,Sports,Tennis Racket,4,1412,0,5648.0,1369.56,UPI
5547,2024-10-12,North,Electronics,Headphones,5,2187,20,8748.0,1312.76,Net Banking
5548,2024-11-13,North,Fashion,Jacket,1,4774,15,4057.9,786.24,Net Banking
5549,2024-11-11,South,Home,Table,3,1467,5,4180.95,689.44,Card
5550,2024-08-21,East,Fashion,Jeans,2,3249,15,5523.3,1079.13,Card
5551,2024-12-03,East,Sports,Tennis Racket,4,3077,0,12308.0,1636.61,UPI
5552,2024-01-18,South,Books,Comics,1,1117,10,1005.3,206.35,Net Banking
5553,2024-10-04,South,Fashion,Jacket,5,2186,20,8744.0,2320.84,Net Banking
5554,2024-07-07,South,Books,Comics,1,2637,15,2241.45,372.63,Card
5555,2024-12-15,West,Books,Comics,4,758,15,2577.2,554.73,Card
5556,2024-06-07,East,Books,Biography,2,1371,0,2742.0,356.58,Cash on Delivery
5557,2024-11-26,West,Sports,Football,4,2674,15,9091.6,2265.86,Net Banking
5558,2024-11-12,West,Sports,Football,2,3693,0,7386.0,2028.36,Cash on Delivery
5559,2024-03-29,South,Home,Lamp,1,1240,20,992.0,165.73,Net Banking
5560,2024-10-19,North,Fashion,Shoes,1,2600,15,2210.0,315.48,Net Banking
5561,2024-05-29,West,Sports,Cricket Bat,2,4438,20,7100.8,1248.42,Cash on Delivery
5562,2024-03-10,West,Books,Dictionary,5,1003,15,4262.75,898.55,Card
5563,2024-09-15,North,Electronics,Laptop,1,547,0,547.0,135.91,Card
5564,2024-06-14,North,Sports,Gym Bag,4,1792,10,6451.2,755.83,Net Banking
5565,2024-02-20,North,Books,Comics,3,650,20,1560.0,374.18,Net Banking
5566,2024-05-19,North,Electronics,Laptop,3,3192,20,7660.8,1830.37,Card
5567,2024-11-13,West,Fashion,Jeans,3,3528,15,8996.4,1528.62,Card
5568,2024-03-20,North,Home,Table,3,1241,15,3164.55,395.12,Net Banking
5569,2024-06-16,South,Home,Chair,2,2397,5,4554.3,1146.65,Card
5570,2024-05-08,West,Fashion,Jacket,3,3965,15,10110.75,2017.51,Card
5571,2024-01-05,East,Fashion,Jacket,5,4249,10,19120.5,2095.94,UPI
5572,2024-11-18,North,Home,Sofa,3,308,15,785.4,221.87,UPI
5573,2024-07-20,West,Fashion,Shirt,1,588,15,499.8,134.18,Net Banking
5574,2024-05-28,East,Sports,Gym Bag,4,1541,0,6164.0,1182.83,Card
5575,2024-04-21,West,Fashion,Shoes,4,4399,5,16716.2,4288.15,UPI
5576,2024-06-15,South,Fashion,Shoes,4,4992,10,17971.2,4367.46,Cash on Delivery
5577,2024-10-13,West,Books,Dictionary,4,1994,10,7178.4,1764.87,Net Banking
5578,2024-08-24,West,Electronics,Laptop,2,4581,5,8703.9,2006.18,Cash on Delivery
5579,2024-12-02,West,Sports,Tennis Racket,1,1802,15,1531.7,180.18,Card
5580,2024-06-19,North,Sports,Cricket Bat,5,3534,5,16786.5,4568.05,Net Banking
5581,2024-07-20,East,Sports,Tennis Racket,2,613,20,980.8,160.53,Cash on Delivery
5582,2024-01-28,North,Sports,Cricket Bat,1,3526,5,3349.7,596.29,UPI
5583,2024-06-02,West,Home,Chair,3,762,15,1943.1,392.67,UPI
5584,2024-11-19,North,Books,Novel,2,3281,5,6233.9,1712.63,Net Banking
5585,2024-10-24,East,Fashion,Jacket,2,4254,5,8082.6,2045.58,Cash on Delivery
5586,2024-09-21,West,Books,Dictionary,4,4140,0,16560.0,2764.32,Cash on Delivery
5587,2024-11-07,West,Books,Novel,1,1792,20,1433.6,407.12,Net Banking
5588,2024-01-05,East,Books,Novel,3,4798,5,13674.3,4031.06,Net Banking
5589,2024-09-17,South,Electronics,Mobile,2,1159,5,2202.1,652.09,Net Banking
5590,2024-08-10,West,Books,Biography,3,3746,0,11238.0,1475.78,Card
5591,2024-11-07,North,Books,Comics,3,4393,15,11202.15,1307.5,Card
5592,2024-02-13,South,Electronics,Headphones,3,817,20,1960.8,334.59,Net Banking
5593,2024-12-20,East,Sports,Gym Bag,3,4870,20,11688.0,1534.66,Card
5594,2024-08-11,South,Home,Lamp,5,2947,20,11788.0,2334.6,UPI
5595,2024-04-30,South,Fashion,Shirt,2,4780,5,9082.0,2013.21,Card
5596,2024-06-28,West,Home,Table,5,4378,0,21890.0,3828.84,Card
5597,2024-09-12,East,Books,Dictionary,4,1583,15,5382.2,1104.69,Cash on Delivery
5598,2024-09-23,East,Home,Sofa,3,2929,0,8787.0,1678.06,Card
5599,2024-09-26,North,Fashion,Shirt,1,4810,10,4329.0,1061.45,UPI
5600,2024-01-14,West,Books,Novel,3,3602,10,9725.4,2565.22,Cash on Delivery
5601,2024-09-06,North,Home,Chair,3,4639,0,13917.0,1694.74,Net Banking
5602,2024-08-16,East,Books,Dictionary,3,4392,15,11199.6,1297.76,Card
5603,2024-05-04,West,Books,Dictionary,2,3446,10,6202.8,1102.44,Cash on Delivery
5604,2024-04-27,East,Fashion,Jeans,4,3926,10,14133.6,3515.74,Net Banking
5605,2024-06-25,South,Fashion,Jacket,2,3825,5,7267.5,1456.4,UPI
5606,2024-05-05,South,Electronics,Mobile,4,2677,5,10172.6,2135.06,Net Banking
5607,2024-06-12,North,Home,Lamp,3,1648,0,4944.0,1087.96,UPI
5608,2024-03-24,West,Electronics,Headphones,2,3713,0,7426.0,1669.83,Net Banking
5609,2024-07-12,East,Books,Novel,3,4287,15,10931.85,1609.7,Net Banking
5610,2024-09-05,North,Electronics,Headphones,5,4860,0,24300.0,4563.95,Cash on Delivery
5611,2024-09-25,West,Fashion,Jacket,3,1979,20,4749.6,894.08,Cash on Delivery
5612,2024-05-14,East,Sports,Tennis Racket,3,4008,0,12024.0,1790.95,Cash on Delivery
5613,2024-09-02,North,Home,Sofa,4,2291,20,7331.2,1202.51,Cash on Delivery
5614,2024-02-10,West,Home,Sofa,4,2574,5,9781.2,1836.1,Card
5615,2024-11-13,East,Fashion,Jeans,5,4028,15,17119.0,2975.93,UPI
5616,2024-03-05,East,Electronics,Smart Watch,3,4336,20,10406.4,2852.34,Card
5617,2024-06-28,North,Fashion,Shirt,1,2951,20,2360.8,241.89,Cash on Delivery
5618,2024-06-14,South,Electronics,Smart Watch,4,2938,20,9401.6,1625.2,UPI
5619,2024-12-02,South,Books,Novel,3,2781,5,7925.85,1253.0,Card
5620,2024-07-27,South,Sports,Football,2,2219,5,4216.1,1212.33,UPI
5621,2024-06-09,South,Home,Table,3,1895,10,5116.5,1138.45,Net Banking
5622,2024-10-31,West,Books,Novel,2,4426,5,8409.4,2069.11,UPI
5623,2024-12-25,West,Sports,Football,5,4304,10,19368.0,4388.38,Card
5624,2024-08-21,West,Sports,Cricket Bat,4,2327,0,9308.0,2025.4,Net Banking
5625,2024-09-14,West,Fashion,Jeans,4,3674,0,14696.0,3142.65,Net Banking
5626,2024-08-15,North,Home,Lamp,1,2694,10,2424.6,725.42,UPI
5627,2024-11-09,South,Fashion,Jacket,5,522,0,2610.0,269.99,Net Banking
5628,2024-06-25,South,Fashion,Jeans,4,3213,5,12209.4,2316.46,Card
5629,2024-06-28,South,Home,Sofa,1,3024,20,2419.2,389.15,UPI
5630,2024-03-25,North,Sports,Gym Bag,1,4058,15,3449.3,565.33,Net Banking
5631,2024-01-04,North,Home,Lamp,5,4830,15,20527.5,4805.88,Cash on Delivery
5632,2024-06-22,East,Sports,Tennis Racket,2,4810,0,9620.0,1663.43,Net Banking
5633,2024-01-18,South,Books,Dictionary,4,4572,5,17373.6,4761.85,Cash on Delivery
5634,2024-08-17,East,Sports,Football,1,1855,0,1855.0,337.14,Net Banking
5635,2024-10-10,South,Fashion,Shirt,5,1174,10,5283.0,938.39,Card
5636,2024-02-27,South,Sports,Football,4,4565,10,16434.0,2380.94,Card
5637,2024-01-02,East,Home,Table,1,2124,15,1805.4,217.88,Card
5638,2024-10-13,North,Sports,Cricket Bat,5,3347,20,13388.0,1916.49,Net Banking
5639,2024-10-01,West,Home,Table,5,1312,15,5576.0,1051.68,Card
5640,2024-06-28,East,Sports,Gym Bag,4,676,15,2298.4,448.1,Cash on Delivery
5641,2024-06-12,West,Books,Comics,2,2979,10,5362.2,643.98,UPI
5642,2024-12-18,South,Sports,Gym Bag,3,397,10,1071.9,115.57,Cash on Delivery
5643,2024-04-18,North,Books,Novel,5,2922,10,13149.0,2705.01,Card
5644,2024-03-19,East,Home,Sofa,3,4171,5,11887.35,1299.2,UPI
5645,2024-06-04,North,Home,Chair,3,1001,10,2702.7,302.31,Net Banking
5646,2024-08-07,North,Books,Biography,4,3404,0,13616.0,2785.83,UPI
5647,2024-01-09,East,Electronics,Laptop,3,3432,15,8751.6,1031.52,Cash on Delivery
5648,2024-06-20,East,Home,Sofa,1,644,0,644.0,176.67,Cash on Delivery
5649,2024-07-26,North,Books,Comics,5,1428,5,6783.0,1527.79,UPI
5650,2024-11-28,West,Books,Novel,3,2821,20,6770.4,1004.72,Net Banking
5651,2024-09-06,South,Home,Chair,4,2029,20,6492.8,931.76,Cash on Delivery
5652,2024-09-05,East,Fashion,Jeans,3,2964,20,7113.6,2015.0,UPI
5653,2024-05-13,South,Electronics,Mobile,3,829,10,2238.3,613.82,Card
5654,2024-07-01,West,Home,Sofa,2,588,0,1176.0,289.21,Cash on Delivery
5655,2024-06-10,East,Fashion,Shirt,5,4754,15,20204.5,4023.99,Card
5656,2024-10-16,North,Electronics,Headphones,5,3384,0,16920.0,4191.9,UPI
5657,2024-07-22,South,Books,Dictionary,1,4378,0,4378.0,1271.73,UPI
5658,2024-12-13,South,Sports,Football,1,2182,20,1745.6,277.22,UPI
5659,2024-07-28,East,Fashion,Shirt,1,1128,15,958.8,144.28,Cash on Delivery
5660,2024-04-22,East,Sports,Cricket Bat,4,2197,0,8788.0,1150.85,Cash on Delivery
5661,2024-03-29,South,Sports,Football,4,3596,20,11507.2,2302.77,Net Banking
5662,2024-10-11,West,Fashion,Shoes,5,2831,15,12031.75,1877.19,UPI
5663,2024-09-10,North,Electronics,Smart Watch,4,2196,5,8344.8,983.94,Cash on Delivery
5664,2024-05-15,North,Electronics,Smart Watch,3,1713,15,4368.15,1256.13,UPI
5665,2024-02-23,North,Home,Sofa,4,3027,0,12108.0,3264.71,Cash on Delivery
5666,2024-11-02,West,Home,Table,3,2625,10,7087.5,1675.75,Card
5667,2024-04-22,East,Sports,Tennis Racket,3,1007,20,2416.8,627.48,UPI
5668,2024-01-11,East,Sports,Football,5,4445,15,18891.25,5019.37,Card
5669,2024-03-25,South,Books,Biography,4,2319,20,7420.8,1324.13,Cash on Delivery
5670,2024-06-08,West,Home,Table,4,319,15,1084.6,169.48,UPI
5671,2024-06-29,East,Sports,Tennis Racket,1,1695,15,1440.75,343.99,Card
5672,2024-03-14,South,Fashion,Shoes,3,3193,10,8621.1,1526.6,Card
5673,2024-06-25,North,Sports,Cricket Bat,2,4669,10,8404.2,2418.48,Cash on Delivery
5674,2024-06-22,East,Electronics,Laptop,3,1385,10,3739.5,951.88,Net Banking
5675,2024-11-27,West,Electronics,Headphones,5,4423,0,22115.0,4469.68,Cash on Delivery
5676,2024-04-06,North,Books,Biography,4,1580,15,5372.0,614.36,Net Banking
5677,2024-05-07,North,Fashion,Shoes,2,2035,15,3459.5,712.31,UPI
5678,2024-03-05,West,Fashion,Jacket,2,3997,5,7594.3,1129.79,Net Banking
5679,2024-09-16,West,Sports,Gym Bag,4,2687,15,9135.8,2525.3,Cash on Delivery
5680,2024-05-30,East,Books,Novel,4,4702,15,15986.8,3645.52,Net Banking
5681,2024-06-26,East,Books,Biography,3,1888,0,5664.0,794.38,Net Banking
5682,2024-12-17,West,Sports,Cricket Bat,4,4433,10,15958.8,3859.85,UPI
5683,2024-01-17,West,Home,Table,4,3897,20,12470.4,1768.89,Card
5684,2024-06-23,West,Fashion,Shirt,1,1990,0,1990.0,391.5,UPI
5685,2024-02-22,North,Fashion,Shoes,2,4843,20,7748.8,1118.32,Card
5686,2024-03-21,North,Home,Chair,1,3560,15,3026.0,471.78,UPI
5687,2024-09-13,South,Fashion,Jacket,5,777,0,3885.0,1065.5,Card
5688,2024-10-15,South,Books,Comics,1,1203,10,1082.7,168.04,Card
5689,2024-10-23,East,Sports,Football,4,2315,10,8334.0,2182.04,Cash on Delivery
5690,2024-04-30,West,Electronics,Laptop,4,400,20,1280.0,235.58,Card
5691,2024-11-30,North,Sports,Tennis Racket,3,3553,0,10659.0,3092.33,Net Banking
5692,2024-02-23,East,Fashion,Jeans,4,4823,20,15433.6,1950.27,Cash on Delivery
5693,2024-03-05,West,Books,Biography,1,2304,10,2073.6,225.24,Net Banking
5694,2024-11-29,East,Electronics,Laptop,1,933,10,839.7,229.48,Net Banking
5695,2024-11-24,South,Electronics,Smart Watch,5,4588,0,22940.0,2464.54,Net Banking
5696,2024-09-30,West,Home,Table,5,3541,15,15049.25,4312.45,UPI
5697,2024-08-14,North,Fashion,Jacket,4,4864,5,18483.2,2268.67,UPI
5698,2024-04-11,South,Fashion,Jacket,1,4604,15,3913.4,456.11,Cash on Delivery
5699,2024-01-14,South,Books,Novel,5,382,20,1528.0,425.9,Card
5700,2024-11-29,West,Electronics,Headphones,2,3558,0,7116.0,1398.12,Card
5701,2024-02-02,East,Home,Sofa,5,2973,15,12635.25,2839.65,Card
5702,2024-03-19,West,Fashion,Jeans,2,4665,0,9330.0,2593.29,Card
5703,2024-05-11,South,Books,Biography,2,4015,5,7628.5,2233.73,Cash on Delivery
5704,2024-09-07,East,Electronics,Laptop,5,2338,20,9352.0,2214.43,Cash on Delivery
5705,2024-07-03,South,Home,Lamp,1,4444,20,3555.2,641.23,Cash on Delivery
5706,2024-05-18,West,Books,Comics,5,726,0,3630.0,708.25,Card
5707,2024-07-03,West,Sports,Cricket Bat,4,4586,5,17426.8,3408.82,Cash on Delivery
5708,2024-01-20,East,Home,Chair,3,4757,5,13557.45,2819.03,Cash on Delivery
5709,2024-02-18,West,Electronics,Smart Watch,1,744,5,706.8,87.02,Card
5710,2024-05-01,East,Electronics,Mobile,5,4398,0,21990.0,3442.55,Card
5711,2024-02-12,West,Electronics,Headphones,5,3744,10,16848.0,1746.76,UPI
5712,2024-08-10,North,Home,Sofa,1,1937,5,1840.15,304.32,UPI
5713,2024-05-21,West,Fashion,Jeans,1,4945,5,4697.75,542.37,Net Banking
5714,2024-01-27,West,Fashion,Jacket,2,2193,0,4386.0,771.18,Cash on Delivery
5715,2024-03-02,South,Books,Biography,1,363,0,363.0,70.81,Net Banking
5716,2024-11-05,East,Books,Comics,4,2348,0,9392.0,1567.43,UPI
5717,2024-01-03,North,Books,Comics,5,902,20,3608.0,1007.34,UPI
5718,2024-07-05,West,Home,Sofa,2,3233,5,6142.7,1600.26,Card
5719,2024-02-26,North,Books,Comics,4,3840,5,14592.0,2514.23,Cash on Delivery
5720,2024-01-28,South,Fashion,Shirt,2,4619,15,7852.3,1537.38,UPI
5721,2024-04-08,East,Sports,Gym Bag,4,477,5,1812.6,288.15,Card
5722,2024-07-07,West,Home,Sofa,4,2655,0,10620.0,2472.96,UPI
5723,2024-12-15,West,Sports,Football,3,1869,5,5326.65,669.57,Net Banking
5724,2024-09-24,East,Books,Dictionary,2,3525,0,7050.0,1150.43,Net Banking
5725,2024-06-11,West,Books,Novel,5,2342,0,11710.0,2288.96,UPI
5726,2024-12-25,North,Electronics,Laptop,3,1631,10,4403.7,542.54,Cash on Delivery
5727,2024-08-15,East,Books,Comics,3,3711,15,9463.05,1356.69,Card
5728,2024-11-01,East,Electronics,Smart Watch,1,4997,0,4997.0,1181.68,Net Banking
5729,2024-04-08,East,Home,Lamp,1,4746,10,4271.4,833.42,UPI
5730,2024-08-24,North,Home,Chair,1,4338,15,3687.3,1019.86,UPI
5731,2024-08-19,North,Electronics,Smart Watch,2,601,0,1202.0,145.09,Card
5732,2024-06-11,North,Fashion,Jeans,5,1019,15,4330.75,573.68,Card
5733,2024-12-06,East,Sports,Gym Bag,4,2426,0,9704.0,1029.89,UPI
5734,2024-05-28,South,Home,Lamp,4,768,15,2611.2,549.9,Card
5735,2024-06-04,West,Electronics,Laptop,3,1985,10,5359.5,1353.06,Card
5736,2024-03-14,East,Electronics,Laptop,4,2897,10,10429.2,2417.23,Net Banking
5737,2024-03-05,South,Home,Table,2,811,15,1378.7,384.53,Cash on Delivery
5738,2024-02-20,West,Electronics,Laptop,5,2443,15,10382.75,1152.1,Cash on Delivery
5739,2024-09-10,South,Home,Table,3,3761,15,9590.55,1570.17,UPI
5740,2024-05-18,East,Home,Sofa,3,1842,5,5249.7,628.44,Net Banking
5741,2024-02-22,North,Books,Comics,4,576,10,2073.6,475.09,Cash on Delivery
5742,2024-11-19,West,Electronics,Mobile,1,2133,10,1919.7,437.99,Card
5743,2024-08-19,West,Electronics,Laptop,5,672,15,2856.0,591.49,Cash on Delivery
5744,2024-02-24,North,Sports,Football,5,4616,5,21926.0,6507.31,Cash on Delivery
5745,2024-12-25,East,Home,Lamp,4,2810,15,9554.0,1414.84,Cash on Delivery
5746,2024-12-06,West,Fashion,Shoes,2,3839,20,6142.4,1201.23,UPI
5747,2024-06-12,South,Sports,Tennis Racket,3,2277,0,6831.0,1592.66,Net Banking
5748,2024-09-22,North,Electronics,Headphones,5,2055,15,8733.75,905.76,UPI
5749,2024-06-16,West,Home,Sofa,3,446,20,1070.4,183.78,UPI
5750,2024-08-16,East,Home,Chair,4,4973,5,18897.4,3787.76,Cash on Delivery
5751,2024-05-27,West,Fashion,Jacket,5,706,15,3000.5,867.94,Card
5752,2024-03-31,North,Electronics,Smart Watch,1,3137,10,2823.3,302.23,Net Banking
5753,2024-03-17,North,Sports,Football,4,4414,5,16773.2,1975.98,UPI
5754,2024-04-17,East,Electronics,Smart Watch,5,1443,20,5772.0,748.65,Card
5755,2024-01-02,South,Fashion,Shirt,3,3496,15,8914.8,1780.05,Cash on Delivery
5756,2024-05-13,West,Fashion,Shoes,1,3778,5,3589.1,853.54,UPI
5757,2024-06-10,East,Electronics,Mobile,2,4369,15,7427.3,1022.93,Card
5758,2024-03-18,West,Sports,Cricket Bat,3,1773,0,5319.0,1251.28,Cash on Delivery
5759,2024-05-13,South,Electronics,Headphones,1,3898,20,3118.4,460.56,Net Banking
5760,2024-10-17,West,Electronics,Headphones,1,2655,5,2522.25,424.94,Cash on Delivery
5761,2024-09-10,South,Fashion,Shoes,1,3283,10,2954.7,702.68,Net Banking
5762,2024-08-20,West,Books,Biography,3,1792,15,4569.6,649.67,Cash on Delivery
5763,2024-05-02,North,Fashion,Jeans,4,885,5,3363.0,728.42,UPI
5764,2024-08-31,North,Home,Chair,1,2260,5,2147.0,236.48,UPI
5765,2024-09-25,East,Home,Table,1,1759,10,1583.1,286.54,Cash on Delivery
5766,2024-01-18,South,Home,Chair,2,1442,5,2739.8,373.36,Card
5767,2024-04-16,South,Books,Dictionary,5,2935,15,12473.75,1395.15,Cash on Delivery
5768,2024-09-22,South,Books,Novel,4,397,20,1270.4,374.75,Net Banking
5769,2024-03-12,South,Fashion,Jacket,1,2144,0,2144.0,396.32,Card
5770,2024-11-15,North,Sports,Football,5,2013,15,8555.25,971.2,UPI
5771,2024-10-03,West,Fashion,Shirt,5,2770,10,12465.0,3027.42,Card
5772,2024-04-24,West,Electronics,Mobile,3,3885,5,11072.25,2311.29,UPI
5773,2024-06-09,North,Fashion,Jacket,3,2483,15,6331.65,847.24,Cash on Delivery
5774,2024-07-01,West,Home,Chair,4,424,0,1696.0,278.44,Card
5775,2024-12-07,South,Home,Table,3,4820,0,14460.0,3375.36,UPI
5776,2024-09-30,South,Books,Biography,5,2937,0,14685.0,3835.64,Card
5777,2024-06-30,West,Home,Sofa,5,4832,5,22952.0,6709.0,Net Banking
5778,2024-04-20,North,Fashion,Jacket,3,3791,10,10235.7,1228.93,Card
5779,2024-02-01,North,Electronics,Smart Watch,4,3666,15,12464.4,2944.25,Net Banking
5780,2024-08-08,South,Sports,Cricket Bat,1,1118,20,894.4,230.53,UPI
5781,2024-04-15,East,Electronics,Laptop,3,2104,0,6312.0,1382.29,Net Banking
5782,2024-08-26,East,Electronics,Mobile,1,2187,15,1858.95,369.15,UPI
5783,2024-01-27,West,Electronics,Mobile,5,2030,0,10150.0,1855.76,Card
5784,2024-07-19,East,Electronics,Headphones,5,1361,0,6805.0,1329.45,UPI
5785,2024-09-01,West,Fashion,Shoes,3,1340,10,3618.0,674.11,Cash on Delivery
5786,2024-10-21,East,Fashion,Jeans,3,796,15,2029.8,586.62,Card
5787,2024-03-07,East,Books,Novel,2,3450,15,5865.0,1318.77,UPI
5788,2024-04-29,South,Electronics,Smart Watch,1,3131,15,2661.35,558.21,UPI
5789,2024-10-03,North,Home,Lamp,5,1108,20,4432.0,979.02,Net Banking
5790,2024-08-16,East,Home,Lamp,4,2975,15,10115.0,3032.27,UPI
5791,2024-02-13,South,Home,Lamp,1,2877,10,2589.3,287.69,Cash on Delivery
5792,2024-01-25,West,Home,Lamp,4,2598,0,10392.0,2211.37,Card
5793,2024-02-06,West,Electronics,Smart Watch,3,2288,0,6864.0,1955.9,UPI
5794,2024-07-17,North,Fashion,Shoes,3,572,10,1544.4,382.31,UPI
5795,2024-01-03,North,Sports,Football,3,2526,15,6441.3,1107.07,Cash on Delivery
5796,2024-05-10,North,Electronics,Laptop,3,606,0,1818.0,288.29,Net Banking
5797,2024-06-28,West,Home,Lamp,4,4628,5,17586.4,2798.67,Net Banking
5798,2024-05-24,West,Fashion,Shoes,1,2610,20,2088.0,451.41,Card
5799,2024-09-28,South,Sports,Gym Bag,3,3933,15,10029.15,1124.31,Card
5800,2024-07-15,East,Electronics,Smart Watch,1,1030,20,824.0,100.87,UPI
5801,2024-11-04,East,Home,Table,1,4861,0,4861.0,844.0,Cash on Delivery
5802,2024-09-11,South,Electronics,Headphones,1,3070,0,3070.0,576.66,UPI
5803,2024-04-06,West,Home,Chair,3,4240,15,10812.0,2933.85,Net Banking
5804,2024-08-29,South,Electronics,Laptop,2,2327,0,4654.0,1008.93,Net Banking
5805,2024-05-29,East,Electronics,Mobile,3,3378,0,10134.0,1851.07,Cash on Delivery
5806,2024-05-08,West,Home,Sofa,3,3293,20,7903.2,1749.67,Card
5807,2024-08-15,South,Home,Chair,2,4465,0,8930.0,2441.12,Card
5808,2024-10-21,East,Fashion,Shoes,4,1587,20,5078.4,972.57,Cash on Delivery
5809,2024-07-15,East,Electronics,Headphones,5,2804,0,14020.0,3894.95,Cash on Delivery
5810,2024-10-13,West,Home,Lamp,2,1567,10,2820.6,598.16,Net Banking
5811,2024-10-19,South,Electronics,Smart Watch,4,3554,15,12083.6,2218.7,Cash on Delivery
5812,2024-06-28,West,Sports,Cricket Bat,5,670,10,3015.0,451.18,Card
5813,2024-06-05,West,Electronics,Laptop,1,3768,5,3579.6,964.12,Net Banking
5814,2024-10-28,West,Sports,Gym Bag,4,3782,15,12858.8,3223.83,UPI
5815,2024-02-27,East,Electronics,Mobile,2,3417,10,6150.6,770.28,Card
5816,2024-06-12,West,Sports,Gym Bag,1,4649,10,4184.1,770.26,Net Banking
5817,2024-09-05,North,Books,Novel,3,3872,5,11035.2,2861.44,Net Banking
5818,2024-05-19,East,Electronics,Headphones,4,4211,15,14317.4,4056.7,UPI
5819,2024-12-22,West,Electronics,Headphones,4,753,5,2861.4,840.83,UPI
5820,2024-08-22,East,Electronics,Headphones,3,2397,20,5752.8,899.94,Cash on Delivery
5821,2024-10-08,East,Home,Table,4,2073,15,7048.2,1068.98,Cash on Delivery
5822,2024-04-17,East,Home,Lamp,3,4178,15,10653.9,3073.08,Net Banking
5823,2024-04-20,East,Fashion,Shoes,2,326,10,586.8,61.78,Cash on Delivery
5824,2024-08-31,South,Electronics,Smart Watch,4,4151,5,15773.8,3243.01,Card
5825,2024-11-26,West,Sports,Tennis Racket,1,4849,20,3879.2,1156.76,Card
5826,2024-11-21,North,Sports,Gym Bag,2,3656,15,6215.2,1629.57,UPI
5827,2024-04-10,West,Fashion,Jacket,3,2464,20,5913.6,795.35,Cash on Delivery
5828,2024-09-01,North,Home,Chair,4,3561,0,14244.0,2656.08,Card
5829,2024-10-15,East,Sports,Gym Bag,2,2578,15,4382.6,531.32,Cash on Delivery
5830,2024-03-29,West,Electronics,Laptop,2,3808,20,6092.8,1015.88,Net Banking
5831,2024-08-06,East,Home,Table,1,1111,15,944.35,208.97,Cash on Delivery
5832,2024-12-08,North,Books,Dictionary,4,4474,5,17001.2,2407.91,Net Banking
5833,2024-03-13,North,Electronics,Laptop,2,2067,10,3720.6,985.83,UPI
5834,2024-05-22,East,Fashion,Jacket,2,1756,15,2985.2,641.35,Card
5835,2024-11-08,North,Books,Comics,5,330,0,1650.0,394.91,Cash on Delivery
5836,2024-01-21,North,Books,Novel,2,4988,10,8978.4,1652.98,Cash on Delivery
5837,2024-05-14,North,Fashion,Shirt,5,1575,20,6300.0,1212.31,UPI
5838,2024-04-28,East,Sports,Tennis Racket,1,972,5,923.4,97.42,Card
5839,2024-03-19,East,Books,Novel,5,3452,15,14671.0,3462.29,Cash on Delivery
5840,2024-03-22,South,Fashion,Shoes,5,2002,15,8508.5,1458.78,Cash on Delivery
5841,2024-01-28,West,Books,Comics,2,4183,15,7111.1,1054.32,Cash on Delivery
5842,2024-08-20,South,Fashion,Shirt,4,4190,5,15922.0,3769.64,UPI
5843,2024-06-29,North,Books,Biography,4,1597,10,5749.2,628.48,Cash on Delivery
5844,2024-12-11,West,Fashion,Jeans,4,1493,10,5374.8,1464.0,Cash on Delivery
5845,2024-10-28,West,Books,Biography,2,3532,20,5651.2,1377.42,Net Banking
5846,2024-09-02,North,Fashion,Shoes,2,4613,15,7842.1,1478.15,Net Banking
5847,2024-07-13,West,Home,Sofa,5,983,0,4915.0,781.06,Net Banking
5848,2024-09-05,West,Fashion,Jacket,3,1796,10,4849.2,582.23,Cash on Delivery
5849,2024-12-26,North,Fashion,Shirt,2,449,10,808.2,84.08,UPI
5850,2024-05-07,North,Electronics,Smart Watch,5,865,5,4108.75,899.93,Cash on Delivery
5851,2024-05-29,North,Fashion,Jacket,2,3759,10,6766.2,1269.07,UPI
5852,2024-07-08,South,Books,Dictionary,3,2903,0,8709.0,1008.41,Card
5853,2024-07-21,North,Fashion,Shirt,1,1232,10,1108.8,224.23,Cash on Delivery
5854,2024-12-06,North,Sports,Cricket Bat,2,4208,0,8416.0,2010.42,UPI
5855,2024-09-12,South,Sports,Tennis Racket,1,3994,10,3594.6,657.71,UPI
5856,2024-10-31,South,Fashion,Shirt,1,3947,5,3749.65,714.79,Card
5857,2024-03-21,North,Sports,Football,1,1100,10,990.0,211.0,Net Banking
5858,2024-09-25,South,Electronics,Mobile,3,427,0,1281.0,234.66,Card
5859,2024-02-13,East,Sports,Tennis Racket,5,3792,15,16116.0,1782.44,Cash on Delivery
5860,2024-02-02,East,Home,Table,5,639,10,2875.5,764.12,UPI
5861,2024-05-04,North,Books,Novel,3,3076,0,9228.0,1075.81,Cash on Delivery
5862,2024-09-03,East,Electronics,Laptop,5,3629,0,18145.0,4828.49,Card
5863,2024-06-16,East,Sports,Cricket Bat,4,4270,20,13664.0,2560.69,UPI
5864,2024-03-27,West,Home,Lamp,2,2895,15,4921.5,836.59,Cash on Delivery
5865,2024-12-05,West,Fashion,Shoes,3,766,15,1953.3,426.08,Cash on Delivery
5866,2024-09-12,North,Books,Dictionary,4,3064,10,11030.4,3043.97,Card
5867,2024-07-14,North,Sports,Football,3,4901,20,11762.4,3122.53,UPI
5868,2024-06-30,North,Electronics,Headphones,1,4949,15,4206.65,985.34,Cash on Delivery
5869,2024-01-24,South,Sports,Football,4,4329,20,13852.8,2442.02,Cash on Delivery
5870,2024-03-15,East,Home,Lamp,1,2749,10,2474.1,616.84,Cash on Delivery
5871,2024-02-03,North,Sports,Gym Bag,5,4713,0,23565.0,5655.49,UPI
5872,2024-07-29,South,Home,Chair,4,4492,15,15272.8,4519.07,Card
5873,2024-10-15,West,Books,Comics,1,2702,5,2566.9,387.49,Net Banking
5874,2024-08-12,East,Books,Novel,2,345,15,586.5,173.12,UPI
5875,2024-10-22,West,Electronics,Laptop,5,937,10,4216.5,607.14,Cash on Delivery
5876,2024-12-15,South,Sports,Cricket Bat,5,4129,15,17548.25,3197.7,UPI
5877,2024-09-10,East,Electronics,Headphones,1,4060,0,4060.0,667.83,UPI
5878,2024-01-03,North,Sports,Football,4,3149,0,12596.0,3049.14,UPI
5879,2024-08-21,East,Sports,Gym Bag,2,4452,10,8013.6,2362.28,Cash on Delivery
5880,2024-03-08,West,Sports,Football,4,4250,0,17000.0,3173.79,Net Banking
5881,2024-05-12,South,Electronics,Mobile,5,2205,10,9922.5,2155.55,UPI
5882,2024-07-05,South,Fashion,Shirt,1,3268,5,3104.6,591.41,Card
5883,2024-12-18,South,Books,Dictionary,2,3763,15,6397.1,1806.02,Cash on Delivery
5884,2024-05-26,South,Electronics,Laptop,1,3128,20,2502.4,542.52,Cash on Delivery
5885,2024-03-07,North,Sports,Gym Bag,1,1744,5,1656.8,279.09,Net Banking
5886,2024-07-02,West,Electronics,Mobile,1,419,20,335.2,69.7,Card
5887,2024-05-03,North,Sports,Football,4,1679,0,6716.0,1659.15,Net Banking
5888,2024-06-11,South,Sports,Football,3,3061,20,7346.4,1251.45,UPI
5889,2024-10-20,West,Electronics,Smart Watch,4,929,15,3158.6,761.4,Card
5890,2024-05-04,West,Sports,Tennis Racket,2,3460,0,6920.0,875.73,Cash on Delivery
5891,2024-05-21,South,Sports,Gym Bag,2,796,20,1273.6,165.1,Cash on Delivery
5892,2024-04-14,North,Home,Chair,4,2497,0,9988.0,2222.39,Net Banking
5893,2024-01-27,North,Books,Dictionary,5,1939,10,8725.5,2429.24,UPI
5894,2024-12-30,West,Electronics,Smart Watch,3,4722,10,12749.4,2588.83,Card
5895,2024-11-28,North,Books,Biography,1,2566,15,2181.1,245.15,Cash on Delivery
5896,2024-08-28,West,Sports,Football,1,3444,10,3099.6,660.36,Card
5897,2024-10-10,East,Home,Chair,3,4129,20,9909.6,2928.34,Cash on Delivery
5898,2024-03-22,East,Fashion,Shirt,4,420,5,1596.0,315.55,UPI
5899,2024-06-13,East,Sports,Gym Bag,3,1230,5,3505.5,353.62,UPI
5900,2024-10-04,East,Electronics,Laptop,4,2990,10,10764.0,2114.47,UPI
5901,2024-09-13,West,Home,Table,3,499,15,1272.45,167.94,Card
5902,2024-07-08,West,Home,Chair,2,3121,10,5617.8,813.12,UPI
5903,2024-03-21,North,Fashion,Shoes,3,3329,0,9987.0,1232.53,Cash on Delivery
5904,2024-01-07,North,Home,Sofa,1,3885,20,3108.0,627.91,Cash on Delivery
5905,2024-09-19,South,Home,Chair,5,1286,20,5144.0,1167.79,UPI
5906,2024-09-09,North,Electronics,Headphones,3,1134,5,3231.9,337.45,UPI
5907,2024-04-20,East,Home,Chair,3,854,10,2305.8,427.87,Card
5908,2024-08-17,West,Fashion,Jacket,5,1491,15,6336.75,1345.62,Cash on Delivery
5909,2024-04-14,South,Fashion,Jacket,1,4947,5,4699.65,1103.84,Card
5910,2024-08-12,West,Books,Novel,1,3306,15,2810.1,392.68,UPI
5911,2024-11-11,East,Electronics,Mobile,1,1967,15,1671.95,235.81,Cash on Delivery
5912,2024-07-18,East,Electronics,Mobile,5,869,20,3476.0,501.81,Net Banking
5913,2024-12-13,South,Books,Comics,4,2736,5,10396.8,3052.34,Cash on Delivery
5914,2024-07-07,East,Fashion,Shirt,3,2593,10,7001.1,2033.58,UPI
5915,2024-09-30,North,Electronics,Headphones,3,3425,5,9761.25,2517.96,UPI
5916,2024-05-23,West,Sports,Gym Bag,2,2264,0,4528.0,569.38,UPI
5917,2024-02-23,South,Fashion,Jeans,2,4544,20,7270.4,1645.08,Card
5918,2024-09-10,North,Books,Dictionary,2,2957,0,5914.0,1313.6,Card
5919,2024-07-13,North,Electronics,Headphones,1,2842,5,2699.9,688.36,Net Banking
5920,2024-08-25,West,Sports,Tennis Racket,1,4393,5,4173.35,741.77,Card
5921,2024-04-15,West,Home,Sofa,4,1959,15,6660.6,1336.74,Cash on Delivery
5922,2024-10-15,North,Sports,Cricket Bat,5,4607,5,21883.25,3069.11,UPI
5923,2024-01-26,North,Sports,Football,5,4740,5,22515.0,3578.11,Net Banking
5924,2024-04-06,North,Sports,Tennis Racket,5,3545,5,16838.75,2035.17,Net Banking
5925,2024-01-06,South,Sports,Gym Bag,5,857,15,3642.25,760.82,Net Banking
5926,2024-09-06,West,Electronics,Smart Watch,5,4589,0,22945.0,6310.99,Card
5927,2024-07-12,East,Books,Novel,2,3326,5,6319.4,1319.87,Cash on Delivery
5928,2024-11-19,West,Home,Chair,5,915,15,3888.75,853.02,Card
5929,2024-10-12,West,Home,Chair,5,3927,0,19635.0,2815.44,UPI
5930,2024-05-12,East,Electronics,Mobile,5,335,20,1340.0,280.35,Cash on Delivery
5931,2024-06-11,North,Home,Sofa,3,4674,5,13320.9,1844.67,Net Banking
5932,2024-02-05,West,Books,Dictionary,2,3469,0,6938.0,947.45,Card
5933,2024-11-21,West,Books,Novel,4,3699,10,13316.4,1481.08,Net Banking
5934,2024-08-15,North,Home,Table,5,4385,20,17540.0,1784.22,Card
5935,2024-01-12,East,Books,Biography,2,3894,0,7788.0,976.18,Net Banking
5936,2024-04-30,East,Home,Chair,3,4286,20,10286.4,2984.0,UPI
5937,2024-07-17,North,Sports,Cricket Bat,3,1668,0,5004.0,1341.8,Cash on Delivery
5938,2024-09-11,West,Fashion,Shoes,5,2557,10,11506.5,1717.35,UPI
5939,2024-07-28,West,Books,Biography,2,619,10,1114.2,256.11,Net Banking
5940,2024-09-23,North,Sports,Cricket Bat,5,2830,0,14150.0,4023.09,Net Banking
5941,2024-07-27,East,Home,Sofa,1,1241,10,1116.9,210.47,Cash on Delivery
5942,2024-06-24,North,Sports,Cricket Bat,5,4279,20,17116.0,3978.46,Net Banking
5943,2024-07-24,East,Fashion,Shoes,3,1526,10,4120.2,687.33,Net Banking
5944,2024-08-29,South,Sports,Cricket Bat,5,749,15,3183.25,421.47,Net Banking
5945,2024-02-23,North,Books,Comics,4,492,0,1968.0,320.56,Cash on Delivery
5946,2024-05-01,West,Fashion,Jeans,2,4863,15,8267.1,1936.02,Card
5947,2024-11-27,South,Books,Biography,5,4598,15,19541.5,2492.82,Cash on Delivery
5948,2024-01-31,West,Home,Sofa,2,4912,15,8350.4,2327.16,UPI
5949,2024-10-13,West,Fashion,Shoes,3,4373,10,11807.1,2695.38,UPI
5950,2024-09-03,West,Home,Table,1,2801,20,2240.8,296.2,Card
5951,2024-08-07,North,Fashion,Shoes,4,557,0,2228.0,547.97,Card
5952,2024-10-17,West,Sports,Tennis Racket,1,3854,0,3854.0,604.88,UPI
5953,2024-06-07,North,Electronics,Laptop,5,1171,15,4976.75,888.08,Cash on Delivery
5954,2024-07-23,South,Home,Lamp,1,747,0,747.0,145.6,Cash on Delivery
5955,2024-06-23,East,Fashion,Jacket,2,334,10,601.2,81.87,Card
5956,2024-07-22,South,Books,Dictionary,1,4388,5,4168.6,548.46,Net Banking
5957,2024-02-03,North,Home,Sofa,1,3965,0,3965.0,893.87,Net Banking
5958,2024-01-18,North,Electronics,Smart Watch,2,2371,0,4742.0,1080.54,Cash on Delivery
5959,2024-05-05,East,Electronics,Smart Watch,2,1509,15,2565.3,766.48,Cash on Delivery
5960,2024-02-01,West,Home,Lamp,3,1448,15,3692.4,866.76,Cash on Delivery
5961,2024-01-08,East,Home,Table,4,4316,10,15537.6,1800.91,Net Banking
5962,2024-07-02,East,Fashion,Shoes,2,4800,20,7680.0,1875.73,Cash on Delivery
5963,2024-12-10,East,Books,Dictionary,5,1834,0,9170.0,1394.44,UPI
5964,2024-07-23,South,Home,Lamp,5,1649,5,7832.75,861.19,UPI
5965,2024-12-26,North,Home,Table,2,1396,20,2233.6,652.01,Net Banking
5966,2024-06-25,East,Home,Lamp,2,2166,5,4115.4,899.74,Cash on Delivery
5967,2024-08-20,West,Sports,Gym Bag,3,740,10,1998.0,598.25,Net Banking
5968,2024-12-04,West,Fashion,Shoes,3,4238,5,12078.3,3109.19,Card
5969,2024-10-13,North,Home,Chair,4,3991,0,15964.0,1665.95,Net Banking
5970,2024-02-03,South,Home,Lamp,5,4460,5,21185.0,4571.47,Card
5971,2024-09-16,South,Sports,Tennis Racket,1,1354,20,1083.2,135.76,Cash on Delivery
5972,2024-06-24,North,Home,Sofa,2,2628,20,4204.8,918.45,UPI
5973,2024-07-12,North,Home,Sofa,3,4631,10,12503.7,1822.03,Cash on Delivery
5974,2024-01-29,South,Home,Chair,2,2649,5,5033.1,1428.52,Cash on Delivery
5975,2024-10-29,North,Sports,Football,4,2073,0,8292.0,2388.08,Card
5976,2024-06-15,South,Home,Lamp,3,3984,20,9561.6,2389.48,Cash on Delivery
5977,2024-11-22,West,Books,Novel,2,1311,5,2490.9,509.66,UPI
5978,2024-06-12,South,Electronics,Laptop,4,2827,5,10742.6,1277.64,UPI
5979,2024-11-21,West,Home,Lamp,5,4438,20,17752.0,2547.09,Net Banking
5980,2024-11-26,West,Sports,Football,1,3330,0,3330.0,628.67,Cash on Delivery
5981,2024-05-10,South,Electronics,Smart Watch,4,2080,5,7904.0,1491.93,Card
5982,2024-11-06,West,Fashion,Jeans,3,4011,5,11431.35,1150.72,Net Banking
5983,2024-08-13,East,Books,Novel,4,628,15,2135.2,432.77,Card
5984,2024-04-09,West,Books,Dictionary,3,1635,5,4659.75,1044.08,Net Banking
5985,2024-09-16,East,Sports,Football,3,2570,10,6939.0,843.27,Card
5986,2024-02-21,South,Home,Sofa,5,1656,15,7038.0,1841.95,UPI
5987,2024-08-16,North,Sports,Tennis Racket,3,2869,5,8176.65,1605.36,Cash on Delivery
5988,2024-02-06,North,Books,Dictionary,3,3015,5,8592.75,1191.07,Card
5989,2024-02-02,North,Sports,Cricket Bat,2,2747,15,4669.9,774.71,Net Banking
5990,2024-02-27,North,Books,Dictionary,4,3408,10,12268.8,2773.85,Card
5991,2024-09-24,North,Electronics,Laptop,2,4385,20,7016.0,1296.77,Cash on Delivery
5992,2024-09-19,North,Sports,Football,3,1288,5,3670.8,1058.88,Card
5993,2024-07-15,South,Electronics,Smart Watch,1,322,10,289.8,81.16,Net Banking
5994,2024-12-28,South,Books,Biography,5,4131,20,16524.0,4649.4,Card
5995,2024-06-11,West,Sports,Tennis Racket,2,1766,15,3002.2,847.12,Net Banking
5996,2024-10-02,North,Fashion,Shirt,3,1639,10,4425.3,1114.87,Card
5997,2024-06-07,North,Sports,Cricket Bat,4,2963,15,10074.2,2221.55,UPI
5998,2024-12-13,East,Home,Lamp,1,4924,15,4185.4,970.81,Cash on Delivery
5999,2024-09-09,South,Books,Dictionary,3,1958,20,4699.2,731.15,Card
6000,2024-11-27,East,Sports,Football,4,2172,15,7384.8,1518.23,UPI
